id,title_x,description_x,publishedat_x,tags_x,categoryid_x,defaultlanguage_x,defaultaudiolanguage_x,thumbnail_default_x,thumbnail_high_x,duration_x,viewcount_x,likecount_x,commentcount_x,privacystatus_x,channel_id_x,channel_title_x,channel_description_x,channel_country_x,channel_thumbnail_x,channel_subscribercount_x,channel_videocount_x,transcript_x,title_y,description_y,publishedat_y,tags_y,categoryid_y,defaultlanguage_y,defaultaudiolanguage_y,thumbnail_default_y,thumbnail_high_y,duration_y,viewcount_y,likecount_y,commentcount_y,privacystatus_y,channel_id_y,channel_title_y,channel_description_y,channel_country_y,channel_thumbnail_y,channel_subscribercount_y,channel_videocount_y,is_transcript_available,transcript_y,duration_seconds,title,transcript
y4Ht2-Bir_M,Worst Flying Cars Ever Built (And Their Horrible Ends),"Flying cars sound futuristic and exciting, but some of the worst ones ever built ended in disaster because designers pushed wild ideas way past what engineering—and common sense—could handle. A few early inventors strapped wings onto regular cars, only to watch them crash, stall, or fall apart mid-air during their very first tests. Others tried bizarre hybrid designs that couldn’t decide if they wanted to be airplanes or automobiles, creating machines that failed at both and terrified anyone brave enough to try them. Even companies with big budgets learned the hard way that mixing road safety with flight physics can lead to fiery landings, snapped wings, and spectacularly bad prototypes.

Credit:
CBCNL / YouTube https://www.youtube.com/@CBCNL
flyhighsometimes / Reddit https://www.reddit.com/r/aviation/comments/11hfng6/when_a_ford_pinto_and_a_cessna_skymaster_had_a/
Beneficial-Cucumber1 / Reddit https://www.reddit.com/r/AbandonedPorn/comments/m0nyzm/raccoon_in_an_abandoned_ford_pinto/
Hot Rod Hoarder / YouTube https://www.youtube.com/watch?v=4AYdMUmRSZE
Animation is created by Bright Side.

----------------------------------------------------------------------------------------
Music from TheSoul Sound: https://thesoul-sound.com/
 
Check our Bright Side podcast on Spotify and leave a positive review! https://open.spotify.com/show/0hUkPxD34jRLrMrJux4VxV
 
Subscribe to Bright Side: https://goo.gl/rQTJZz
----------------------------------------------------------------------------------------
Our Social Media:
Facebook: https://www.facebook.com/brightside
Instagram: https://www.instagram.com/brightside.official
TikTok: https://www.tiktok.com/@brightside.official?lang=en
Telegram: https://t.me/bright_side_official
 
Stock materials (photos, footages and other):
https://www.depositphotos.com
https://www.shutterstock.com
https://www.eastnews.ru
----------------------------------------------------------------------------------------
 For more videos and articles visit:
http://www.brightside.me
 ----------------------------------------------------------------------------------------
This video is made for entertainment purposes. We do not make any warranties about the completeness, safety and reliability. Any action you take upon the information in this video is strictly at your own risk, and we will not be liable for any damages or losses. It is the viewer's responsibility to use judgement, care and precaution if you plan to replicate.",2025-12-10T00:01:12Z,"['aviation fails', 'bizarre aircraft designs', 'brightside', 'dangerous prototype vehicles', 'disastrous engineering attempts', 'engineering gone wrong', 'failed flying car designs', 'failed inventions history', 'flying car crashes', 'flying car disasters', 'flying car documentary', 'flying car failures', 'flying car history', 'horrible flying car prototypes', 'invention fails video', 'mystery', 'strange vehicle ideas', 'transportation fails', 'weird vehicle inventions', 'worst flying cars']",24,en-US,en-US,https://i.ytimg.com/vi/y4Ht2-Bir_M/default.jpg,https://i.ytimg.com/vi/y4Ht2-Bir_M/hqdefault.jpg,PT8M42S,2878,57,4,public,UC4rlAVgAK0SGk-yTfe48Qpw,BRIGHT SIDE,"Whether you’re into recent discoveries, space exploration, true stories, fitness, fun tests, and riddles, or useful tips for self-improvement, psychology, gadgets, or just your day-to-day routine, there’s something for everyone!

You can expect all that and more coming at you in 3 top-quality videos every single day. If you’ve got a thirst for knowledge that never quits, then join a community of tens of millions and growing! We have a good time, so take your shoes off, kick back, and make yourself at home here on the Bright Side of life!

Good news! We launched a new app for you 👉 http://bit.ly/Bs3App7
Join the world's largest community of good people! 😉

For brand partnership enquires: brands@thesoul-publishing.com",,https://yt3.ggpht.com/BimIuq2UYH1h-GQDEiV89I1dUEtpWVR8Mp_Q516vPN8rLw488Ap1G9ALhPUyqN8_HTPMbawTBDk=s88-c-k-c0x00ffffff-no-rj,44700000,10844,,,,,,,,,,,,,,,,,,,,,,,,,522.0,worst flying cars ever built and their horrible ends,nan
3PPZ55Y-Xz4,NASA Discovers a “Sister” Comet of 3I/ATLAS Racing Toward Earth,"NASA just spotted what looks like a “sister” comet to 3I/ATLAS racing through our solar system, and the discovery shocked astronomers because both objects seem to come from the same mysterious region of interstellar space. This new comet follows a similar path, moves at incredible speed, and behaves like it was formed under the exact same conditions as ATLAS, which was only the second confirmed interstellar comet ever found. Scientists say its trajectory brings it closer to Earth’s neighborhood than expected, giving us a rare chance to study material that didn’t form in our solar system at all. The strange chemistry, unusual brightness patterns, and odd behavior of both comets hint at secrets about how planets form around other stars.

Credit:
CC BY-SA 4.0 https://creativecommons.org/licenses/by-sa/4.0/deed.en
Gennady Borisov: by Topp https://commons.wikimedia.org/wiki/File:Gennady_Borisov.jpg
1I/'Oumuamua and 2I/Borisov: by ESO https://commons.wikimedia.org/wiki/File:ESOcast_224.webm
Rubin Oort Cloud and Kuiper Belt Illustration: by RubinObs / NOIRLab / SLAC / NSF / DOE / AURA https://commons.wikimedia.org/wiki/File:Rubin_Oort_Cloud_and_Kuiper_Belt_Illustration_(rubin-Oort-Cloud-and-Kuiper-Belt).jpg
Interstellar objects: by Tony873004 https://commons.wikimedia.org/wiki/File:A_comparison_of_two_interstellar_objects_passing_through_our_solar_system.gif
Comet 3I ATLAS Moon: by Raysastrophotograhy https://commons.wikimedia.org/wiki/File:Comet_3I_ATLAS_Moon_16Nov2025.webm
3I ATLAS animation: by CSS, D. Rankin; Video recorded and edited by User:Renerpho https://commons.wikimedia.org/wiki/File:3I_ATLAS_animation1.webm
Oumuamua: by ESO / M.Kornmesser https://commons.wikimedia.org/wiki/File:Animation_of_artist%27s_concept_of_%60Oumuamua.webm
3I ATLAS animation: by CSS, D. Rankin; Video recorded and edited by User:Renerpho https://commons.wikimedia.org/wiki/File:3I_ATLAS_animation_3.webm
Comet 3I before passing Mars: by Filipp Romanov https://commons.wikimedia.org/wiki/File:Comet_3I_before_passing_Mars.jpg
Interstellar Visitor: by NASA's Scientific Visualization Studio - eMITS / Paul Morris https://commons.wikimedia.org/wiki/File:Interstellar_Visitor_is_Fastest_Comet_Ever_Recorded_(SVS14882_ATLAS_WIDE_MP4).webm
El Viaje de Bennu: by NASA https://commons.wikimedia.org/wiki/File:El_Viaje_de_Bennu.webm
Alien Composition of 2I-Borisov, 1st Interstellar Comet: by NASA https://commons.wikimedia.org/wiki/File:NASA_Reveals_Alien_Composition_of_2I-Borisov,_1st_Interstellar_Comet_NNOb3xrjOhE.webm
Animation is created by Bright Side.
---------------------------------------------------------------------------------------- 
Music from TheSoul Sound: https://thesoul-sound.com/ 

Check our Bright Side podcast on Spotify and leave a positive review! https://open.spotify.com/show/0hUkPxD34jRLrMrJux4VxV 
Subscribe to Bright Side: https://goo.gl/rQTJZz 
---------------------------------------------------------------------------------------- 
Our Social Media: 
Facebook: https://www.facebook.com/brightplanet/ 
Instagram: https://www.instagram.com/brightside.official 
TikTok: https://www.tiktok.com/@brightside.official?lang=en 

Stock materials (photos, footages and other): 
https://www.depositphotos.com 
https://www.shutterstock.com 
https://www.eastnews.ru 
---------------------------------------------------------------------------------------- 
For more videos and articles visit: http://www.brightside.me 
---------------------------------------------------------------------------------------- 
This video is made for entertainment purposes. We do not make any warranties about the completeness, safety and reliability. Any action you take upon the information in this video is strictly at your own risk, and we will not be liable for any damages or losses. It is the viewer's responsibility to use judgement, care and precaution if you plan to replicate.",2025-12-09T22:00:05Z,"['3i atlas sister comet', 'astronomy news', 'brightside', 'brightsideglobal', 'comet racing toward earth', 'comet study nasa', 'comet trajectory earth', 'cosmic mystery object', 'curiosities', 'deep space comet', 'earth', 'interstellar comet', 'interstellar object explained', 'interstellar travel objects', 'mystery', 'nasa comet discovery', 'nasa space update', 'new comet discovery', 'planet', 'rare comet event', 'solar system visitor', 'space science documentary', 'space visitors', 'unusual comet behavior', 'world']",24,en-US,en-US,https://i.ytimg.com/vi/3PPZ55Y-Xz4/default.jpg,https://i.ytimg.com/vi/3PPZ55Y-Xz4/hqdefault.jpg,PT9M54S,8497,94,8,public,UC4rlAVgAK0SGk-yTfe48Qpw,BRIGHT SIDE,"Whether you’re into recent discoveries, space exploration, true stories, fitness, fun tests, and riddles, or useful tips for self-improvement, psychology, gadgets, or just your day-to-day routine, there’s something for everyone!

You can expect all that and more coming at you in 3 top-quality videos every single day. If you’ve got a thirst for knowledge that never quits, then join a community of tens of millions and growing! We have a good time, so take your shoes off, kick back, and make yourself at home here on the Bright Side of life!

Good news! We launched a new app for you 👉 http://bit.ly/Bs3App7
Join the world's largest community of good people! 😉

For brand partnership enquires: brands@thesoul-publishing.com",,https://yt3.ggpht.com/BimIuq2UYH1h-GQDEiV89I1dUEtpWVR8Mp_Q516vPN8rLw488Ap1G9ALhPUyqN8_HTPMbawTBDk=s88-c-k-c0x00ffffff-no-rj,44700000,10844,,,,,,,,,,,,,,,,,,,,,,,,,594.0,nasa discovers a sister comet of 3i atlas racing toward earth,nan
aTJ8-1j5BhA,Scientists Uncover a Lost Ghost World Under Antarctica’s Ice,"Two fascinating discoveries push our understanding of Antarctica far beyond the icy surface we know. One reveals a preserved ancient landscape - rivers, valleys, and entire blocks of land frozen in place for more than 30 million years. The other uncovers strange signals rising from deep beneath the ice, hinting at hidden activity in one of the most remote and mysterious regions on Earth.
Animation is created by Bright Side. 
---------------------------------------------------------------------------------------- 
Music from TheSoul Sound: https://thesoul-sound.com/ 

Check our Bright Side podcast on Spotify and leave a positive review! https://open.spotify.com/show/0hUkPxD34jRLrMrJux4VxV 
Subscribe to Bright Side: https://goo.gl/rQTJZz 
---------------------------------------------------------------------------------------- 
Our Social Media: 
Facebook: https://www.facebook.com/brightplanet/ 
Instagram: https://www.instagram.com/brightside.official 
TikTok: https://www.tiktok.com/@brightside.official?lang=en 

Stock materials (photos, footages and other): 
https://www.depositphotos.com 
https://www.shutterstock.com 
https://www.eastnews.ru 
---------------------------------------------------------------------------------------- 
For more videos and articles visit: http://www.brightside.me 
---------------------------------------------------------------------------------------- 
This video is made for entertainment purposes. We do not make any warranties about the completeness, safety and reliability. Any action you take upon the information in this video is strictly at your own risk, and we will not be liable for any damages or losses. It is the viewer's responsibility to use judgement, care and precaution if you plan to replicate.",2025-12-09T18:00:02Z,"['amazing discoveries', 'ancient world', 'antarctica', 'brightside', 'brightsideglobal', 'cold places', 'curiosities', 'deep earth', 'earth', 'earth mysteries', 'frozen continent', 'green antarctica', 'hidden secrets', 'ice discoveries', 'mysterious places', 'mystery', 'nature facts', 'planet', 'planet earth', 'science facts', 'south pole', 'strange signals', 'subglacial secrets', 'surprising facts', 'under the ice', 'unknown worlds', 'weird science', 'world']",24,en,en,https://i.ytimg.com/vi/aTJ8-1j5BhA/default.jpg,https://i.ytimg.com/vi/aTJ8-1j5BhA/hqdefault.jpg,PT18M24S,6349,154,11,public,UC4rlAVgAK0SGk-yTfe48Qpw,BRIGHT SIDE,"Whether you’re into recent discoveries, space exploration, true stories, fitness, fun tests, and riddles, or useful tips for self-improvement, psychology, gadgets, or just your day-to-day routine, there’s something for everyone!

You can expect all that and more coming at you in 3 top-quality videos every single day. If you’ve got a thirst for knowledge that never quits, then join a community of tens of millions and growing! We have a good time, so take your shoes off, kick back, and make yourself at home here on the Bright Side of life!

Good news! We launched a new app for you 👉 http://bit.ly/Bs3App7
Join the world's largest community of good people! 😉

For brand partnership enquires: brands@thesoul-publishing.com",,https://yt3.ggpht.com/BimIuq2UYH1h-GQDEiV89I1dUEtpWVR8Mp_Q516vPN8rLw488Ap1G9ALhPUyqN8_HTPMbawTBDk=s88-c-k-c0x00ffffff-no-rj,44700000,10844,,,,,,,,,,,,,,,,,,,,,,,,,1104.0,scientists uncover a lost ghost world under antarctica s ice,nan
3Bls-1ZCL3w,The Pacific’s Most Dangerous Underwater Volcano Is Ready to Erupt,"The Pacific’s most dangerous underwater volcano looks like it’s gearing up for a major eruption, and scientists are watching it closely because the pressure building beneath the seafloor keeps rising. This volcano hides miles below the waves where sensors detect strange tremors, gas bursts, and sudden temperature spikes that usually mean magma is on the move. An eruption here could trigger massive steam explosions, underwater shockwaves, and even tsunamis depending on how the seafloor collapses. The region surrounding the volcano has a long history of violent activity, so every new signal raises the stakes and the urgency to understand what’s happening down there.

Animation is created by Bright Side. 
---------------------------------------------------------------------------------------- 
Music from TheSoul Sound: https://thesoul-sound.com/ 

Check our Bright Side podcast on Spotify and leave a positive review! https://open.spotify.com/show/0hUkPxD34jRLrMrJux4VxV 
Subscribe to Bright Side: https://goo.gl/rQTJZz 
---------------------------------------------------------------------------------------- 
Our Social Media: 
Facebook: https://www.facebook.com/brightplanet/ 
Instagram: https://www.instagram.com/brightside.official 
TikTok: https://www.tiktok.com/@brightside.official?lang=en 

Stock materials (photos, footages and other): 
https://www.depositphotos.com 
https://www.shutterstock.com 
https://www.eastnews.ru 
---------------------------------------------------------------------------------------- 
For more videos and articles visit: http://www.brightside.me 
---------------------------------------------------------------------------------------- 
This video is made for entertainment purposes. We do not make any warranties about the completeness, safety and reliability. Any action you take upon the information in this video is strictly at your own risk, and we will not be liable for any damages or losses. It is the viewer's responsibility to use judgement, care and precaution if you plan to replicate.",2025-12-09T16:00:04Z,"['brightside', 'brightsideglobal', 'curiosities', 'dangerous seafloor volcano', 'deep sea magma movement', 'earth', 'marine earthquake zone', 'mystery', 'ocean science documentary', 'ocean volcano activity', 'oceanic eruption danger', 'pacific ring of fire', 'pacific underwater volcano', 'planet', 'seafloor collapse signs', 'submarine volcano eruption', 'tsunami risk volcano', 'underwater eruption warning', 'underwater geology explained', 'volcanic activity underwater', 'volcanic tremors pacific', 'world']",24,en-US,en-US,https://i.ytimg.com/vi/3Bls-1ZCL3w/default.jpg,https://i.ytimg.com/vi/3Bls-1ZCL3w/hqdefault.jpg,PT18M40S,11204,242,17,public,UC4rlAVgAK0SGk-yTfe48Qpw,BRIGHT SIDE,"Whether you’re into recent discoveries, space exploration, true stories, fitness, fun tests, and riddles, or useful tips for self-improvement, psychology, gadgets, or just your day-to-day routine, there’s something for everyone!

You can expect all that and more coming at you in 3 top-quality videos every single day. If you’ve got a thirst for knowledge that never quits, then join a community of tens of millions and growing! We have a good time, so take your shoes off, kick back, and make yourself at home here on the Bright Side of life!

Good news! We launched a new app for you 👉 http://bit.ly/Bs3App7
Join the world's largest community of good people! 😉

For brand partnership enquires: brands@thesoul-publishing.com",,https://yt3.ggpht.com/BimIuq2UYH1h-GQDEiV89I1dUEtpWVR8Mp_Q516vPN8rLw488Ap1G9ALhPUyqN8_HTPMbawTBDk=s88-c-k-c0x00ffffff-no-rj,44700000,10844,,,,,,,,,,,,,,,,,,,,,,,,,1120.0,the pacific s most dangerous underwater volcano is ready to erupt,nan
C5rR-d47JRI,Huge Hole Rips Open in Yellowstone - Is It Starting?,"A massive hole suddenly opened in Yellowstone overnight, and people can’t stop wondering if this is the first sign of something much bigger happening beneath the park. Yellowstone already sits on top of one of the most powerful supervolcanoes on Earth, so any new crack, collapse, or ground deformation instantly grabs scientists’ attention. Geologists say shifting magma, hydrothermal explosions, or underground steam pressure could all create surprise openings like this, and each possibility raises new questions about what’s brewing below. Park officials rushed to investigate, but until they confirm the cause, the mystery is fueling fears, theories, and a whole lot of curiosity. And in this video, you’ll explore what triggered the giant hole and whether it hints at the beginning of something Yellowstone has been holding back for thousands of years.
Animation is created by Bright Side. 
---------------------------------------------------------------------------------------- 
Music from TheSoul Sound: https://thesoul-sound.com/ 

Check our Bright Side podcast on Spotify and leave a positive review! https://open.spotify.com/show/0hUkPxD34jRLrMrJux4VxV 
Subscribe to Bright Side: https://goo.gl/rQTJZz 
---------------------------------------------------------------------------------------- 
Our Social Media: 
Facebook: https://www.facebook.com/brightplanet/ 
Instagram: https://www.instagram.com/brightside.official 
TikTok: https://www.tiktok.com/@brightside.official?lang=en 

Stock materials (photos, footages and other): 
https://www.depositphotos.com 
https://www.shutterstock.com 
https://www.eastnews.ru 
---------------------------------------------------------------------------------------- 
For more videos and articles visit: http://www.brightside.me 
---------------------------------------------------------------------------------------- 
This video is made for entertainment purposes. We do not make any warranties about the completeness, safety and reliability. Any action you take upon the information in this video is strictly at your own risk, and we will not be liable for any damages or losses. It is the viewer's responsibility to use judgement, care and precaution if you plan to replicate.",2025-12-09T10:26:17Z,"['brightside', 'brightsideglobal', 'curiosities', 'earth', 'earth science documentary', 'geological mystery', 'ground collapse yellowstone', 'hydrothermal explosion clues', 'mystery', 'planet', 'shifting magma signs', 'strange earth phenomena', 'supervolcano fears', 'supervolcano warning', 'volcanic activity explained', 'world', 'yellowstone eruption signs', 'yellowstone giant hole', 'yellowstone news update', 'yellowstone overnight crack', 'yellowstone park anomaly']",24,en,en-US,https://i.ytimg.com/vi/C5rR-d47JRI/default.jpg,https://i.ytimg.com/vi/C5rR-d47JRI/hqdefault.jpg,PT19M4S,9524,300,17,public,UC4rlAVgAK0SGk-yTfe48Qpw,BRIGHT SIDE,"Whether you’re into recent discoveries, space exploration, true stories, fitness, fun tests, and riddles, or useful tips for self-improvement, psychology, gadgets, or just your day-to-day routine, there’s something for everyone!

You can expect all that and more coming at you in 3 top-quality videos every single day. If you’ve got a thirst for knowledge that never quits, then join a community of tens of millions and growing! We have a good time, so take your shoes off, kick back, and make yourself at home here on the Bright Side of life!

Good news! We launched a new app for you 👉 http://bit.ly/Bs3App7
Join the world's largest community of good people! 😉

For brand partnership enquires: brands@thesoul-publishing.com",,https://yt3.ggpht.com/BimIuq2UYH1h-GQDEiV89I1dUEtpWVR8Mp_Q516vPN8rLw488Ap1G9ALhPUyqN8_HTPMbawTBDk=s88-c-k-c0x00ffffff-no-rj,44700000,10844,,,,,,,,,,,,,,,,,,,,,,,,,1144.0,huge hole rips open in yellowstone is it starting,nan
sKrOaW_9SWU,New Zealand Is Building Something That Could Make It Richer Than Ever,"Some places hide opportunities so powerful they could completely reshape a nation’s future. What looks ordinary at first glance turns out to hold enormous value - enough to change economies, launch new industries, and rewrite long-term plans for entire regions. From unexpected natural advantages to discoveries that open the door to massive wealth, these stories show how quickly everything can shift once the right potential is uncovered.
Animation is created by Bright Side. 
---------------------------------------------------------------------------------------- 
Music from TheSoul Sound: https://thesoul-sound.com/ 

Check our Bright Side podcast on Spotify and leave a positive review! https://open.spotify.com/show/0hUkPxD34jRLrMrJux4VxV 
Subscribe to Bright Side: https://goo.gl/rQTJZz 
---------------------------------------------------------------------------------------- 
Our Social Media: 
Facebook: https://www.facebook.com/brightplanet/ 
Instagram: https://www.instagram.com/brightside.official 
TikTok: https://www.tiktok.com/@brightside.official?lang=en 

Stock materials (photos, footages and other): 
https://www.depositphotos.com 
https://www.shutterstock.com 
https://www.eastnews.ru 
---------------------------------------------------------------------------------------- 
For more videos and articles visit: http://www.brightside.me 
---------------------------------------------------------------------------------------- 
This video is made for entertainment purposes. We do not make any warranties about the completeness, safety and reliability. Any action you take upon the information in this video is strictly at your own risk, and we will not be liable for any damages or losses. It is the viewer's responsibility to use judgement, care and precaution if you plan to replicate.",2025-12-09T10:01:41Z,"['big discovery', 'brightside', 'brightsideglobal', 'clean power', 'curiosities', 'earth', 'economic growth', 'energy', 'future energy', 'global economy', 'green future', 'hidden potential', 'innovation', 'mystery', 'natural resources', 'new technology', 'planet', 'power industry', 'renewables', 'science news', 'sustainability', 'world']",24,en,en-US,https://i.ytimg.com/vi/sKrOaW_9SWU/default_live.jpg,https://i.ytimg.com/vi/sKrOaW_9SWU/hqdefault_live.jpg,P0D,0,28,0,public,UC4rlAVgAK0SGk-yTfe48Qpw,BRIGHT SIDE,"Whether you’re into recent discoveries, space exploration, true stories, fitness, fun tests, and riddles, or useful tips for self-improvement, psychology, gadgets, or just your day-to-day routine, there’s something for everyone!

You can expect all that and more coming at you in 3 top-quality videos every single day. If you’ve got a thirst for knowledge that never quits, then join a community of tens of millions and growing! We have a good time, so take your shoes off, kick back, and make yourself at home here on the Bright Side of life!

Good news! We launched a new app for you 👉 http://bit.ly/Bs3App7
Join the world's largest community of good people! 😉

For brand partnership enquires: brands@thesoul-publishing.com",,https://yt3.ggpht.com/BimIuq2UYH1h-GQDEiV89I1dUEtpWVR8Mp_Q516vPN8rLw488Ap1G9ALhPUyqN8_HTPMbawTBDk=s88-c-k-c0x00ffffff-no-rj,44700000,10844,,,,,,,,,,,,,,,,,,,,,,,,,,new zealand is building something that could make it richer than ever,nan
4jipEAUH7Ws,17 Short Riddles That Will Totally Trick Your Brain,"Get ready for 17 short riddles that seem super simple at first, but each one hides a twist that will totally trick your brain. Some of them play with logic, others mess with wording, and a few use visual clues that force you to slow down and really think. You can pause after each riddle to test yourself, compete with friends, or see how fast you can solve them before the answer pops up. By the end, you’ll realize how easily your mind jumps to the wrong conclusion, even when the solution was right in front of you. 

Animation is created by Bright Side. 
---------------------------------------------------------------------------------------- 
Music from TheSoul Sound: https://thesoul-sound.com/ 

Check our Bright Side podcast on Spotify and leave a positive review! https://open.spotify.com/show/0hUkPxD34jRLrMrJux4VxV 
Subscribe to Bright Side: https://goo.gl/rQTJZz 
---------------------------------------------------------------------------------------- 
Our Social Media: 
Facebook: https://www.facebook.com/brightplanet/ 
Instagram: https://www.instagram.com/brightside.official 
TikTok: https://www.tiktok.com/@brightside.official?lang=en 

Stock materials (photos, footages and other): 
https://www.depositphotos.com 
https://www.shutterstock.com 
https://www.eastnews.ru 
---------------------------------------------------------------------------------------- 
For more videos and articles visit: http://www.brightside.me 
---------------------------------------------------------------------------------------- 
This video is made for entertainment purposes. We do not make any warranties about the completeness, safety and reliability. Any action you take upon the information in this video is strictly at your own risk, and we will not be liable for any damages or losses. It is the viewer's responsibility to use judgement, care and precaution if you plan to replicate.",2025-12-09T00:00:06Z,"['brain teasers', 'brain training riddles', 'brain workout video', 'brightside', 'brightsideglobal', 'can you solve this', 'clever riddles', 'curiosities', 'earth', 'family riddle game', 'fun quiz video', 'hard riddles with answers', 'lateral thinking puzzles', 'logic puzzles', 'mystery', 'party riddles', 'planet', 'puzzle game video', 'quick riddles', 'riddle challenge', 'riddle compilation', 'riddles that trick your brain', 'short riddles', 'test your brain', 'tricky questions', 'tricky riddles', 'world']",24,en-US,en-US,https://i.ytimg.com/vi/4jipEAUH7Ws/default.jpg,https://i.ytimg.com/vi/4jipEAUH7Ws/hqdefault.jpg,PT11M42S,9110,95,47,public,UC4rlAVgAK0SGk-yTfe48Qpw,BRIGHT SIDE,"Whether you’re into recent discoveries, space exploration, true stories, fitness, fun tests, and riddles, or useful tips for self-improvement, psychology, gadgets, or just your day-to-day routine, there’s something for everyone!

You can expect all that and more coming at you in 3 top-quality videos every single day. If you’ve got a thirst for knowledge that never quits, then join a community of tens of millions and growing! We have a good time, so take your shoes off, kick back, and make yourself at home here on the Bright Side of life!

Good news! We launched a new app for you 👉 http://bit.ly/Bs3App7
Join the world's largest community of good people! 😉

For brand partnership enquires: brands@thesoul-publishing.com",,https://yt3.ggpht.com/BimIuq2UYH1h-GQDEiV89I1dUEtpWVR8Mp_Q516vPN8rLw488Ap1G9ALhPUyqN8_HTPMbawTBDk=s88-c-k-c0x00ffffff-no-rj,44700000,10844,,,,,,,,,,,,,,,,,,,,,,,,,702.0,17 short riddles that will totally trick your brain,nan
fi41OMwRLq8,Something Fell From the Sky in Argentina - Investigators Left Baffled,"Something strange fell out of the sky in Argentina, and investigators still can’t figure out what it was because the impact site refuses to match anything they expected. Witnesses saw a bright flash, heard a huge boom, and felt a shockwave—yet when officials reached the spot, they found no meteor fragments, no metal debris, and no obvious clues. The ground showed scorch marks and melted patches like something extremely hot slammed into it, but whatever hit either vanished instantly or came from something we don’t understand yet. Scientists are torn between theories: a tiny meteor that vaporized on impact, a rare atmospheric explosion, or something far more mysterious.

Animation is created by Bright Side. 
---------------------------------------------------------------------------------------- 
Music from TheSoul Sound: https://thesoul-sound.com/ 

Check our Bright Side podcast on Spotify and leave a positive review! https://open.spotify.com/show/0hUkPxD34jRLrMrJux4VxV 
Subscribe to Bright Side: https://goo.gl/rQTJZz 
---------------------------------------------------------------------------------------- 
Our Social Media: 
Facebook: https://www.facebook.com/brightplanet/ 
Instagram: https://www.instagram.com/brightside.official 
TikTok: https://www.tiktok.com/@brightside.official?lang=en 

Stock materials (photos, footages and other): 
https://www.depositphotos.com 
https://www.shutterstock.com 
https://www.eastnews.ru 
---------------------------------------------------------------------------------------- 
For more videos and articles visit: http://www.brightside.me 
---------------------------------------------------------------------------------------- 
This video is made for entertainment purposes. We do not make any warranties about the completeness, safety and reliability. Any action you take upon the information in this video is strictly at your own risk, and we will not be liable for any damages or losses. It is the viewer's responsibility to use judgement, care and precaution if you plan to replicate.",2025-12-08T22:00:57Z,"['argentina sky mystery', 'atmospheric anomaly', 'baffling sky event', 'brightside', 'brightsideglobal', 'curiosities', 'earth', 'investigators baffled', 'meteor that vanished', 'meteor vaporization', 'mysterious boom argentina', 'mystery', 'planet', 'sky flash explosion', 'something fell from the sky', 'strange earth events', 'strange impact site', 'unexplained explosion argentina', 'unexplained fall from sky', 'unexplained science event', 'weird global phenomena', 'world']",24,en-US,en-US,https://i.ytimg.com/vi/fi41OMwRLq8/default.jpg,https://i.ytimg.com/vi/fi41OMwRLq8/hqdefault.jpg,PT9M5S,7628,108,8,public,UC4rlAVgAK0SGk-yTfe48Qpw,BRIGHT SIDE,"Whether you’re into recent discoveries, space exploration, true stories, fitness, fun tests, and riddles, or useful tips for self-improvement, psychology, gadgets, or just your day-to-day routine, there’s something for everyone!

You can expect all that and more coming at you in 3 top-quality videos every single day. If you’ve got a thirst for knowledge that never quits, then join a community of tens of millions and growing! We have a good time, so take your shoes off, kick back, and make yourself at home here on the Bright Side of life!

Good news! We launched a new app for you 👉 http://bit.ly/Bs3App7
Join the world's largest community of good people! 😉

For brand partnership enquires: brands@thesoul-publishing.com",,https://yt3.ggpht.com/BimIuq2UYH1h-GQDEiV89I1dUEtpWVR8Mp_Q516vPN8rLw488Ap1G9ALhPUyqN8_HTPMbawTBDk=s88-c-k-c0x00ffffff-no-rj,44700000,10844,,,,,,,,,,,,,,,,,,,,,,,,,545.0,something fell from the sky in argentina investigators left baffled,nan
Ed3dBJ6hkbA,Discovery of a Lost Megacity Forces Us to Rethink History,"Archaeologists just uncovered groundbreaking evidence about Eridu, a lost megacity once thought to be more legend than reality, and the discovery is forcing experts to rethink the entire timeline of early civilization. Eridu wasn’t just a small ancient settlement—it was a massive, organized urban center with temples, water systems, and trade links that appeared far earlier than historians believed cities could exist. Researchers now think this place may have been one of the world’s very first megacities, shaping culture, religion, and technology across the ancient Near East. The new findings reveal that people built complex societies much sooner and more efficiently than textbooks ever suggested, opening the door to even more hidden chapters of human history. 

Animation is created by Bright Side. 
---------------------------------------------------------------------------------------- 
Music from TheSoul Sound: https://thesoul-sound.com/ 

Check our Bright Side podcast on Spotify and leave a positive review! https://open.spotify.com/show/0hUkPxD34jRLrMrJux4VxV 
Subscribe to Bright Side: https://goo.gl/rQTJZz 
---------------------------------------------------------------------------------------- 
Our Social Media: 
Facebook: https://www.facebook.com/brightplanet/ 
Instagram: https://www.instagram.com/brightside.official 
TikTok: https://www.tiktok.com/@brightside.official?lang=en 

Stock materials (photos, footages and other): 
https://www.depositphotos.com 
https://www.shutterstock.com 
https://www.eastnews.ru 
---------------------------------------------------------------------------------------- 
For more videos and articles visit: http://www.brightside.me 
---------------------------------------------------------------------------------------- 
This video is made for entertainment purposes. We do not make any warranties about the completeness, safety and reliability. Any action you take upon the information in this video is strictly at your own risk, and we will not be liable for any damages or losses. It is the viewer's responsibility to use judgement, care and precaution if you plan to replicate.",2025-12-08T18:00:18Z,"['ancient eridu explained', 'ancient near east archaeology', 'ancient urban development', 'archaeology breakthrough', 'brightside', 'brightsideglobal', 'cradle of civilization story', 'curiosities', 'earliest city in history', 'earth', 'eridu megacity discovery', 'first cities revealed', 'forgotten ancient cities', 'historical discovery eridu', 'lost megacity found', 'mystery', 'planet', 'rewriting civilization history', 'sumerian civilization origins', 'world']",24,en-US,en-US,https://i.ytimg.com/vi/Ed3dBJ6hkbA/default.jpg,https://i.ytimg.com/vi/Ed3dBJ6hkbA/hqdefault.jpg,PT18M49S,15577,211,15,public,UC4rlAVgAK0SGk-yTfe48Qpw,BRIGHT SIDE,"Whether you’re into recent discoveries, space exploration, true stories, fitness, fun tests, and riddles, or useful tips for self-improvement, psychology, gadgets, or just your day-to-day routine, there’s something for everyone!

You can expect all that and more coming at you in 3 top-quality videos every single day. If you’ve got a thirst for knowledge that never quits, then join a community of tens of millions and growing! We have a good time, so take your shoes off, kick back, and make yourself at home here on the Bright Side of life!

Good news! We launched a new app for you 👉 http://bit.ly/Bs3App7
Join the world's largest community of good people! 😉

For brand partnership enquires: brands@thesoul-publishing.com",,https://yt3.ggpht.com/BimIuq2UYH1h-GQDEiV89I1dUEtpWVR8Mp_Q516vPN8rLw488Ap1G9ALhPUyqN8_HTPMbawTBDk=s88-c-k-c0x00ffffff-no-rj,44700000,10844,,,,,,,,,,,,,,,,,,,,,,,,,1129.0,discovery of a lost megacity forces us to rethink history,nan
PPvNPUgV6yA,How People Actually Survived the Brutal Winters of the Past,"A closer look at how humans endure extreme cold. From medieval families battling freezing winters with primitive heating and food preservation, to a modern-day survivor trapped in his car for two months, both stories reveal how resilience, resourcefulness, and a bit of luck can mean the difference between life and death in harsh winter conditions.
Animation is created by Bright Side. 
---------------------------------------------------------------------------------------- 
Music from TheSoul Sound: https://thesoul-sound.com/ 

Check our Bright Side podcast on Spotify and leave a positive review! https://open.spotify.com/show/0hUkPxD34jRLrMrJux4VxV 
Subscribe to Bright Side: https://goo.gl/rQTJZz 
---------------------------------------------------------------------------------------- 
Our Social Media: 
Facebook: https://www.facebook.com/brightplanet/ 
Instagram: https://www.instagram.com/brightside.official 
TikTok: https://www.tiktok.com/@brightside.official?lang=en 

Stock materials (photos, footages and other): 
https://www.depositphotos.com 
https://www.shutterstock.com 
https://www.eastnews.ru 
---------------------------------------------------------------------------------------- 
For more videos and articles visit: http://www.brightside.me 
---------------------------------------------------------------------------------------- 
This video is made for entertainment purposes. We do not make any warranties about the completeness, safety and reliability. Any action you take upon the information in this video is strictly at your own risk, and we will not be liable for any damages or losses. It is the viewer's responsibility to use judgement, care and precaution if you plan to replicate.",2025-12-08T16:00:44Z,"['ancient survival', 'brightside', 'brightsideglobal', 'cold weather challenges', 'curiosities', 'earth', 'extreme cold', 'food preservation', 'freezing temperatures', 'harsh winters', 'historic hardships', 'historic winters', 'history facts', 'human endurance', 'medieval life', 'mystery', 'nature vs humans', 'planet', 'real survival stories', 'resilience', 'snow and ice', 'survival skills', 'true stories', 'unexpected survival', 'winter dangers', 'winter survival', 'world']",24,en,en,https://i.ytimg.com/vi/PPvNPUgV6yA/default.jpg,https://i.ytimg.com/vi/PPvNPUgV6yA/hqdefault.jpg,PT17M42S,6903,183,4,public,UC4rlAVgAK0SGk-yTfe48Qpw,BRIGHT SIDE,"Whether you’re into recent discoveries, space exploration, true stories, fitness, fun tests, and riddles, or useful tips for self-improvement, psychology, gadgets, or just your day-to-day routine, there’s something for everyone!

You can expect all that and more coming at you in 3 top-quality videos every single day. If you’ve got a thirst for knowledge that never quits, then join a community of tens of millions and growing! We have a good time, so take your shoes off, kick back, and make yourself at home here on the Bright Side of life!

Good news! We launched a new app for you 👉 http://bit.ly/Bs3App7
Join the world's largest community of good people! 😉

For brand partnership enquires: brands@thesoul-publishing.com",,https://yt3.ggpht.com/BimIuq2UYH1h-GQDEiV89I1dUEtpWVR8Mp_Q516vPN8rLw488Ap1G9ALhPUyqN8_HTPMbawTBDk=s88-c-k-c0x00ffffff-no-rj,44700000,10844,"It's a snowy winter night. You're inside your cozy house and watching a historical movie that takes place during the Middle Ages. As you take another sip of your hot chocolate, you can't help but wonder how the people survived the winter back then. At that exact moment, your TV screen suddenly turns into a portal and pulls you inside. You open your eyes to find yourself within the world of the movie you were just watching. A man approaches you and says, ""Welcome to my medieval village. I am Bartholomew and I called you here to give you an answer to your question. First of all, let me tell you that conditions became extremely harsh when the cold arrives and not just for the northern countries. Mainland Europe takes its share of the brutal weather, too. So, winter is kind of a slowing down time for all of us. You see, we usually associate winter with old age and poverty because of all the changes that occur in nature during this time. For example, we can't really grow any crops when snow covers all our land. And by the early 14th century, things started to get even worse because we started seeing the first signs of what you may know as the little ice age. Cold temperatures peaked. Weather anomalies and extreme events such as sudden floods or hail storms started to occur which added to our agony. Take the winter of 1359 for instance. Across central Italy, the snow rose to extraordinary heights. People had to throw the snow into the streets to lighten up their roofs. And because of that, some towns were completely blocked. Their inhabitants were trapped in their homes for several days. Another example of this is the winter of 1389. The snowfall was so great in the Lausanne region of France that many people's farmsteads and houses were destroyed. Bartholomew notices that you start shivering. Ah, you were not prepared for this journey back to medieval winters, I see. Let's walk to my home and find you some warmer clothes. As you can see, I'm already wearing a cloak, a scarf, and mittens, which are all made out of wool. I also have boots that are made out of leather from a deer. Still, all these are not really enough to stay warm when one is outside. That's why we usually layer other clothes underneath them all to keep the warmth trapped. By the way, the wool can get heavy and itchy sometimes. So beneath our woolen outer clothing, we wear linen undergarments too. The linen acts as a barrier between the wool and the skin, therefore making things a bit more comfortable for us. It is also easier to wash linen clothes and they dry way faster than woolen ones. The wealthier ones can line their winter clothing with fur. And us regular peasants sometimes use rabbit and lamb for the same purpose. It's not as glamorous but still effective. We can also hunt some wild animals and birds with the permission of the lord. Yet again the sumptuary laws in other words consumption laws are very clear on who can wear what according to their social standing. Take the 1363 English sanctuary law for example. It states that the wives and daughters of crafts people and landowning peasants were only allowed to wear lamb, rabbit, cat, and fox furs. You notice a weird looking hinged metal sphere in Bartholomew's pocket and ask him what that is. Ah, it's a hand warmer, he says as he gives it to you. If we are going to be outdoors for a long time, we bring one of these with us. Otherwise, one's fingers can get numb, you know. Now, take a closer look at it, and you'll see that it has tiny holes on its surface. This helps the heat to escape so that we can warm our hands without burning them once we fill it with hot coal. That's kind of heavy, you say. And think about how lucky you are to be living in modern times. With just one click from the comfort of your home, you can order Hot Hands instant hand warmers from Amazon. And no coal is necessary. You can even put those inside your shoes to warm your toes since they're pocket-sized, unlike this metal orb. You and Bartholomew arrive at his house. You realize that he does not take any of his outer garments off. We keep everything on during the coldest months because the indoor heating isn't always great, he says. As you can see, the fireplace stands here at the center of our homes, and right above it, there is a ventilation hole rather than a chimney, which causes us to lose so much of the heat. Yet again, we don't usually sleep in our outside clothes. Instead, we put bricks and stones in the fire, wrap them in fabric, and take them to our beds to warm the sheets. Wearing our night caps all night long also helps. And when we're not sleeping, we usually try to stay close to the fireplace as much as possible. You sure appreciate that hot water bottle of yours more now, right? And you didn't even need to cover it with a cloth like these folks have to do. It already came with a knit cover for your convenience. And the best part is it's much softer than a brick and can be heated in the microwave within seconds. How rude of me. I forgot to offer you something to eat. Bartholomew says, ""I know I already told you winter means stillness for us, but we still need to put in some work to not starve. There's a lot of preparation to be done in advance to survive these medieval winters. First of all, we start gathering wood for the fire from as early as spring and through the summer. Then there's the food we harvest in the fall. We have to preserve that in a special way, so all will last over the winter months. The same thing goes for meat, too. The methods we use include pickling, drying, and brining. In terms of grains, cereals and pulses, we dry them out and store them in ceramic or clay pots. We later use them for making potted stews and soups in addition to vegetables. Basically, everything we can find goes into the pot. The most common foods we eat in our everyday lives include onions, peas, beans, lentils, and herbs such as parsley. We still have to include protein in our diet though and we do that by eating cheese, eggs, fatty bacon or salted pork. In terms of fresh fruits and berries, they are hard to find during wintertime. So, we preserve the ones we already picked by the air drying method, too. You think to yourself, if only these people had a food dryer at home, their lives would be so much easier. They could use it for all the foods Bartholomew just mentioned, from fruits to meat. Then again, there's no electricity here. I wouldn't want you to think winters are so grim, long, and boring after everything I've told you. We still do plenty of activities to keep ourselves entertained, Bartholomew says. But what? It's not like they can binge watch their favorite TV shows. We play in the snow a lot, adults and children all together. You can see plenty of peasants ice skating on the frozen lakes. To be able to do that, we used to use pieces of polished wood or horse shin bones, but now we have iron skates, too. I need to mention though, here in Western Europe, ice skating is not as common as in Scandinavia. That is because they are more accustomed to snow and cold temperatures. Sledding is another fun activity we do. Then there are indoor games such as chess, back gammon, and other dice games. Wool spinning and telling stories are also common ways to spend some nice time with our family. Not surprisingly, nobles have more opportunities in the entertainment area, too. For example, boar hunting is very common amongst the elite. At that moment, a portal appears at the door. Bartholomew says, ""Guess it's time for you to head back, traveler. Fair thee well."" There are very snowy winters in Sweden. You know, snow covers all roads and slows down the traffic. Some cars may pull over to the side of the road and get out only with the help of a tractor. This is a common thing. But one day during a snowfall, something astonishing happened. On December 19th, 2011, a man named Peter Skyberg found himself in a snow trap after he drove off the main road in the north of Sweden. Then snowmoilers accidentally found him, pulled him out of there, and took him to the hospital. It may seem like something common, but here's the kicker. It took 2 months to find him. And outside of that time, the temperature dropped to minus22° F. That man survived after spending 60 days without water, food, and heat sources among icy winds and endless snow. The people who found him said the car was buried deep in snow at 3 ft. And Peter Skyberg was sitting shaking inside a sleeping bag in the front seat. He couldn't speak. When they brought him to the hospital, the doctors were amazed. They knew cases when people survived in cold temperatures for a long time, but not for 2 months. A person can live without water for several days, but Peter had no problems with this since he extracted water from the snow. Without food, a person can survive for several weeks to 3 months. But what about the cold? How did Peter solve this problem? At such low temperatures, people can freeze within several hours. The doctors treating Peter claimed that his body seemed to activate survival mode and fell into a deep sleep. It's like bears that hibernate during winter, but the human body can only lower the temperature by a few degrees. This is not enough to survive in minus22° frost. Maybe the man somehow managed to lower the temperature even more. The case of Peter Skyberg became famous. Doctors and scientists from all over the world put forward their hypothesis about how this managed to survive. No one could give the exact reason. Many people claimed it was just a real miracle. Others believed it was the result of several factors combined together. One of these factors is the sleeping bag. It helps keep your body heat better, so your temperature may not drop for a long time inside the bag. Another factor that probably played the key role was the igloo effect. Indigenous peoples living at the North Pole make their homes out of ice and snow. You've probably seen these round houses on the internet or in the movies. It's not warm inside them, but it doesn't let the cold in. The particular design of these houses helps keep the accumulated heat inside. Igloos can protect from strong winds, but it's possible to survive inside them only if you're wearing warm clothes. Perhaps Peter's car turned into such a house. Snow clung to it from all sides and blocked the heat inside. Many people wondered why he hadn't tried to get out and find help. But seems like Peter did the right thing. It's pretty dangerous to go out in such conditions. You don't know where you are. It's freezing cold and there's a blizzard. Let's say you get out of the car and try to get to the nearest road. You fail and come back. But you can't find your car because the snow has covered it. Now your situation is even worse. The only option is to start digging snow and make an igloo. If you have warm clothes, an igloo will help you to keep warm and gain some time. But the right solution is to stay inside the car and wait for the rescuers, especially if you don't know where you are. If you don't have communication or signal lights, then try to make a fire. Smoke can attract the attention of people passing on the nearest road. Peter Skyberg spent some time in the hospital, regained strength, and was cured. Now, it's much safer to be in a closed cold room or an igloo during the cold. However, if you're stuck in a severe frost without warm clothes, you have about 30 minutes to 2 hours, maybe even less if you don't move. But in 1980, a miracle happened that shocked people and doctors all over the US. 19-year-old Jean Hillyard was driving home at night to the small town of Langi. She lost control and ended up in a ditch. The girl decided to walk to her friend. She then saw her friend's house, but she didn't get there. She got too weak and fainted. Suddenly, Jean fell and lost consciousness near her friend's house. Gene Hillyard was wearing a light winter coat, cowboy boots, and pants, so she wasn't quite prepared for harsh winter conditions. There was a strong blizzard and snowfall outside, so no one noticed her. The friend Jean wanted to visit only saw the frozen girl near his porch in the morning. Gene Hillard had been lying there for 6 hours. Her body was hard and cold, as if it were made of rubber. Her eyes looked as if they were made of glass. The man who noticed the girl was sure she wasn't alive. But then he saw bubbles of moisture from her nose. The girl was breathing. He got the girl to the hospital. Her body wouldn't bend, so putting the girl in the car was problematic. The doctors immediately rushed to help Jean, but that wasn't easy. They couldn't even make any injections as the needles would constantly break. The muscles were too stiff and frozen. Her body activated emergency mode and stopped supplying muscles and soft tissues with blood. All the red liquid was directed at the vital organs. Also in emergency mode, our organism can slow down all internal processes of the body. The heart starts pounding slower, the lungs consume less oxygen, and the metabolism nearly stops. Such energy savings helped the girl to survive. But the doctors were more surprised that Gan didn't get any serious troubles. She got frostbite, but the ice crystals didn't destroy her skin and soft tissues. Doctors decided to warm the girl with a bunch of heating pads. Then they finally managed to inject medications. A few hours later, she regained consciousness. The test showed that Jean was in perfect health. Meanwhile, you can get into a severe trap, not only in nature, in bad weather. You can get stuck in an elevator in a building full of people in Manhattan, and no one will know about it. This happened in 1999 with Nicholas White. The 34year-old manager was working late in the office and decided to take a break. After getting some fresh air outside, Nicholas called the elevator to go back to the 43rd floor, but he got trapped in the elevator. It was already quite late and almost all the workers had left the building. But the worst thing was that it was Friday night. Nicholas had no phone, no food, and no water. He pressed the emergency call button, but no one answered him. The cameras worked perfectly, but the guards didn't see him. The building was basically empty. Nicholas struggled with claustrophobia, walked from side to side, jumped, laid down, tried to open the doors, and waited for someone to rescue him. There were repair workers on the other floors, but they didn't hear Nicholas. Also, his colleagues stayed in the office where he worked. They were sure that Nicholas had just gone home. They left the office using other elevators and didn't notice that Nicholas had left his things on his desk. Well, Nicholas was in despair. He was rescued 41 hours later. He was lying on the elevator floor tormented by thirst when he suddenly heard a voice from the elevator speaker. Hey, is anyone there? Rescuers got the man out of the metal box and the building owners paid him compensation for the inconvenience. Despite this nightmare, Nicholas continued to use the elevators. Yeah, living in Manhattan, it would be problematic to avoid them. Certainly for Nicholas, life has its ups and downs. That's it for today. So, hey, if you pacified your curiosity, then give the video a like and share it with your friends. Or if you want more, just click on these videos and stay on the bright",,,,,,,,,,,,,,,,,,,,,,,,1062.0,how people actually survived the brutal winters of the past,it s a snowy winter night you re inside your cozy house and watching a historical movie that takes place during the middle ages as you take another sip of your hot chocolate you can t help but wonder how the people survived the winter back then at that exact moment your tv screen suddenly turns into a portal and pulls you inside you open your eyes to find yourself within the world of the movie you were just watching a man approaches you and says welcome to my medieval village i am bartholomew and i called you here to give you an answer to your question first of all let me tell you that conditions became extremely harsh when the cold arrives and not just for the northern countries mainland europe takes its share of the brutal weather too so winter is kind of a slowing down time for all of us you see we usually associate winter with old age and poverty because of all the changes that occur in nature during this time for example we can t really grow any crops when snow covers all our land and by the early 14th century things started to get even worse because we started seeing the first signs of what you may know as the little ice age cold temperatures peaked weather anomalies and extreme events such as sudden floods or hail storms started to occur which added to our agony take the winter of 1359 for instance across central italy the snow rose to extraordinary heights people had to throw the snow into the streets to lighten up their roofs and because of that some towns were completely blocked their inhabitants were trapped in their homes for several days another example of this is the winter of 1389 the snowfall was so great in the lausanne region of france that many people s farmsteads and houses were destroyed bartholomew notices that you start shivering ah you were not prepared for this journey back to medieval winters i see let s walk to my home and find you some warmer clothes as you can see i m already wearing a cloak a scarf and mittens which are all made out of wool i also have boots that are made out of leather from a deer still all these are not really enough to stay warm when one is outside that s why we usually layer other clothes underneath them all to keep the warmth trapped by the way the wool can get heavy and itchy sometimes so beneath our woolen outer clothing we wear linen undergarments too the linen acts as a barrier between the wool and the skin therefore making things a bit more comfortable for us it is also easier to wash linen clothes and they dry way faster than woolen ones the wealthier ones can line their winter clothing with fur and us regular peasants sometimes use rabbit and lamb for the same purpose it s not as glamorous but still effective we can also hunt some wild animals and birds with the permission of the lord yet again the sumptuary laws in other words consumption laws are very clear on who can wear what according to their social standing take the 1363 english sanctuary law for example it states that the wives and daughters of crafts people and landowning peasants were only allowed to wear lamb rabbit cat and fox furs you notice a weird looking hinged metal sphere in bartholomew s pocket and ask him what that is ah it s a hand warmer he says as he gives it to you if we are going to be outdoors for a long time we bring one of these with us otherwise one s fingers can get numb you know now take a closer look at it and you ll see that it has tiny holes on its surface this helps the heat to escape so that we can warm our hands without burning them once we fill it with hot coal that s kind of heavy you say and think about how lucky you are to be living in modern times with just one click from the comfort of your home you can order hot hands instant hand warmers from amazon and no coal is necessary you can even put those inside your shoes to warm your toes since they re pocket sized unlike this metal orb you and bartholomew arrive at his house you realize that he does not take any of his outer garments off we keep everything on during the coldest months because the indoor heating isn t always great he says as you can see the fireplace stands here at the center of our homes and right above it there is a ventilation hole rather than a chimney which causes us to lose so much of the heat yet again we don t usually sleep in our outside clothes instead we put bricks and stones in the fire wrap them in fabric and take them to our beds to warm the sheets wearing our night caps all night long also helps and when we re not sleeping we usually try to stay close to the fireplace as much as possible you sure appreciate that hot water bottle of yours more now right and you didn t even need to cover it with a cloth like these folks have to do it already came with a knit cover for your convenience and the best part is it s much softer than a brick and can be heated in the microwave within seconds how rude of me i forgot to offer you something to eat bartholomew says i know i already told you winter means stillness for us but we still need to put in some work to not starve there s a lot of preparation to be done in advance to survive these medieval winters first of all we start gathering wood for the fire from as early as spring and through the summer then there s the food we harvest in the fall we have to preserve that in a special way so all will last over the winter months the same thing goes for meat too the methods we use include pickling drying and brining in terms of grains cereals and pulses we dry them out and store them in ceramic or clay pots we later use them for making potted stews and soups in addition to vegetables basically everything we can find goes into the pot the most common foods we eat in our everyday lives include onions peas beans lentils and herbs such as parsley we still have to include protein in our diet though and we do that by eating cheese eggs fatty bacon or salted pork in terms of fresh fruits and berries they are hard to find during wintertime so we preserve the ones we already picked by the air drying method too you think to yourself if only these people had a food dryer at home their lives would be so much easier they could use it for all the foods bartholomew just mentioned from fruits to meat then again there s no electricity here i wouldn t want you to think winters are so grim long and boring after everything i ve told you we still do plenty of activities to keep ourselves entertained bartholomew says but what it s not like they can binge watch their favorite tv shows we play in the snow a lot adults and children all together you can see plenty of peasants ice skating on the frozen lakes to be able to do that we used to use pieces of polished wood or horse shin bones but now we have iron skates too i need to mention though here in western europe ice skating is not as common as in scandinavia that is because they are more accustomed to snow and cold temperatures sledding is another fun activity we do then there are indoor games such as chess back gammon and other dice games wool spinning and telling stories are also common ways to spend some nice time with our family not surprisingly nobles have more opportunities in the entertainment area too for example boar hunting is very common amongst the elite at that moment a portal appears at the door bartholomew says guess it s time for you to head back traveler fair thee well there are very snowy winters in sweden you know snow covers all roads and slows down the traffic some cars may pull over to the side of the road and get out only with the help of a tractor this is a common thing but one day during a snowfall something astonishing happened on december 19th 2011 a man named peter skyberg found himself in a snow trap after he drove off the main road in the north of sweden then snowmoilers accidentally found him pulled him out of there and took him to the hospital it may seem like something common but here s the kicker it took 2 months to find him and outside of that time the temperature dropped to minus22 f that man survived after spending 60 days without water food and heat sources among icy winds and endless snow the people who found him said the car was buried deep in snow at 3 ft and peter skyberg was sitting shaking inside a sleeping bag in the front seat he couldn t speak when they brought him to the hospital the doctors were amazed they knew cases when people survived in cold temperatures for a long time but not for 2 months a person can live without water for several days but peter had no problems with this since he extracted water from the snow without food a person can survive for several weeks to 3 months but what about the cold how did peter solve this problem at such low temperatures people can freeze within several hours the doctors treating peter claimed that his body seemed to activate survival mode and fell into a deep sleep it s like bears that hibernate during winter but the human body can only lower the temperature by a few degrees this is not enough to survive in minus22 frost maybe the man somehow managed to lower the temperature even more the case of peter skyberg became famous doctors and scientists from all over the world put forward their hypothesis about how this managed to survive no one could give the exact reason many people claimed it was just a real miracle others believed it was the result of several factors combined together one of these factors is the sleeping bag it helps keep your body heat better so your temperature may not drop for a long time inside the bag another factor that probably played the key role was the igloo effect indigenous peoples living at the north pole make their homes out of ice and snow you ve probably seen these round houses on the internet or in the movies it s not warm inside them but it doesn t let the cold in the particular design of these houses helps keep the accumulated heat inside igloos can protect from strong winds but it s possible to survive inside them only if you re wearing warm clothes perhaps peter s car turned into such a house snow clung to it from all sides and blocked the heat inside many people wondered why he hadn t tried to get out and find help but seems like peter did the right thing it s pretty dangerous to go out in such conditions you don t know where you are it s freezing cold and there s a blizzard let s say you get out of the car and try to get to the nearest road you fail and come back but you can t find your car because the snow has covered it now your situation is even worse the only option is to start digging snow and make an igloo if you have warm clothes an igloo will help you to keep warm and gain some time but the right solution is to stay inside the car and wait for the rescuers especially if you don t know where you are if you don t have communication or signal lights then try to make a fire smoke can attract the attention of people passing on the nearest road peter skyberg spent some time in the hospital regained strength and was cured now it s much safer to be in a closed cold room or an igloo during the cold however if you re stuck in a severe frost without warm clothes you have about 30 minutes to 2 hours maybe even less if you don t move but in 1980 a miracle happened that shocked people and doctors all over the us 19 year old jean hillyard was driving home at night to the small town of langi she lost control and ended up in a ditch the girl decided to walk to her friend she then saw her friend s house but she didn t get there she got too weak and fainted suddenly jean fell and lost consciousness near her friend s house gene hillyard was wearing a light winter coat cowboy boots and pants so she wasn t quite prepared for harsh winter conditions there was a strong blizzard and snowfall outside so no one noticed her the friend jean wanted to visit only saw the frozen girl near his porch in the morning gene hillard had been lying there for 6 hours her body was hard and cold as if it were made of rubber her eyes looked as if they were made of glass the man who noticed the girl was sure she wasn t alive but then he saw bubbles of moisture from her nose the girl was breathing he got the girl to the hospital her body wouldn t bend so putting the girl in the car was problematic the doctors immediately rushed to help jean but that wasn t easy they couldn t even make any injections as the needles would constantly break the muscles were too stiff and frozen her body activated emergency mode and stopped supplying muscles and soft tissues with blood all the red liquid was directed at the vital organs also in emergency mode our organism can slow down all internal processes of the body the heart starts pounding slower the lungs consume less oxygen and the metabolism nearly stops such energy savings helped the girl to survive but the doctors were more surprised that gan didn t get any serious troubles she got frostbite but the ice crystals didn t destroy her skin and soft tissues doctors decided to warm the girl with a bunch of heating pads then they finally managed to inject medications a few hours later she regained consciousness the test showed that jean was in perfect health meanwhile you can get into a severe trap not only in nature in bad weather you can get stuck in an elevator in a building full of people in manhattan and no one will know about it this happened in 1999 with nicholas white the 34year old manager was working late in the office and decided to take a break after getting some fresh air outside nicholas called the elevator to go back to the 43rd floor but he got trapped in the elevator it was already quite late and almost all the workers had left the building but the worst thing was that it was friday night nicholas had no phone no food and no water he pressed the emergency call button but no one answered him the cameras worked perfectly but the guards didn t see him the building was basically empty nicholas struggled with claustrophobia walked from side to side jumped laid down tried to open the doors and waited for someone to rescue him there were repair workers on the other floors but they didn t hear nicholas also his colleagues stayed in the office where he worked they were sure that nicholas had just gone home they left the office using other elevators and didn t notice that nicholas had left his things on his desk well nicholas was in despair he was rescued 41 hours later he was lying on the elevator floor tormented by thirst when he suddenly heard a voice from the elevator speaker hey is anyone there rescuers got the man out of the metal box and the building owners paid him compensation for the inconvenience despite this nightmare nicholas continued to use the elevators yeah living in manhattan it would be problematic to avoid them certainly for nicholas life has its ups and downs that s it for today so hey if you pacified your curiosity then give the video a like and share it with your friends or if you want more just click on these videos and stay on the bright
REifhuJpjCc,The Milky Way Seems to Be Sending Us Morse Signals,"Strange structures and unexpected signals detected near the center of the Milky Way are challenging what scientists thought they knew about our galaxy. Researchers have identified unusual Morse-like patterns and ancient signals that may be hundreds of millions of years old. These discoveries offer new clues about the extreme processes happening around the galactic core and bring us closer to understanding what really lies deep inside the Milky Way.
Animation is created by Bright Side. 
---------------------------------------------------------------------------------------- 
Music from TheSoul Sound: https://thesoul-sound.com/ 

Check our Bright Side podcast on Spotify and leave a positive review! https://open.spotify.com/show/0hUkPxD34jRLrMrJux4VxV 
Subscribe to Bright Side: https://goo.gl/rQTJZz 
---------------------------------------------------------------------------------------- 
Our Social Media: 
Facebook: https://www.facebook.com/brightplanet/ 
Instagram: https://www.instagram.com/brightside.official 
TikTok: https://www.tiktok.com/@brightside.official?lang=en 

Stock materials (photos, footages and other): 
https://www.depositphotos.com 
https://www.shutterstock.com 
https://www.eastnews.ru 
---------------------------------------------------------------------------------------- 
For more videos and articles visit: http://www.brightside.me 
---------------------------------------------------------------------------------------- 
This video is made for entertainment purposes. We do not make any warranties about the completeness, safety and reliability. Any action you take upon the information in this video is strictly at your own risk, and we will not be liable for any damages or losses. It is the viewer's responsibility to use judgement, care and precaution if you plan to replicate.",2025-12-08T10:21:34Z,"['astronomy', 'astrophysics', 'black hole region', 'brightside', 'brightsideglobal', 'cosmic discoveries', 'cosmic phenomena', 'curiosities', 'deep space', 'earth', 'galactic secrets', 'galaxy center', 'milky way', 'mystery', 'mystery signals', 'planet', 'radio waves', 'scientific findings', 'signal from space', 'space anomalies', 'space facts', 'space research', 'strange signals', 'world']",24,en,en-US,https://i.ytimg.com/vi/REifhuJpjCc/default.jpg,https://i.ytimg.com/vi/REifhuJpjCc/hqdefault.jpg,PT17M55S,7322,266,12,public,UC4rlAVgAK0SGk-yTfe48Qpw,BRIGHT SIDE,"Whether you’re into recent discoveries, space exploration, true stories, fitness, fun tests, and riddles, or useful tips for self-improvement, psychology, gadgets, or just your day-to-day routine, there’s something for everyone!

You can expect all that and more coming at you in 3 top-quality videos every single day. If you’ve got a thirst for knowledge that never quits, then join a community of tens of millions and growing! We have a good time, so take your shoes off, kick back, and make yourself at home here on the Bright Side of life!

Good news! We launched a new app for you 👉 http://bit.ly/Bs3App7
Join the world's largest community of good people! 😉

For brand partnership enquires: brands@thesoul-publishing.com",,https://yt3.ggpht.com/BimIuq2UYH1h-GQDEiV89I1dUEtpWVR8Mp_Q516vPN8rLw488Ap1G9ALhPUyqN8_HTPMbawTBDk=s88-c-k-c0x00ffffff-no-rj,44700000,10844,,,,,,,,,,,,,,,,,,,,,,,,,1075.0,the milky way seems to be sending us morse signals,nan
AiCvUNTaCBY,Leaving Your Key in the Lock Could Get You in Trouble - Here's Why,"Leaving your key in the lock sounds harmless, but it can actually cause way more trouble than most people realize because burglars know exactly how to use that mistake against you. A key left inside can jam some locks from the outside, but in many modern doors it actually makes break-ins easier by giving thieves leverage for bumping, snapping, or using special tools to turn the mechanism. It also tells anyone watching your home that the door is likely unlocked or the homeowner is distracted, which makes your place an instant target. Even worse, emergency responders might not be able to get in during a crisis if the inside key blocks their entry tools.

Animation is created by Bright Side. 
---------------------------------------------------------------------------------------- 
Music from TheSoul Sound: https://thesoul-sound.com/ 

Check our Bright Side podcast on Spotify and leave a positive review! https://open.spotify.com/show/0hUkPxD34jRLrMrJux4VxV 
Subscribe to Bright Side: https://goo.gl/rQTJZz 
---------------------------------------------------------------------------------------- 
Our Social Media: 
Facebook: https://www.facebook.com/brightplanet/ 
Instagram: https://www.instagram.com/brightside.official 
TikTok: https://www.tiktok.com/@brightside.official?lang=en 

Stock materials (photos, footages and other): 
https://www.depositphotos.com 
https://www.shutterstock.com 
https://www.eastnews.ru 
---------------------------------------------------------------------------------------- 
For more videos and articles visit: http://www.brightside.me 
---------------------------------------------------------------------------------------- 
This video is made for entertainment purposes. We do not make any warranties about the completeness, safety and reliability. Any action you take upon the information in this video is strictly at your own risk, and we will not be liable for any damages or losses. It is the viewer's responsibility to use judgement, care and precaution if you plan to replicate.",2025-12-08T00:00:21Z,"['avoid break in mistakes', 'brightside', 'brightsideglobal', 'burglary prevention tips', 'common home security errors', 'curiosities', 'door lock safety', 'earth', 'home safety video', 'home security mistakes', 'key in door problem explained', 'key left in lock danger', 'lock snapping risk', 'mystery', 'planet', 'prevent burglars', 'safety tips for homeowners', 'security expert advice', 'why not leave key in lock', 'world']",24,en-US,en-US,https://i.ytimg.com/vi/AiCvUNTaCBY/default.jpg,https://i.ytimg.com/vi/AiCvUNTaCBY/hqdefault.jpg,PT8M20S,5035,69,9,public,UC4rlAVgAK0SGk-yTfe48Qpw,BRIGHT SIDE,"Whether you’re into recent discoveries, space exploration, true stories, fitness, fun tests, and riddles, or useful tips for self-improvement, psychology, gadgets, or just your day-to-day routine, there’s something for everyone!

You can expect all that and more coming at you in 3 top-quality videos every single day. If you’ve got a thirst for knowledge that never quits, then join a community of tens of millions and growing! We have a good time, so take your shoes off, kick back, and make yourself at home here on the Bright Side of life!

Good news! We launched a new app for you 👉 http://bit.ly/Bs3App7
Join the world's largest community of good people! 😉

For brand partnership enquires: brands@thesoul-publishing.com",,https://yt3.ggpht.com/BimIuq2UYH1h-GQDEiV89I1dUEtpWVR8Mp_Q516vPN8rLw488Ap1G9ALhPUyqN8_HTPMbawTBDk=s88-c-k-c0x00ffffff-no-rj,44700000,10844,,,,,,,,,,,,,,,,,,,,,,,,,500.0,leaving your key in the lock could get you in trouble here s why,nan
sT_0vDLlxDY,Archaeologists Have Found the Lost City of Alexander the Great,"Archaeologists say they’ve finally uncovered the long-lost city linked to Alexander the Great, and the discovery is blowing everyone’s mind because it matches ancient descriptions that historians chased for centuries. Researchers found massive ruins, fortress walls, workshops, and artifacts that line up perfectly with the period when Alexander’s empire stretched across three continents. The site reveals how people lived, traded, and built their world during one of history’s most powerful military expansions, giving us details textbooks never had. Even more exciting, the discovery hints that other legendary locations tied to Alexander might still be out there, buried and waiting. 

Animation is created by Bright Side. 
---------------------------------------------------------------------------------------- 
Music from TheSoul Sound: https://thesoul-sound.com/ 

Check our Bright Side podcast on Spotify and leave a positive review! https://open.spotify.com/show/0hUkPxD34jRLrMrJux4VxV 
Subscribe to Bright Side: https://goo.gl/rQTJZz 
---------------------------------------------------------------------------------------- 
Our Social Media: 
Facebook: https://www.facebook.com/brightplanet/ 
Instagram: https://www.instagram.com/brightside.official 
TikTok: https://www.tiktok.com/@brightside.official?lang=en 

Stock materials (photos, footages and other): 
https://www.depositphotos.com 
https://www.shutterstock.com 
https://www.eastnews.ru 
---------------------------------------------------------------------------------------- 
For more videos and articles visit: http://www.brightside.me 
---------------------------------------------------------------------------------------- 
This video is made for entertainment purposes. We do not make any warranties about the completeness, safety and reliability. Any action you take upon the information in this video is strictly at your own risk, and we will not be liable for any damages or losses. It is the viewer's responsibility to use judgement, care and precaution if you plan to replicate.",2025-12-07T23:01:20Z,"['alexander empire ruins', 'alexander the great history', 'alexander the great lost city', 'ancient artifacts uncovered', 'ancient city found', 'ancient fortress ruins', 'ancient world mysteries', 'archaeological breakthrough', 'archaeologists discovery', 'archaeology documentary', 'brightside', 'brightsideglobal', 'curiosities', 'earth', 'historical discovery 2025', 'historical mysteries explained', 'legendary city found', 'lost city archaeology', 'lost civilization discovery', 'mystery', 'planet', 'world']",24,en-US,en-US,https://i.ytimg.com/vi/sT_0vDLlxDY/default.jpg,https://i.ytimg.com/vi/sT_0vDLlxDY/hqdefault.jpg,PT9M5S,16504,183,21,public,UC4rlAVgAK0SGk-yTfe48Qpw,BRIGHT SIDE,"Whether you’re into recent discoveries, space exploration, true stories, fitness, fun tests, and riddles, or useful tips for self-improvement, psychology, gadgets, or just your day-to-day routine, there’s something for everyone!

You can expect all that and more coming at you in 3 top-quality videos every single day. If you’ve got a thirst for knowledge that never quits, then join a community of tens of millions and growing! We have a good time, so take your shoes off, kick back, and make yourself at home here on the Bright Side of life!

Good news! We launched a new app for you 👉 http://bit.ly/Bs3App7
Join the world's largest community of good people! 😉

For brand partnership enquires: brands@thesoul-publishing.com",,https://yt3.ggpht.com/BimIuq2UYH1h-GQDEiV89I1dUEtpWVR8Mp_Q516vPN8rLw488Ap1G9ALhPUyqN8_HTPMbawTBDk=s88-c-k-c0x00ffffff-no-rj,44700000,10844,,,,,,,,,,,,,,,,,,,,,,,,,545.0,archaeologists have found the lost city of alexander the great,nan
QSBT2oQDCOE,He Zoomed In on Google Earth and Found What Scientists Missed for Decades,"Two different discoveries shed light on Earth’s hidden past. One began with an ordinary Google Maps search that revealed a strange circular structure in Quebec - possibly a long-lost impact crater. The other centers on an ancient geological scar that may predate the continents themselves, offering clues to the violent forces that shaped the early planet. Both cases show how much of Earth’s history is still buried in plain sight or hidden deep beneath its surface.
Animation is created by Bright Side. 
---------------------------------------------------------------------------------------- 
Music from TheSoul Sound: https://thesoul-sound.com/ 

Check our Bright Side podcast on Spotify and leave a positive review! https://open.spotify.com/show/0hUkPxD34jRLrMrJux4VxV 
Subscribe to Bright Side: https://goo.gl/rQTJZz 
---------------------------------------------------------------------------------------- 
Our Social Media: 
Facebook: https://www.facebook.com/brightplanet/ 
Instagram: https://www.instagram.com/brightside.official 
TikTok: https://www.tiktok.com/@brightside.official?lang=en 

Stock materials (photos, footages and other): 
https://www.depositphotos.com 
https://www.shutterstock.com 
https://www.eastnews.ru 
---------------------------------------------------------------------------------------- 
For more videos and articles visit: http://www.brightside.me 
---------------------------------------------------------------------------------------- 
This video is made for entertainment purposes. We do not make any warranties about the completeness, safety and reliability. Any action you take upon the information in this video is strictly at your own risk, and we will not be liable for any damages or losses. It is the viewer's responsibility to use judgement, care and precaution if you plan to replicate.",2025-12-07T18:00:30Z,"['ancient earth', 'brightside', 'brightsideglobal', 'craton studies', 'curiosities', 'deep time', 'earth', 'earth evolution', 'earth exploration', 'earth science', 'geological evidence', 'geology', 'google earth discoveries', 'hidden structures', 'impact craters', 'meteor impacts', 'mystery', 'mystery landscapes', 'natural mysteries', 'planet', 'planet history', 'remote sensing', 'rock formations', 'space rocks', 'terrestrial anomalies', 'world']",24,en,en,https://i.ytimg.com/vi/QSBT2oQDCOE/default.jpg,https://i.ytimg.com/vi/QSBT2oQDCOE/hqdefault.jpg,PT9M44S,72171,901,51,public,UC4rlAVgAK0SGk-yTfe48Qpw,BRIGHT SIDE,"Whether you’re into recent discoveries, space exploration, true stories, fitness, fun tests, and riddles, or useful tips for self-improvement, psychology, gadgets, or just your day-to-day routine, there’s something for everyone!

You can expect all that and more coming at you in 3 top-quality videos every single day. If you’ve got a thirst for knowledge that never quits, then join a community of tens of millions and growing! We have a good time, so take your shoes off, kick back, and make yourself at home here on the Bright Side of life!

Good news! We launched a new app for you 👉 http://bit.ly/Bs3App7
Join the world's largest community of good people! 😉

For brand partnership enquires: brands@thesoul-publishing.com",,https://yt3.ggpht.com/BimIuq2UYH1h-GQDEiV89I1dUEtpWVR8Mp_Q516vPN8rLw488Ap1G9ALhPUyqN8_HTPMbawTBDk=s88-c-k-c0x00ffffff-no-rj,44700000,10844,,,,,,,,,,,,,,,,,,,,,,,,,584.0,he zoomed in on google earth and found what scientists missed for decades,nan
jv0THjrQh54,This Project Will Bring Us Limitless Energy From the Moon,"Scientists are developing a wild new idea that could one day give us practically limitless energy from the Moon, and it all revolves around a giant “catapult”-style launch system that works like a hammer throw. Chinese researchers recently proposed this concept: a massive fifty-meter-long spinning arm on the lunar surface that whips capsules fast enough to reach the Moon’s escape velocity. Instead of using rockets, the system would build up speed, release the payload at just the right moment, and send it flying straight into space. If this works, it could launch materials, fuel, or even harvested lunar resources incredibly cheaply, opening the door to huge energy projects that aren’t possible on Earth because of gravity and cost. And in this video, you’ll see how this futuristic catapult could completely change how we power our civilization.

Animation is created by Bright Side. 
---------------------------------------------------------------------------------------- 
Music from TheSoul Sound: https://thesoul-sound.com/ 

Check our Bright Side podcast on Spotify and leave a positive review! https://open.spotify.com/show/0hUkPxD34jRLrMrJux4VxV 
Subscribe to Bright Side: https://goo.gl/rQTJZz 
---------------------------------------------------------------------------------------- 
Our Social Media: 
Facebook: https://www.facebook.com/brightplanet/ 
Instagram: https://www.instagram.com/brightside.official 
TikTok: https://www.tiktok.com/@brightside.official?lang=en 

Stock materials (photos, footages and other): 
https://www.depositphotos.com 
https://www.shutterstock.com 
https://www.eastnews.ru 
---------------------------------------------------------------------------------------- 
For more videos and articles visit: http://www.brightside.me 
---------------------------------------------------------------------------------------- 
This video is made for entertainment purposes. We do not make any warranties about the completeness, safety and reliability. Any action you take upon the information in this video is strictly at your own risk, and we will not be liable for any damages or losses. It is the viewer's responsibility to use judgement, care and precaution if you plan to replicate.",2025-12-07T16:01:14Z,"['advanced launch systems', 'brightside', 'brightsideglobal', 'chinese lunar launch concept', 'curiosities', 'earth', 'groundbreaking lunar tech', 'limitless energy from the moon', 'lunar catapult system', 'lunar engineering', 'lunar resources energy', 'moon energy project', 'moon escape velocity', 'moon mining future', 'moon power concepts', 'mystery', 'new space technology', 'off world energy production', 'planet', 'space energy ideas', 'space innovation', 'space science video', 'spinning launch arm moon', 'world']",24,en-US,en-US,https://i.ytimg.com/vi/jv0THjrQh54/default.jpg,https://i.ytimg.com/vi/jv0THjrQh54/hqdefault.jpg,PT17M24S,9383,182,18,public,UC4rlAVgAK0SGk-yTfe48Qpw,BRIGHT SIDE,"Whether you’re into recent discoveries, space exploration, true stories, fitness, fun tests, and riddles, or useful tips for self-improvement, psychology, gadgets, or just your day-to-day routine, there’s something for everyone!

You can expect all that and more coming at you in 3 top-quality videos every single day. If you’ve got a thirst for knowledge that never quits, then join a community of tens of millions and growing! We have a good time, so take your shoes off, kick back, and make yourself at home here on the Bright Side of life!

Good news! We launched a new app for you 👉 http://bit.ly/Bs3App7
Join the world's largest community of good people! 😉

For brand partnership enquires: brands@thesoul-publishing.com",,https://yt3.ggpht.com/BimIuq2UYH1h-GQDEiV89I1dUEtpWVR8Mp_Q516vPN8rLw488Ap1G9ALhPUyqN8_HTPMbawTBDk=s88-c-k-c0x00ffffff-no-rj,44700000,10844,,,,,,,,,,,,,,,,,,,,,,,,,1044.0,this project will bring us limitless energy from the moon,nan
BXNWuTUtRGg,There's A Huge Underground Ocean You've Never Heard Of,"Deep beneath Earth’s surface lies a hidden ocean so massive it could dwarf all the water in our rivers and seas, yet almost no one knows it exists. Scientists found it not as open water but trapped inside a blue, water-rich mineral called ringwoodite, buried hundreds of miles down in the mantle where pressure is intense enough to squeeze water into crystal form. This discovery completely changes how we think about Earth’s water cycle, because it means our planet has been storing and recycling water from the inside out for billions of years. Some researchers believe this underground ocean helped keep Earth’s surface oceans stable while other planets lost theirs, making life here possible. And in this video, you’ll explore how this hidden ocean works, what it reveals about Earth’s past, and why it might reshape our entire understanding of the planet we live on.
Animation is created by Bright Side. 
---------------------------------------------------------------------------------------- 
Music from TheSoul Sound: https://thesoul-sound.com/ 

Check our Bright Side podcast on Spotify and leave a positive review! https://open.spotify.com/show/0hUkPxD34jRLrMrJux4VxV 
Subscribe to Bright Side: https://goo.gl/rQTJZz 
---------------------------------------------------------------------------------------- 
Our Social Media: 
Facebook: https://www.facebook.com/brightplanet/ 
Instagram: https://www.instagram.com/brightside.official 
TikTok: https://www.tiktok.com/@brightside.official?lang=en 

Stock materials (photos, footages and other): 
https://www.depositphotos.com 
https://www.shutterstock.com 
https://www.eastnews.ru 
---------------------------------------------------------------------------------------- 
For more videos and articles visit: http://www.brightside.me 
---------------------------------------------------------------------------------------- 
This video is made for entertainment purposes. We do not make any warranties about the completeness, safety and reliability. Any action you take upon the information in this video is strictly at your own risk, and we will not be liable for any damages or losses. It is the viewer's responsibility to use judgement, care and precaution if you plan to replicate.",2025-12-07T10:25:09Z,"['brightside', 'brightsideglobal', 'deep earth research', 'deep earth secrets', 'earth', 'earth mantle explained', 'earth science discoveries', 'earth structure explained', 'geology mysteries', 'giant underground water reservoir', 'mantle hydration', 'mystery', 'planet', 'planet water origins', 'ringwoodite water', 'secret ocean discovery', 'surprising earth facts', 'underground ocean earth', 'underground water system', 'unusual earth phenomena', 'water cycle inside earth', 'water trapped in minerals', 'world']",24,en,en-US,https://i.ytimg.com/vi/BXNWuTUtRGg/default.jpg,https://i.ytimg.com/vi/BXNWuTUtRGg/hqdefault.jpg,PT19M,10902,218,4,public,UC4rlAVgAK0SGk-yTfe48Qpw,BRIGHT SIDE,"Whether you’re into recent discoveries, space exploration, true stories, fitness, fun tests, and riddles, or useful tips for self-improvement, psychology, gadgets, or just your day-to-day routine, there’s something for everyone!

You can expect all that and more coming at you in 3 top-quality videos every single day. If you’ve got a thirst for knowledge that never quits, then join a community of tens of millions and growing! We have a good time, so take your shoes off, kick back, and make yourself at home here on the Bright Side of life!

Good news! We launched a new app for you 👉 http://bit.ly/Bs3App7
Join the world's largest community of good people! 😉

For brand partnership enquires: brands@thesoul-publishing.com",,https://yt3.ggpht.com/BimIuq2UYH1h-GQDEiV89I1dUEtpWVR8Mp_Q516vPN8rLw488Ap1G9ALhPUyqN8_HTPMbawTBDk=s88-c-k-c0x00ffffff-no-rj,44700000,10844,,,,,,,,,,,,,,,,,,,,,,,,,1140.0,there s a huge underground ocean you ve never heard of,nan
Foead3YcqqU,Scientists Found a 'Bermuda Triangle' in Space - It’s Messing With Satellites,"Scientists discovered a bizarre “Bermuda Triangle” in space where satellites glitch, shut down, or lose data for no clear reason, and it’s freaking out engineers. This strange zone, called the South Atlantic Anomaly, sits above part of South America and Africa, where Earth’s magnetic field dips unusually low and lets high-energy radiation slam into orbiting spacecraft. Satellites that pass through it experience weird failures, scrambled signals, and sudden resets, forcing space agencies to redesign hardware just to survive the trip. Some researchers even think the anomaly might be growing or shifting, which could cause even bigger problems for future missions. And in this video, you’ll explore why this cosmic danger zone exists and how it keeps messing with our most important satellites.

Credit:
New Magnetic Process: By NASA Goddard/Mary Pat Hrybyk-Keith; NASA Goddard's Conceptual Image Lab/Josh Masters - https://svs.gsfc.nasa.gov/12901, https://commons.wikimedia.org/wiki/File:NASA_Spacecraft_Finds_New_Magnetic_Process_in_Turbulent_Space.webm
Supercharging the Radiation Belts: By NASA's Goddard Space Flight Center - https://svs.gsfc.nasa.gov/12328, https://commons.wikimedia.org/wiki/File:Supercharging_the_Radiation_Belts.webm
Magnetic 'Dent: By NASA Goddard / YouTube, https://commons.wikimedia.org/wiki/File:NASA_Explores_Earth%27s_Magnetic_%27Dent%27_qpdQcw_52iM.webm
NASA’s LEXI: By NASA's Scientific Visualization Studio - eMITS/Lacey Young, eMITS/Beth Anthony, eMITS/Vanessa Thomas, NASA/Hyunju Connor - https://svs.gsfc.nasa.gov/14739, https://commons.wikimedia.org/wiki/File:From_the_Moon,_NASA%E2%80%99s_LEXI_Will_Reveal_[…]E2%80%99s_Magnetic_Shield_(SVS14739_LEXI_1080_ProRes).webm
Martian Magnetosphere: By NASA's Scientific Visualization Studio - SSAI/Andrew J Christensen, eMITS/Joy Ng, UCLA/Yingjuan Ma, University of California, Berkeley/Robert Lillis - https://svs.gsfc.nasa.gov/5502, https://commons.wikimedia.org/wiki/File:Solar_Storm_Excites_Martian_Magnetosphere_(SVS5[…]Extended_10-8-2024a_jmag_normal_flightB_noAnnotation).webm
Earth: Making of a Planet / Handel Productions
Geomagnetic Storm: By NASA's Scientific Visualization Studio - SSAI/Andrew J Christensen, Global Science and Technology, Inc./Tom Bridgman, ADNET Systems, Inc./Laurence Schuler, ADNET Systems, Inc./Ian Jones, Johns Hopkins University/APL/Slava Merkin, Johns Hopkins University/APL/Eric L. Winter - https://svs.gsfc.nasa.gov/5193, https://commons.wikimedia.org/wiki/File:Geomagnetic_Storm_Causes_Satellite_Loss_(SVS5193).webm
Solar Maximum Period: By NASA's Scientific Visualization Studio - eMITS/Beth Anthony, ADNET Systems, Inc./Abbey A. Interrante, SGT/Sarah Frazier - https://svs.gsfc.nasa.gov/14683, https://commons.wikimedia.org/wiki/File:NASA,_NOAA_Announce_That_the_Sun_Has_Reached_th[…]ar_Maximum_Period_(SVS14683_-_010_SEP-spacecraft_v01).webm
Atmospheric Response: By NASA's Scientific Visualization Studio - SSAI/Andrew J Christensen, ADNET Systems, Inc./Laurence Schuler, ADNET Systems, Inc./Ian Jones, Johns Hopkins University/APL/Slava Merkin, NASA/GSFC/Douglas E. Rowland, Catholic University of America/Katherine Garcia-Sage, ADNET Systems, Inc./Rachel Lense, eMITS/Lacey Young - https://svs.gsfc.nasa.gov/5435, https://commons.wikimedia.org/wiki/File:Geomagnetic_and_Atmospheric_Response_to_May_2024_Solar_Storm_(SVS5435).webm
CC BY-SA 3.0 https://creativecommons.org/licenses/by-sa/3.0/:
Dickinsonia costata: By Ghedoghedo, https://commons.wikimedia.org/w/index.php?curid=16252838
CC BY-SA 4.0 https://creativecommons.org/licenses/by-sa/4.0:
Dickinsonia observed: By Citronnel, https://commons.wikimedia.org/w/index.php?curid=150266782
CC BY-SA 2.0 https://creativecommons.org/licenses/by-sa/2.0:
Life in the Ediacaran sea: By Ryan Somma, FunkMonk, https://commons.wikimedia.org/w/index.php?curid=24277381
CC BY 4.0 https://creativecommons.org/licenses/by/4.0:
Hubblecast 77: By ESA/Hubble - http://spacetelescope.org/videos/hubblecast77a/, https://commons.wikimedia.org/wiki/File:Hubblecast_77.webm
Entstehung und Quellen: By ZDF/Terra X/Faszination Erde/C. Götz-Sobel/O. Rötz/M. Zimmermann/Maximilian Mohr - https://www.zdf.de/dokumentation/terra-x/entstehung-und-quellen-des-himalaya-gebirges-creative-commons-clip-100.html, https://commons.wikimedia.org/wiki/File:Entstehung_und_Quellen_des_Himalaya-Gebirges.webm
CC BY 2.5 https://creativecommons.org/licenses/by/2.5:
DickinsoniaCostata: By Verisimilus, https://commons.wikimedia.org/w/index.php?curid=3262792
Animation is created by Bright Side.",2025-12-07T01:00:20Z,"['bermuda triangle in space', 'bizarre space events', 'brightside', 'cosmic danger zone', 'earth', 'earth magnetic field anomaly', 'magnetic field dip', 'mystery', 'nasa satellite issues', 'orbital hazards', 'planet', 'radiation belt anomaly', 'satellite engineering challenges', 'satellite failures explained', 'satellite glitches', 'satellite malfunction area', 'south atlantic anomaly', 'space mysteries', 'space radiation danger', 'space science documentary', 'strange science space', 'weird space phenomenon']",24,en-US,en-US,https://i.ytimg.com/vi/Foead3YcqqU/default.jpg,https://i.ytimg.com/vi/Foead3YcqqU/hqdefault.jpg,PT9M13S,11340,250,11,public,UC4rlAVgAK0SGk-yTfe48Qpw,BRIGHT SIDE,"Whether you’re into recent discoveries, space exploration, true stories, fitness, fun tests, and riddles, or useful tips for self-improvement, psychology, gadgets, or just your day-to-day routine, there’s something for everyone!

You can expect all that and more coming at you in 3 top-quality videos every single day. If you’ve got a thirst for knowledge that never quits, then join a community of tens of millions and growing! We have a good time, so take your shoes off, kick back, and make yourself at home here on the Bright Side of life!

Good news! We launched a new app for you 👉 http://bit.ly/Bs3App7
Join the world's largest community of good people! 😉

For brand partnership enquires: brands@thesoul-publishing.com",,https://yt3.ggpht.com/BimIuq2UYH1h-GQDEiV89I1dUEtpWVR8Mp_Q516vPN8rLw488Ap1G9ALhPUyqN8_HTPMbawTBDk=s88-c-k-c0x00ffffff-no-rj,44700000,10844,,,,,,,,,,,,,,,,,,,,,,,,,553.0,scientists found a bermuda triangle in space it s messing with satellites,nan
vg-X1IWVzo0,4 Luxury Ship Disasters Caused by Pure Stupidity,"Four luxury ships met disaster not because of bad luck or storms, but because of pure human stupidity—including the infamous Costa Concordia, where the captain sailed too close to shore just to “show off” and ended up sinking a $570 million vessel. Other ships faced the same fate for ridiculous reasons: crews ignored warnings, pushed unsafe speeds, or made ego-driven decisions that put thousands of passengers at risk. These disasters didn’t come from nature—they came from people who thought rules didn’t apply to them. Every case shows how one careless choice can destroy a ship, endanger lives, and cost fortunes. And in this video, you’ll dive into four unbelievable luxury ship failures that never should have happened in the first place.

Animation is created by Bright Side. 
---------------------------------------------------------------------------------------- 
Music from TheSoul Sound: https://thesoul-sound.com/ 

Check our Bright Side podcast on Spotify and leave a positive review! https://open.spotify.com/show/0hUkPxD34jRLrMrJux4VxV 
Subscribe to Bright Side: https://goo.gl/rQTJZz 
---------------------------------------------------------------------------------------- 
Our Social Media: 
Facebook: https://www.facebook.com/brightplanet/ 
Instagram: https://www.instagram.com/brightside.official 
TikTok: https://www.tiktok.com/@brightside.official?lang=en 

Stock materials (photos, footages and other): 
https://www.depositphotos.com 
https://www.shutterstock.com 
https://www.eastnews.ru 
---------------------------------------------------------------------------------------- 
For more videos and articles visit: http://www.brightside.me 
---------------------------------------------------------------------------------------- 
This video is made for entertainment purposes. We do not make any warranties about the completeness, safety and reliability. Any action you take upon the information in this video is strictly at your own risk, and we will not be liable for any damages or losses. It is the viewer's responsibility to use judgement, care and precaution if you plan to replicate.",2025-12-07T00:01:12Z,"['brightside', 'brightsideglobal', 'captain mistakes shipwreck', 'costa concordia disaster', 'cruise ship accidents', 'cruise ship incidents', 'curiosities', 'earth', 'famous ship disasters', 'human error disasters', 'luxury cruise fails', 'luxury ship disasters', 'maritime fail stories', 'maritime safety fails', 'mystery', 'nautical negligence', 'ocean disaster documentary', 'planet', 'real ship disasters explained', 'shipwrecks caused by stupidity', 'unbelievable shipwrecks', 'world']",24,en-US,en-US,https://i.ytimg.com/vi/vg-X1IWVzo0/default.jpg,https://i.ytimg.com/vi/vg-X1IWVzo0/hqdefault.jpg,PT9M41S,6508,103,15,public,UC4rlAVgAK0SGk-yTfe48Qpw,BRIGHT SIDE,"Whether you’re into recent discoveries, space exploration, true stories, fitness, fun tests, and riddles, or useful tips for self-improvement, psychology, gadgets, or just your day-to-day routine, there’s something for everyone!

You can expect all that and more coming at you in 3 top-quality videos every single day. If you’ve got a thirst for knowledge that never quits, then join a community of tens of millions and growing! We have a good time, so take your shoes off, kick back, and make yourself at home here on the Bright Side of life!

Good news! We launched a new app for you 👉 http://bit.ly/Bs3App7
Join the world's largest community of good people! 😉

For brand partnership enquires: brands@thesoul-publishing.com",,https://yt3.ggpht.com/BimIuq2UYH1h-GQDEiV89I1dUEtpWVR8Mp_Q516vPN8rLw488Ap1G9ALhPUyqN8_HTPMbawTBDk=s88-c-k-c0x00ffffff-no-rj,44700000,10844,"The Costa Concordia. The Costa Concordia. The Costa Concordia. The Costa Concordia. The Costa Concordia. Costa Concordia. The Costa Concordia. Costa Concordia. The Costa Concordia disaster is a tragedy that took dozens of lives yet went down as completely avoidable and should have never happened. The disaster was caused by the captain going off course. And it wasn't to dodge an iceberg or fix an engine issue. He wanted to pull a flashy stunt called a sail by salute. That's when a massive cruise ship sails way too close to shore so people on land can wave. Unfortunately, it became the most catastrophic eye in history, claiming 32 lives. It was 2012. Over 4,000 people boarded the Costa Concordia for a chill 7-day Mediterranean cruise. But Captain Francesco Scatino wasn't content with just following a safe, boring route. So on January 13th, after leaving Chvidia, Italy, he steered toward Julio Island to pull off his grand salute. Did he have authorization? Nope. So he ordered the crew to change course, and it went something like, ""Listen, guys, let's head this way."" But the helmsman heard that way. And without a translator handy, the ship took the wrong turn straight into the rocks. There was a magic show going on when the lights suddenly went out. At first, people thought it was part of the act. But then came a horrendous loud crash and everyone started to panic. The ship rolled onto its side and suddenly it became impossible to access lifeboats. Some passengers had no choice but to jump into the cold sea and swim for land. And this wasn't just cold water. It was hypothermia cold. The kind that freezes your muscles and shuts down your arms and legs in minutes. And to make things worse, the ship hadn't even run an emergency drill. So it was total chaos. At some point, Captain Scatino abandoned the ship. Later, he blamed the disaster not on himself, but on the rocks. Yes, he literally said the rocks weren't marked on his charts and that that was the real problem. After the disaster, cruise lines tightened their safety rules. So now every passenger has to do a muster drill before any cruise ship even leaves port. A little late, but at least they finally figured that one out. On December 19, more than 1,500 people perished. Now, if you thought the Costa Concordia was bad, meet Dona P. This was chaos on a whole new level. So much so, it holds the world record for the largest maritime disaster ever in terms of lives lost. And if you're looking for someone to blame, blame the must-sea movie the captain chose to watch instead of, you know, steering. Officially, this passenger ferry could carry about 1,500 people. But somehow more than 4,000 ended up on board. It was basically a human sardine can on water. There weren't enough beds, so passengers slept in the hallways, on the decks, and sometimes three or four had to share one bunk. And to complete the disaster starter pack, rumor has it the ship didn't even have a working radio, and the life jackets were locked away. Oh, perfect. It was December 20th, 1987. The DA Paw set off across the Tablea Strait in the Philippines. For hours, nothing seemed out of the ordinary. Then, at about 10:30 that night, the ferry slammed into an oil tanker, the MT Vector. The problem is that Vector was carrying over 1,000 tons of gasoline. Yep, gasoline. So, you see where this is going, right? After the collision, flames quickly spread to both ships and across the water around them. The captain, meanwhile, was in his bedroom watching a movie, and most of the crew was busy partying, which means nobody with real experience was even monitoring the ship when it crashed. So, when chaos broke out, even the crew panicked. Now, remember that whole women and children first code from Titanic? Here, it was more like every man for himself. There were no orders, no evacuation plan, no leadership. Passengers were trapped with literally nowhere to run. Some were forced to jump off the ship only to land in flaming waters. Others didn't even have time to react. Out of more than 4,000 people on board, only 25 survived. What we learned from this disaster is that yes, there is a limit to how many people you can fit onto one ship. Afterward, the Philippine maritime industry finally enforced stricter safety standards and got a lot tougher about passenger limits. So, no, you won't be sharing a bunk with a random stranger if you get on a ship there today. If the DA Paw is known as Asia's Titanic, then the MV Ljula is Africa's version of it. In 2002, this ferry was supposed to make a trip from Zeanor to Daar. The Leulo was designed to carry about 580 passengers, but on the day of the disaster, it had more than three times that number on board. So, from the moment it left port, the ship was already leaning to one side. To escape the hot, overcrowded cabins, many passengers gathered on the upper deck where students were chatting, playing cards, or flirting far from their parents' eyes. But when night fell, those life is good vibes disappeared fast. Dark clouds rolled in and strong winds started rocking the ferry. As rain started pounding the Ljoula's deck, hundreds of passengers rushed inside. Then the ship suddenly tilted hard to the left and water came pouring in. The cargo hadn't been tied down properly, so it all slid to one side. Even a heavy generator broke loose and suddenly everything went dark. Panic spread. People grabbed onto anything they could. Railings, ropes, other passengers, but the ship tipped too far. Within minutes, the ferry capsized off the coast of Gambia. Most of the travelers were trapped inside. Only 64 people survived. Even after two decades, no one has truly been held accountable. Some blame bad weather, but others say it was human error, and honestly, there were plenty of those. Too many people on board, warnings ignored, and a painfully slow rescue. Let's just hope nothing that tragic ever happens again. The last disaster on our list changed South Korea. We're talking about the MV Sew. It was April 2014. A ferry carrying 476 people, mostly high school students, was supposed to be a fun trip to Guju Island. You know, selfies, snacks, seab breeze. But instead, 304 people never made it home. Those who did survive were mostly rescued by random fishing boats and commercial ships nearby because the official rescue team took about 30 minutes to show up. That's right, 30 minutes. And that delay was just one piece of a much bigger mess. This was a completely preventable disaster from the start. The trip started out fine. Then around 8:48 in the morning, the seaw wall made a sharp turn and suddenly started tilting. But how sharp does a turn have to be to tip a massive ship like that? I mean, it's not a kayak. So, clearly something was already off. Turns out the seaw wall had been modified, like a DIY job gone wrong. The owners wanted more room for cargo and passengers. So, they rebuilt the upper decks and boosted its capacity by over a 100 people. Oh, and on that day, the cargo wasn't even properly tied down. So yeah, it was a disaster waiting to happen. When the ship tilted, all that extra cargo slid to one side, making it lean even more. Water rushed in, flooding passenger compartments. The ferry started sinking within minutes. The passengers panicked, but then they heard the instructions over the intercom. Everyone, stay where you are. Don't move. It's safer in your cabins. Well, it wasn't. While hundreds of students followed orders and waited for help, the captain and several crew members escaped. Yeah, they got off the ship while teenagers were still trapped inside. When rescue teams finally arrived, it was too late for most. The Seaworld disaster shocked an entire nation, but it also brought people together. It sparked new laws, better training, and a promise that no ship would ever sail that recklessly again. That's it for today. So, hey, if you pacified your curiosity, then give the video a like and share it with your friends. Or if you want more, just click on these videos and stay on the bright",,,,,,,,,,,,,,,,,,,,,,,,581.0,4 luxury ship disasters caused by pure stupidity,the costa concordia the costa concordia the costa concordia the costa concordia the costa concordia costa concordia the costa concordia costa concordia the costa concordia disaster is a tragedy that took dozens of lives yet went down as completely avoidable and should have never happened the disaster was caused by the captain going off course and it wasn t to dodge an iceberg or fix an engine issue he wanted to pull a flashy stunt called a sail by salute that s when a massive cruise ship sails way too close to shore so people on land can wave unfortunately it became the most catastrophic eye in history claiming 32 lives it was 2012 over 4 000 people boarded the costa concordia for a chill 7 day mediterranean cruise but captain francesco scatino wasn t content with just following a safe boring route so on january 13th after leaving chvidia italy he steered toward julio island to pull off his grand salute did he have authorization nope so he ordered the crew to change course and it went something like listen guys let s head this way but the helmsman heard that way and without a translator handy the ship took the wrong turn straight into the rocks there was a magic show going on when the lights suddenly went out at first people thought it was part of the act but then came a horrendous loud crash and everyone started to panic the ship rolled onto its side and suddenly it became impossible to access lifeboats some passengers had no choice but to jump into the cold sea and swim for land and this wasn t just cold water it was hypothermia cold the kind that freezes your muscles and shuts down your arms and legs in minutes and to make things worse the ship hadn t even run an emergency drill so it was total chaos at some point captain scatino abandoned the ship later he blamed the disaster not on himself but on the rocks yes he literally said the rocks weren t marked on his charts and that that was the real problem after the disaster cruise lines tightened their safety rules so now every passenger has to do a muster drill before any cruise ship even leaves port a little late but at least they finally figured that one out on december 19 more than 1 500 people perished now if you thought the costa concordia was bad meet dona p this was chaos on a whole new level so much so it holds the world record for the largest maritime disaster ever in terms of lives lost and if you re looking for someone to blame blame the must sea movie the captain chose to watch instead of you know steering officially this passenger ferry could carry about 1 500 people but somehow more than 4 000 ended up on board it was basically a human sardine can on water there weren t enough beds so passengers slept in the hallways on the decks and sometimes three or four had to share one bunk and to complete the disaster starter pack rumor has it the ship didn t even have a working radio and the life jackets were locked away oh perfect it was december 20th 1987 the da paw set off across the tablea strait in the philippines for hours nothing seemed out of the ordinary then at about 10 30 that night the ferry slammed into an oil tanker the mt vector the problem is that vector was carrying over 1 000 tons of gasoline yep gasoline so you see where this is going right after the collision flames quickly spread to both ships and across the water around them the captain meanwhile was in his bedroom watching a movie and most of the crew was busy partying which means nobody with real experience was even monitoring the ship when it crashed so when chaos broke out even the crew panicked now remember that whole women and children first code from titanic here it was more like every man for himself there were no orders no evacuation plan no leadership passengers were trapped with literally nowhere to run some were forced to jump off the ship only to land in flaming waters others didn t even have time to react out of more than 4 000 people on board only 25 survived what we learned from this disaster is that yes there is a limit to how many people you can fit onto one ship afterward the philippine maritime industry finally enforced stricter safety standards and got a lot tougher about passenger limits so no you won t be sharing a bunk with a random stranger if you get on a ship there today if the da paw is known as asia s titanic then the mv ljula is africa s version of it in 2002 this ferry was supposed to make a trip from zeanor to daar the leulo was designed to carry about 580 passengers but on the day of the disaster it had more than three times that number on board so from the moment it left port the ship was already leaning to one side to escape the hot overcrowded cabins many passengers gathered on the upper deck where students were chatting playing cards or flirting far from their parents eyes but when night fell those life is good vibes disappeared fast dark clouds rolled in and strong winds started rocking the ferry as rain started pounding the ljoula s deck hundreds of passengers rushed inside then the ship suddenly tilted hard to the left and water came pouring in the cargo hadn t been tied down properly so it all slid to one side even a heavy generator broke loose and suddenly everything went dark panic spread people grabbed onto anything they could railings ropes other passengers but the ship tipped too far within minutes the ferry capsized off the coast of gambia most of the travelers were trapped inside only 64 people survived even after two decades no one has truly been held accountable some blame bad weather but others say it was human error and honestly there were plenty of those too many people on board warnings ignored and a painfully slow rescue let s just hope nothing that tragic ever happens again the last disaster on our list changed south korea we re talking about the mv sew it was april 2014 a ferry carrying 476 people mostly high school students was supposed to be a fun trip to guju island you know selfies snacks seab breeze but instead 304 people never made it home those who did survive were mostly rescued by random fishing boats and commercial ships nearby because the official rescue team took about 30 minutes to show up that s right 30 minutes and that delay was just one piece of a much bigger mess this was a completely preventable disaster from the start the trip started out fine then around 8 48 in the morning the seaw wall made a sharp turn and suddenly started tilting but how sharp does a turn have to be to tip a massive ship like that i mean it s not a kayak so clearly something was already off turns out the seaw wall had been modified like a diy job gone wrong the owners wanted more room for cargo and passengers so they rebuilt the upper decks and boosted its capacity by over a 100 people oh and on that day the cargo wasn t even properly tied down so yeah it was a disaster waiting to happen when the ship tilted all that extra cargo slid to one side making it lean even more water rushed in flooding passenger compartments the ferry started sinking within minutes the passengers panicked but then they heard the instructions over the intercom everyone stay where you are don t move it s safer in your cabins well it wasn t while hundreds of students followed orders and waited for help the captain and several crew members escaped yeah they got off the ship while teenagers were still trapped inside when rescue teams finally arrived it was too late for most the seaworld disaster shocked an entire nation but it also brought people together it sparked new laws better training and a promise that no ship would ever sail that recklessly again that s it for today so hey if you pacified your curiosity then give the video a like and share it with your friends or if you want more just click on these videos and stay on the bright
doQqHByCRUQ,This Village Is Haunted - Solve the Riddles to Get Out of It!,"This creepy little village feels totally normal at first, but the moment you step inside, the doors slam shut behind you and the only way out is by solving the riddles the place keeps throwing at you. Every street hides a new puzzle—strange symbols carved into walls, whispers coming from empty houses, and clues buried in places you really don’t want to look. The villagers vanished long ago, but something here still watches, waiting to see if you’re smart enough—or lucky enough—to escape. Each riddle gets harder, twisting your logic and messing with your nerves until the whole village feels alive. And in this video, you’ll test your brain against this haunted maze and see if you can escape before the village decides you’re staying forever.

Animation is created by Bright Side.
----------------------------------------------------------------------------------------
Music from TheSoul Sound: https://thesoul-sound.com/
 
Check our Bright Side podcast on Spotify and leave a positive review! https://open.spotify.com/show/0hUkPxD34jRLrMrJux4VxV
 
Subscribe to Bright Side: https://goo.gl/rQTJZz
----------------------------------------------------------------------------------------
Our Social Media:
Facebook: https://www.facebook.com/brightside
Instagram: https://www.instagram.com/brightside.official
TikTok: https://www.tiktok.com/@brightside.official?lang=en
Telegram: https://t.me/bright_side_official
 
Stock materials (photos, footages and other):
https://www.depositphotos.com
https://www.shutterstock.com
https://www.eastnews.ru
----------------------------------------------------------------------------------------
 For more videos and articles visit:
http://www.brightside.me
 ----------------------------------------------------------------------------------------
This video is made for entertainment purposes. We do not make any warranties about the completeness, safety and reliability. Any action you take upon the information in this video is strictly at your own risk, and we will not be liable for any damages or losses. It is the viewer's responsibility to use judgement, care and precaution if you plan to replicate.",2025-12-06T22:00:42Z,"['brain teasers horror theme', 'brightside', 'brightsideglobal', 'creepy escape challenge', 'creepy puzzle village', 'curiosities', 'earth', 'escape room riddles', 'escape the village challenge', 'haunted escape challenge', 'haunted village riddles', 'horror riddle adventure', 'mystery', 'mystery riddles video', 'planet', 'scary brain games', 'scary riddles game', 'scary story puzzles', 'solve clues to escape', 'solve the mystery riddles', 'spooky logic riddles', 'spooky riddles', 'village mystery game', 'world']",24,en-US,en-US,https://i.ytimg.com/vi/doQqHByCRUQ/default.jpg,https://i.ytimg.com/vi/doQqHByCRUQ/hqdefault.jpg,PT9M18S,8627,103,5,public,UC4rlAVgAK0SGk-yTfe48Qpw,BRIGHT SIDE,"Whether you’re into recent discoveries, space exploration, true stories, fitness, fun tests, and riddles, or useful tips for self-improvement, psychology, gadgets, or just your day-to-day routine, there’s something for everyone!

You can expect all that and more coming at you in 3 top-quality videos every single day. If you’ve got a thirst for knowledge that never quits, then join a community of tens of millions and growing! We have a good time, so take your shoes off, kick back, and make yourself at home here on the Bright Side of life!

Good news! We launched a new app for you 👉 http://bit.ly/Bs3App7
Join the world's largest community of good people! 😉

For brand partnership enquires: brands@thesoul-publishing.com",,https://yt3.ggpht.com/BimIuq2UYH1h-GQDEiV89I1dUEtpWVR8Mp_Q516vPN8rLw488Ap1G9ALhPUyqN8_HTPMbawTBDk=s88-c-k-c0x00ffffff-no-rj,44700000,10844,"Dan is a backpacker who loves exploring abandoned and mysterious towns. He has tons of visited places under his belt. But this time, without your help, his adventure may end in tragedy. It's getting late when he arrives at a crossroads in an ancient village in Japan. He knows that he needs to leave the village as soon as he can. Once the night falls, he may not be able to survive. Twilight makes it hard to see anything, but Dan manages to spot the signs marking three paths. Above the first path, a cat is drawn. Above the second road, Dan sees the number four. Above the third path, there is no sign, but the guy hears the sound of the wind there. Which path should Dan opt for to leave the village unharmed? The number four is considered to be a symbol of bad luck in Japan because when it is pronounced, it sounds similar to demise. The third path isn't the best option either. In Japanese culture, if you hear a loud sound, for example, thunder or the sound of the wind, it can mean that something bad will happen. Dan needs to go along the first path since the cat is a symbol of happiness and luck in Japan. So Dan decides to listen to his gut feeling and follow the first path. Soon he finds himself in a relatively large square and sees a large clock on a tower. The clock has a strange inscription. When the hourhand points at the number of the month and the minute hand points at the number of the day, the time is correct. So, if the date is the 5th of March, what time does the clock show? A. 3005, B 503, C 3:15, D 5:30. The hour hand should point at three, which is March, and the minute hand points at 5, which is the day of the month. So, the correct time would be 3:05, which is answer A. But this clock isn't the only bizarre thing Dan comes across. Soon, he sees a dark tunnel and three lanterns standing next to the entrance, each with a different symbol. The first lantern has the moon depicted on it. The second lantern has the sun, and the third lantern is decorated with a star. There's also a note which says the correct lantern is the one that is not the brightest or the darkest but in between. Which lantern should Dan choose to proceed further? That's what Dan thinks. The brightest lantern must be the sun. The darkest lantern is bound to be the moon. And the one in between must be the star. since it's neither the brightest nor the darkest. So Dan should choose the third lantern. As he's walking deeper into the tunnel, he feels the air getting colder. The darkness seems to become dense behind his back. Suddenly, the tunnel splits into three. Next to each path, there's an inscription. According to them, the first tunnel leads to a den of ancient dragons. The second tunnel ends in the lair of a terrifying shark-like monster only spotted once. After that, no one has dared to visit for a decade. And the third tunnel leads to a bottomless pit. Which tunnel should Dan choose to have at least a tiny chance to survive? Dan should try the second tunnel. If this monster is indeed like a shark, it wouldn't have survived out of water for so long. Luckily, Dan's guess turns out to be true. Walking through the second tunnel is a blood chilling experience, but at least the tunnel seems to be empty. Dan gets out of it and almost immediately comes across three people. His gut feeling tells them that something is off about this situation. Let's have a closer look at the people. A beautiful bride holding a bouquet of flowers. An elderly, fragile lady with a cane whose handle is decorated with a dragon. And a young girl with a big teddy bear. A ghostly voice doing Dan's voice suddenly utters, ""One of them is a monster in disguise. You have to figure out who it is until it's too late. Can you help Dan get out of this terrifying situation unharmed? The monster is actually the girl's teddy bear. Look at these two carefully. It's not the girl who is holding on to the bear. It's the other way around. Soon, it starts raining and the only shelter Dan can see is a spooky castle. He enters. Suddenly, he hears footsteps behind his back. Someone starts chasing after him. Dan runs faster and faster and then a dead end. Just a second later, he notices three doors in the wall. But don't forget where Dan is in a haunted place. So, no wonder that behind each door, there is some horrifying creature. The first door hides a zombie. A werewolf is behind the second door. If Dan opens the third door, he'll come face to face with a bloodthirsty vampire. Which door should Dan open to have a chance to survive? Dan should escape through the second door. If you were attentive before, you might have noticed that the moon was waxing and werewolves only transform on a full moon. Dan got out of the castle, but in the backyard, he saw a lake. And there, beneath the surface, there was a young boy. Dan is struck with horror. Should he jump into the water and save him? N there's no need. Look to the left. See that rock and the lady sitting on it? She's got a tail, which means she is a mermaid. And the boy must be her kid. Check it out. He's smiling, looking totally relaxed. What's even more important, he's got gills. The village definitely doesn't want to let Dan go. Now he is stuck in the middle of a natural disaster. Luckily, he can choose between a tornado, flood, or lightning strike. Which one is the safest? Uh, can I even say so? The only place where Dan can find some kind of shelter is that high hill behind his back. High ground during a lightning storm or a tornado is a terrible, terrible idea, which means Dan will only be able to survive a flood. Well, after living through the flood, Dan continues his way. Now he's traveling through a jungle. And soon he finds out that he's almost out of water. He can get more water from one of four sources. From a juicy cactus, from a pond with salty sea water, from a clear still lake, or from a silty stream. What source of water should Dan opt for to fill his filtered water bottle? Well, not many people know it, but most cacti are toxic. And instead of quenching his thirst, Dan may end up with a bad stomach ache. Salty sea water will dehydrate him. Stagnant water in the still lake is swarming with all kinds of bacteria, and drinking it is extremely dangerous. Thus, Dan's best choice is the Silty Stream. It contains nothing his filtered water bottle can't eliminate. Dan finds a dilapidated hut and decides to spend the night there. Suddenly, he hears some noise and sees a ghost next to the door. The supernatural creature seems to be quite powerful, so Dan needs to protect himself by drawing a circle around himself. Look at the hut and try to figure out what he can use for this purpose. There is some sugar in that jar on the table, but it's unlikely it'll be enough to draw a perfect circle. There is also a sheet on the bed, but it's too short to make a circle that could fit a grown man. But look at that. It's chalk. Now, this will definitely work. That's it for today. So, hey, if you pacified your curiosity, then give the video a like and share it with your friends. Or if you want more, just click on these videos and stay on the bright",,,,,,,,,,,,,,,,,,,,,,,,558.0,this village is haunted solve the riddles to get out of it,dan is a backpacker who loves exploring abandoned and mysterious towns he has tons of visited places under his belt but this time without your help his adventure may end in tragedy it s getting late when he arrives at a crossroads in an ancient village in japan he knows that he needs to leave the village as soon as he can once the night falls he may not be able to survive twilight makes it hard to see anything but dan manages to spot the signs marking three paths above the first path a cat is drawn above the second road dan sees the number four above the third path there is no sign but the guy hears the sound of the wind there which path should dan opt for to leave the village unharmed the number four is considered to be a symbol of bad luck in japan because when it is pronounced it sounds similar to demise the third path isn t the best option either in japanese culture if you hear a loud sound for example thunder or the sound of the wind it can mean that something bad will happen dan needs to go along the first path since the cat is a symbol of happiness and luck in japan so dan decides to listen to his gut feeling and follow the first path soon he finds himself in a relatively large square and sees a large clock on a tower the clock has a strange inscription when the hourhand points at the number of the month and the minute hand points at the number of the day the time is correct so if the date is the 5th of march what time does the clock show a 3005 b 503 c 3 15 d 5 30 the hour hand should point at three which is march and the minute hand points at 5 which is the day of the month so the correct time would be 3 05 which is answer a but this clock isn t the only bizarre thing dan comes across soon he sees a dark tunnel and three lanterns standing next to the entrance each with a different symbol the first lantern has the moon depicted on it the second lantern has the sun and the third lantern is decorated with a star there s also a note which says the correct lantern is the one that is not the brightest or the darkest but in between which lantern should dan choose to proceed further that s what dan thinks the brightest lantern must be the sun the darkest lantern is bound to be the moon and the one in between must be the star since it s neither the brightest nor the darkest so dan should choose the third lantern as he s walking deeper into the tunnel he feels the air getting colder the darkness seems to become dense behind his back suddenly the tunnel splits into three next to each path there s an inscription according to them the first tunnel leads to a den of ancient dragons the second tunnel ends in the lair of a terrifying shark like monster only spotted once after that no one has dared to visit for a decade and the third tunnel leads to a bottomless pit which tunnel should dan choose to have at least a tiny chance to survive dan should try the second tunnel if this monster is indeed like a shark it wouldn t have survived out of water for so long luckily dan s guess turns out to be true walking through the second tunnel is a blood chilling experience but at least the tunnel seems to be empty dan gets out of it and almost immediately comes across three people his gut feeling tells them that something is off about this situation let s have a closer look at the people a beautiful bride holding a bouquet of flowers an elderly fragile lady with a cane whose handle is decorated with a dragon and a young girl with a big teddy bear a ghostly voice doing dan s voice suddenly utters one of them is a monster in disguise you have to figure out who it is until it s too late can you help dan get out of this terrifying situation unharmed the monster is actually the girl s teddy bear look at these two carefully it s not the girl who is holding on to the bear it s the other way around soon it starts raining and the only shelter dan can see is a spooky castle he enters suddenly he hears footsteps behind his back someone starts chasing after him dan runs faster and faster and then a dead end just a second later he notices three doors in the wall but don t forget where dan is in a haunted place so no wonder that behind each door there is some horrifying creature the first door hides a zombie a werewolf is behind the second door if dan opens the third door he ll come face to face with a bloodthirsty vampire which door should dan open to have a chance to survive dan should escape through the second door if you were attentive before you might have noticed that the moon was waxing and werewolves only transform on a full moon dan got out of the castle but in the backyard he saw a lake and there beneath the surface there was a young boy dan is struck with horror should he jump into the water and save him n there s no need look to the left see that rock and the lady sitting on it she s got a tail which means she is a mermaid and the boy must be her kid check it out he s smiling looking totally relaxed what s even more important he s got gills the village definitely doesn t want to let dan go now he is stuck in the middle of a natural disaster luckily he can choose between a tornado flood or lightning strike which one is the safest uh can i even say so the only place where dan can find some kind of shelter is that high hill behind his back high ground during a lightning storm or a tornado is a terrible terrible idea which means dan will only be able to survive a flood well after living through the flood dan continues his way now he s traveling through a jungle and soon he finds out that he s almost out of water he can get more water from one of four sources from a juicy cactus from a pond with salty sea water from a clear still lake or from a silty stream what source of water should dan opt for to fill his filtered water bottle well not many people know it but most cacti are toxic and instead of quenching his thirst dan may end up with a bad stomach ache salty sea water will dehydrate him stagnant water in the still lake is swarming with all kinds of bacteria and drinking it is extremely dangerous thus dan s best choice is the silty stream it contains nothing his filtered water bottle can t eliminate dan finds a dilapidated hut and decides to spend the night there suddenly he hears some noise and sees a ghost next to the door the supernatural creature seems to be quite powerful so dan needs to protect himself by drawing a circle around himself look at the hut and try to figure out what he can use for this purpose there is some sugar in that jar on the table but it s unlikely it ll be enough to draw a perfect circle there is also a sheet on the bed but it s too short to make a circle that could fit a grown man but look at that it s chalk now this will definitely work that s it for today so hey if you pacified your curiosity then give the video a like and share it with your friends or if you want more just click on these videos and stay on the bright
ATtEgal_mOI,This Underground Lake In Antarctica Changes All We Know About Life on Earth,"Deep under Antarctica’s ice lies an underground lake that completely flips what we thought we knew about life on Earth, because organisms survive there without sunlight, in freezing temperatures, and under pressures strong enough to crush metal. Scientists discovered microbes living off chemical reactions in the dark, proving life doesn’t need warmth or light—it just needs the right chemistry. The lake stayed sealed off from the surface for millions of years, creating an isolated world that evolved on its own, like a hidden time capsule from ancient Earth. This strange ecosystem now helps researchers imagine what life might look like on icy moons like Europa or Enceladus, where oceans hide beneath thick shells of frozen crust. 

Animation is created by Bright Side. 
---------------------------------------------------------------------------------------- 
Music from TheSoul Sound: https://thesoul-sound.com/ 

Check our Bright Side podcast on Spotify and leave a positive review! https://open.spotify.com/show/0hUkPxD34jRLrMrJux4VxV 
Subscribe to Bright Side: https://goo.gl/rQTJZz 
---------------------------------------------------------------------------------------- 
Our Social Media: 
Facebook: https://www.facebook.com/brightplanet/ 
Instagram: https://www.instagram.com/brightside.official 
TikTok: https://www.tiktok.com/@brightside.official?lang=en 

Stock materials (photos, footages and other): 
https://www.depositphotos.com 
https://www.shutterstock.com 
https://www.eastnews.ru 
---------------------------------------------------------------------------------------- 
For more videos and articles visit: http://www.brightside.me 
---------------------------------------------------------------------------------------- 
This video is made for entertainment purposes. We do not make any warranties about the completeness, safety and reliability. Any action you take upon the information in this video is strictly at your own risk, and we will not be liable for any damages or losses. It is the viewer's responsibility to use judgement, care and precaution if you plan to replicate.",2025-12-06T18:00:10Z,"['antarctic microbes', 'antarctica underground lake', 'astrobiology research', 'brightside', 'brightsideglobal', 'deep ice science', 'earth’s hidden worlds', 'enceladus ocean', 'europa life clues', 'extreme environment biology', 'extreme life on earth', 'frozen world mysteries', 'hidden lake antarctica', 'icy moon comparison', 'isolated ecosystems', 'life in darkness explained', 'life without sunlight', 'mystery', 'planet', 'scientific discovery antarctica', 'subglacial lake discovery', 'unusual life forms']",24,en-US,en-US,https://i.ytimg.com/vi/ATtEgal_mOI/default.jpg,https://i.ytimg.com/vi/ATtEgal_mOI/hqdefault.jpg,PT17M2S,6821,161,9,public,UC4rlAVgAK0SGk-yTfe48Qpw,BRIGHT SIDE,"Whether you’re into recent discoveries, space exploration, true stories, fitness, fun tests, and riddles, or useful tips for self-improvement, psychology, gadgets, or just your day-to-day routine, there’s something for everyone!

You can expect all that and more coming at you in 3 top-quality videos every single day. If you’ve got a thirst for knowledge that never quits, then join a community of tens of millions and growing! We have a good time, so take your shoes off, kick back, and make yourself at home here on the Bright Side of life!

Good news! We launched a new app for you 👉 http://bit.ly/Bs3App7
Join the world's largest community of good people! 😉

For brand partnership enquires: brands@thesoul-publishing.com",,https://yt3.ggpht.com/BimIuq2UYH1h-GQDEiV89I1dUEtpWVR8Mp_Q516vPN8rLw488Ap1G9ALhPUyqN8_HTPMbawTBDk=s88-c-k-c0x00ffffff-no-rj,44700000,10844,"Scientists just discovered a lake in Antarctica that flips everything we thought we knew about life on Earth. They drilled through thick ice and found liquid water where everything should be frozen solid. And inside this water, there is life. I mean, actual living organisms thriving in the dark, untouched for ages. The story starts with an expedition that added a new super important spot to the Antarctica map. Between November 2019 and January 2020, researchers trekking across the frozen desolation reached an area called Enigma Lake. They thought they were walking over a huge slab of solid ice, but their gear showed something different. So they used a powerful drill to get through the ice, peered beneath layer after layer, and detected at least 40 ft of liquid water trapped under the surface. They came looking for a rock, but found a hidden world under ice in this Antarctica lake where they would least expect it. The scientists were shocked and didn't stop at this discovery. They wanted to know where all this water came from. Because in this part of Antarctica, the climate is ruthless. Extreme temperature, low precipitation, punishing winds, and solar evaporation aren't exactly perfect conditions for a lake. Any fresh water was supposed to have dried up long ago, so there had to be a source for refills for a subglacial lake in Antarctica like this one. The researchers looked at the chemical composition of the salt and dissolved materials in the water. They noticed some patterns that pointed to a source. It looked like the nearby glacier was feeding the lake via some underground pathway nobody expected to exist. So there it is, an amazing Antarctica discovery hidden beneath ice, fed not from rain or surface melting, but from an underground flow that circles the Earth in silence. And because of that, when the team drilled deeper, they didn't just find water. They found a secret ecosystem, life, where they thought there couldn't be any. Now, by life here, I don't mean the kind that waves at us. I mean tiny creatures, tiny structures, microbial communities that evolved in isolation, shielded by the ice, and pretty restricted to their hidden home. They cover the lake bed in microbial mats, not just blobs of algae, but complex carpet-like mats of microorganisms. Some mats look like thin spiky coverings. Others like thick crumpled carpets or even treelike structures up to 15 in tall. And these formations looking straight out of a sci-fi movie about life on distant planets aren't random specks of DNA floating in water. They are thriving, building structures layering, changing over time. So the lake bed is kind of like a forest floor, only it's dark, cold, and covered by ice. If life can flourish under 45 ft of ice in near darkness, maybe our ideas of where it can exist need updating. And we don't know what happens when we disturb this hidden lake ecosystem. What if we inject humans, machinery, or even our breath into the mix? These microbes have lived isolated for who knows how many millennia, maybe even millions of years, without any exposure to the world above. If humans mess with them, these organisms could be at serious risk when they meet microbes they had never met before. The lake could get contaminated and its ecosystem could change for good. As we step into this new territory, we must be extra cautious. After all, the entire Antarctica is like a book of secrets of evolution, adaptation, and survival that we must read carefully. This continent keeps surprising us. Animals that were never seen before turn up in its remote corners. From bizarre sea creatures to iceloving insects you didn't know existed. For example, the iceloving sea anemone scientists spotted hanging upside down from the underside of the Ross ice shelf. It looks like a delicate flower glued to the ceiling, waving its tentacles into water as cold as a bad breakup. Researchers steered a robot under the ice and found a brand new species. Then there's the celebrity newcomer with serious red carpet energy, the Antarctic strawberry feather star. This floating pompom can have up to 20 arms. It got its nickname because the body looks, you guessed it, strawberryish. And oh, I guess Antarctica is the last place where you'd expect to see a fish nursery, but it has the largest known one in the whole world. Researchers were there towing their cameras along the wed sea seabed to map it when they spotted thousands then millions of identical bowls in the sediment. The nests covered 93 square miles of seafloor and there were a total of 60 million of them one every 10 in all the nests belong to ice fish. These creatures are white-blooded meaning they don't have hemoglobin the stuff that makes blood red. And somehow they still managed to survive in water cold enough to shatter your soul. Every nest had a parent fish sitting guard over about 1,700 eggs. Turns out Wedell seals feast on ice fish. So this massive breeding ground isn't just a nursery. It's also a buffet for the neighborhood predators. And speaking of buffets, the ice fish themselves feed from a warm upwelling that pulls up nutrients and microscopic zup plankton. It's all pretty cool that the ice fish colony has a hard edge, a literal line in the sand. The edge of that border matches perfectly with the outer rim of the warm upwelling, which looks like a carefully crafted evolutionary trick. Another Antarctica discovery that shocked scientists wasn't a cool looking fish or a dinosaur bone, but something probably even more important for science. Bubbles. tiny ancient bubbles trapped inside what might be the oldest ice ever brought up to daylight, nearly 1.2 million years old. Before this discovery, researchers had recorded climate history going back 800,000 years. But they wanted more. They spent years searching for the perfect spot where ice could tell the story straight through. Some Antarctic regions hold ice even older, maybe 3 or 4 million years. But it's patchy and they needed a continuous record. When they finally drilled into the right spot, they found crystalclear ice cores with bubbles that trap the atmosphere of Earth as it was hundreds of thousands of years ago. When scientists analyze the air inside, they're not just studying gases. They can tell what our distant ancestors inhaled, what the planet exhaled, and how the rhythm of life and climate played out long before us. The period around 900,000 years ago, the same time sealed inside this ice, may have been one of humanity's closest calls. According to genetic studies, the human population shrank to about 1,300 individuals on the entire planet. Nobody knows what exactly led to this, but it could have been the climate. So, these ancient bubbles might hold the clues we need to understand how our ancestors survived one of the toughest chapters in Earth's story and maybe how we can survive the next. Because, you know, the planet keeps repeating itself in new and uncomfortable ways. And Antarctica has lessons to teach us. One lesson we might learn the hard way has to do with what's under its ice. Scientists recently found that there's something brewing beneath Antarctica that's anything but chill. There might be volcanoes there, quietly waiting for their moment. Yeah, you heard it correctly. Volcanoes. The hot, fiery kind sitting under miles of ice. The team used computer simulations and found that when parts of the ice melt, the pressure holding those volcanoes down easel even more ice from below. It's like a self-feeding loop of chaos. The ice melts, volcano wakes up, then more ice melts. Even if humans stopped affecting the climate conditions on the planet tomorrow, that chain reaction could keep going. Because it's not just about the air, it's about the fire hiding underneath. The scariest part is that this kind of melt could raise sea levels way more than we thought. And since Antarctica has over 70% of all the freshwater reserves on Earth, you can imagine the drama level it could lead to. So you see now that Antarctica map is like a real life board game for humans, and we must be careful studying and playing it. So there's a mysterious doorway in the middle of Antarctica. Some people think it's Bigfoot's vacation home or a shuttle craft from Star Trek or maybe a door to Agartha, a mythical kingdom some people believe is located in the center of the Earth. Well, the scientists debunked all these poetic theories and explained that what looks like a mysterious doorway is located in an area of fast sea ice. It's offshore of the coast and is full of little islands with shallow water around them. When ice flows around hard rocks hidden underneath, it can create patterns that look odd but are totally normal. In this spot, the ice is thin. So, the rocks underneath have a big effect on how the ice moves. The cold winds in Antarctica also shape the ice and snow and make it look like they're lines and shapes. So, the mysterious doorway is just a rocky ridge poking out because the ice has melted a little. The top of the doorway is the tip of the rock and the sides are snowy trails left by strong winds blowing in the same direction. It's essentially an iceberg that got stranded and is melting in one place. One YouTuber found another out ofplace mysterious object more than 150 m off the shore of Antarctica, a 400 ft long ice ship. The internet went wild with theories like that the ship must have ended up there right from the Bermuda Triangle. But there was no scientific proof that it was a ship and not just a large chunk of ice. And once some other internet users revisited the place, they noticed the ice melted in the summer and the hypothetical ship was gone. Another mysterious Google Maps find in Antarctica was a pyramid. And before you make up an exciting theory about how the ancient Egyptians built a secret base here, I have to tell you it turned out to be just a mountain. It's part of the tallest mountain range in Antarctica that stretches for almost 250 mi. It's not the first pyramid on this continent, as explorers from the British Antarctic Expedition found another unusually shaped mountain and nicknamed it the pyramid. But this one didn't even have a pyramid shape. Here's one Antarctic find that definitely won't disappoint you. A giant ice shelf that reminded scientists of the Grand Canyon. A special submarine robot named Ran covered over 600 miles under the thick ice and brought back some amazing footage of icy mountains, valleys, flat plateaus, and swirly patterns made entirely of ice. One of the strangest things Rand found was giant ball-shaped holes or scoops in the ice. Sadly, scientists lost track of the robot. They think that curious Wendell seals may have accidentally bumped into Ran and caused it to get stuck. To save energy, Ran probably shut itself down, and the scientists couldn't find it again. But the team is hoping to build a new robot and continue exploring this icy canyon to see how the patterns under the ice might change over the years. Another huge Antarctic canyon was found thanks to bad weather. A team of sound experts had to pause their work at the Casey Research Station in a storm. Instead of waiting around, they decided to use the unexpected free time to map the seafloor near Adam's Glacier. And that's how they found a canyon that is almost 7,000 ft deep, almost 30,000 ft wide, and stretches over 28 mi away from the glacier. During the mapping, they discovered just part of the canyon before they had to go back to the research station. But when bad weather came in again, the ship went back and mapped more of the canyon. They were working in waves up to 13 ft high and super powerful winds, but they managed to get about 15 hours of data to complete their map. On the way back to Australia, they stopped one last time, and now they've got a full picture of the canyon. Studying it is helping scientists learn more about the history of glaciers and the interaction between the Antarctic ice sheet and the ocean. Now, there's a frozen lake in Antarctica called Lake Enigma. For a long time, people thought the lake was completely frozen solid. But during one expedition, researchers found that under the thick ice, there was a layer of liquid water about 40 ft deep. To learn more, they drilled through the ice and sent down a camera to explore what was hiding in the lakes's depths. The lakes's water, which they think comes from the nearby amorphous glacier through a secret underground pathway, was filled with strange microbial life. These tiny microbes lived in mats that covered the lake bed. Some of the mats were thin and spiky, and others looked like crumpled carpets or even small treelike shapes that grew up to 16 in. Many of the microbes could make their own food through photosynthesis just like plants do. And it gave the lake a high amount of oxygen. One of the coolest discoveries was a type of microbe which usually lives in low oxygen places. Lake Enigma might be similar to environments on icy moons like Europa or Encettilus. So, it could mean that these moons also have hidden water under their ice and possibly microbial life, too. One more mind-boggling discovery from Antarctica is tiny pieces of amber in mudstone found here for the very first time. It took scientists years of studying incredibly wellpreserved fossilized roots, pollen, and spores that they found back in 2017. Amber proves that resin producing trees once grew in Antarctica, part of a lush rainforest that existed near the South Pole during the mid cretaceous period. Back then, disclaimer, I wasn't around then, the trees would have had to survive through months of darkness during the long Antarctic winters. Scientists believe they adapted by going dormant for a long time. The amber pieces the scientists found are tiny, but there are beautiful shades of yellow and orange with bumpy surfaces that show how the resin flowed out of the trees. This resin likely leaked out to protect the trees from insects. It was preserved because water quickly covered it and kept it safe from sunlight and air. A scientist was browsing through satellite images for brown trails of penguin waste and found four new colonies of emperor penguins at the base of the globe. These new colonies likely have been around for years, though three of them are rather small with fewer than a thousand breeding penguins each. One of the new colonies was found close to a place called the Lazarov Ice Shelf where there used to be a larger penguin colony. They thought this colony went extinct in 2019, but it seems the penguins have just moved a bit because of changing sea ice conditions. So, studying them can help us learn more about how emperor penguins adapt to changes in the environment. Now, there used to be a giant river system in Antarctica 40 million years ago. Researchers found proof of it after studying soft sediments and hard rocks from the frozen seabed. They looked at tiny bits of radioactive elements like uranium and lead and learned that the deeper dirt came from the time of dinosaurs. The dirt closer to the surface was younger and had an interesting pattern like the kind you see in river deltas today, such as in the Mississippi River or Rio Grand. Scientists found tiny signs of life in the sand. The river that once flowed here started in the trans Antarctic mountains and traveled 930 m before it reached the sea. Researchers kept studying newer layers of dirt from about 20 million years ago. They hope this will help them predict what the Earth's weather patterns might be like in the future. That's it for today. So, hey, if you pacified your curiosity, then give the video a like and share it with your friends. Or if you want more, just click on these videos and stay on the bright",,,,,,,,,,,,,,,,,,,,,,,,1022.0,this underground lake in antarctica changes all we know about life on earth,scientists just discovered a lake in antarctica that flips everything we thought we knew about life on earth they drilled through thick ice and found liquid water where everything should be frozen solid and inside this water there is life i mean actual living organisms thriving in the dark untouched for ages the story starts with an expedition that added a new super important spot to the antarctica map between november 2019 and january 2020 researchers trekking across the frozen desolation reached an area called enigma lake they thought they were walking over a huge slab of solid ice but their gear showed something different so they used a powerful drill to get through the ice peered beneath layer after layer and detected at least 40 ft of liquid water trapped under the surface they came looking for a rock but found a hidden world under ice in this antarctica lake where they would least expect it the scientists were shocked and didn t stop at this discovery they wanted to know where all this water came from because in this part of antarctica the climate is ruthless extreme temperature low precipitation punishing winds and solar evaporation aren t exactly perfect conditions for a lake any fresh water was supposed to have dried up long ago so there had to be a source for refills for a subglacial lake in antarctica like this one the researchers looked at the chemical composition of the salt and dissolved materials in the water they noticed some patterns that pointed to a source it looked like the nearby glacier was feeding the lake via some underground pathway nobody expected to exist so there it is an amazing antarctica discovery hidden beneath ice fed not from rain or surface melting but from an underground flow that circles the earth in silence and because of that when the team drilled deeper they didn t just find water they found a secret ecosystem life where they thought there couldn t be any now by life here i don t mean the kind that waves at us i mean tiny creatures tiny structures microbial communities that evolved in isolation shielded by the ice and pretty restricted to their hidden home they cover the lake bed in microbial mats not just blobs of algae but complex carpet like mats of microorganisms some mats look like thin spiky coverings others like thick crumpled carpets or even treelike structures up to 15 in tall and these formations looking straight out of a sci fi movie about life on distant planets aren t random specks of dna floating in water they are thriving building structures layering changing over time so the lake bed is kind of like a forest floor only it s dark cold and covered by ice if life can flourish under 45 ft of ice in near darkness maybe our ideas of where it can exist need updating and we don t know what happens when we disturb this hidden lake ecosystem what if we inject humans machinery or even our breath into the mix these microbes have lived isolated for who knows how many millennia maybe even millions of years without any exposure to the world above if humans mess with them these organisms could be at serious risk when they meet microbes they had never met before the lake could get contaminated and its ecosystem could change for good as we step into this new territory we must be extra cautious after all the entire antarctica is like a book of secrets of evolution adaptation and survival that we must read carefully this continent keeps surprising us animals that were never seen before turn up in its remote corners from bizarre sea creatures to iceloving insects you didn t know existed for example the iceloving sea anemone scientists spotted hanging upside down from the underside of the ross ice shelf it looks like a delicate flower glued to the ceiling waving its tentacles into water as cold as a bad breakup researchers steered a robot under the ice and found a brand new species then there s the celebrity newcomer with serious red carpet energy the antarctic strawberry feather star this floating pompom can have up to 20 arms it got its nickname because the body looks you guessed it strawberryish and oh i guess antarctica is the last place where you d expect to see a fish nursery but it has the largest known one in the whole world researchers were there towing their cameras along the wed sea seabed to map it when they spotted thousands then millions of identical bowls in the sediment the nests covered 93 square miles of seafloor and there were a total of 60 million of them one every 10 in all the nests belong to ice fish these creatures are white blooded meaning they don t have hemoglobin the stuff that makes blood red and somehow they still managed to survive in water cold enough to shatter your soul every nest had a parent fish sitting guard over about 1 700 eggs turns out wedell seals feast on ice fish so this massive breeding ground isn t just a nursery it s also a buffet for the neighborhood predators and speaking of buffets the ice fish themselves feed from a warm upwelling that pulls up nutrients and microscopic zup plankton it s all pretty cool that the ice fish colony has a hard edge a literal line in the sand the edge of that border matches perfectly with the outer rim of the warm upwelling which looks like a carefully crafted evolutionary trick another antarctica discovery that shocked scientists wasn t a cool looking fish or a dinosaur bone but something probably even more important for science bubbles tiny ancient bubbles trapped inside what might be the oldest ice ever brought up to daylight nearly 1 2 million years old before this discovery researchers had recorded climate history going back 800 000 years but they wanted more they spent years searching for the perfect spot where ice could tell the story straight through some antarctic regions hold ice even older maybe 3 or 4 million years but it s patchy and they needed a continuous record when they finally drilled into the right spot they found crystalclear ice cores with bubbles that trap the atmosphere of earth as it was hundreds of thousands of years ago when scientists analyze the air inside they re not just studying gases they can tell what our distant ancestors inhaled what the planet exhaled and how the rhythm of life and climate played out long before us the period around 900 000 years ago the same time sealed inside this ice may have been one of humanity s closest calls according to genetic studies the human population shrank to about 1 300 individuals on the entire planet nobody knows what exactly led to this but it could have been the climate so these ancient bubbles might hold the clues we need to understand how our ancestors survived one of the toughest chapters in earth s story and maybe how we can survive the next because you know the planet keeps repeating itself in new and uncomfortable ways and antarctica has lessons to teach us one lesson we might learn the hard way has to do with what s under its ice scientists recently found that there s something brewing beneath antarctica that s anything but chill there might be volcanoes there quietly waiting for their moment yeah you heard it correctly volcanoes the hot fiery kind sitting under miles of ice the team used computer simulations and found that when parts of the ice melt the pressure holding those volcanoes down easel even more ice from below it s like a self feeding loop of chaos the ice melts volcano wakes up then more ice melts even if humans stopped affecting the climate conditions on the planet tomorrow that chain reaction could keep going because it s not just about the air it s about the fire hiding underneath the scariest part is that this kind of melt could raise sea levels way more than we thought and since antarctica has over 70 of all the freshwater reserves on earth you can imagine the drama level it could lead to so you see now that antarctica map is like a real life board game for humans and we must be careful studying and playing it so there s a mysterious doorway in the middle of antarctica some people think it s bigfoot s vacation home or a shuttle craft from star trek or maybe a door to agartha a mythical kingdom some people believe is located in the center of the earth well the scientists debunked all these poetic theories and explained that what looks like a mysterious doorway is located in an area of fast sea ice it s offshore of the coast and is full of little islands with shallow water around them when ice flows around hard rocks hidden underneath it can create patterns that look odd but are totally normal in this spot the ice is thin so the rocks underneath have a big effect on how the ice moves the cold winds in antarctica also shape the ice and snow and make it look like they re lines and shapes so the mysterious doorway is just a rocky ridge poking out because the ice has melted a little the top of the doorway is the tip of the rock and the sides are snowy trails left by strong winds blowing in the same direction it s essentially an iceberg that got stranded and is melting in one place one youtuber found another out ofplace mysterious object more than 150 m off the shore of antarctica a 400 ft long ice ship the internet went wild with theories like that the ship must have ended up there right from the bermuda triangle but there was no scientific proof that it was a ship and not just a large chunk of ice and once some other internet users revisited the place they noticed the ice melted in the summer and the hypothetical ship was gone another mysterious google maps find in antarctica was a pyramid and before you make up an exciting theory about how the ancient egyptians built a secret base here i have to tell you it turned out to be just a mountain it s part of the tallest mountain range in antarctica that stretches for almost 250 mi it s not the first pyramid on this continent as explorers from the british antarctic expedition found another unusually shaped mountain and nicknamed it the pyramid but this one didn t even have a pyramid shape here s one antarctic find that definitely won t disappoint you a giant ice shelf that reminded scientists of the grand canyon a special submarine robot named ran covered over 600 miles under the thick ice and brought back some amazing footage of icy mountains valleys flat plateaus and swirly patterns made entirely of ice one of the strangest things rand found was giant ball shaped holes or scoops in the ice sadly scientists lost track of the robot they think that curious wendell seals may have accidentally bumped into ran and caused it to get stuck to save energy ran probably shut itself down and the scientists couldn t find it again but the team is hoping to build a new robot and continue exploring this icy canyon to see how the patterns under the ice might change over the years another huge antarctic canyon was found thanks to bad weather a team of sound experts had to pause their work at the casey research station in a storm instead of waiting around they decided to use the unexpected free time to map the seafloor near adam s glacier and that s how they found a canyon that is almost 7 000 ft deep almost 30 000 ft wide and stretches over 28 mi away from the glacier during the mapping they discovered just part of the canyon before they had to go back to the research station but when bad weather came in again the ship went back and mapped more of the canyon they were working in waves up to 13 ft high and super powerful winds but they managed to get about 15 hours of data to complete their map on the way back to australia they stopped one last time and now they ve got a full picture of the canyon studying it is helping scientists learn more about the history of glaciers and the interaction between the antarctic ice sheet and the ocean now there s a frozen lake in antarctica called lake enigma for a long time people thought the lake was completely frozen solid but during one expedition researchers found that under the thick ice there was a layer of liquid water about 40 ft deep to learn more they drilled through the ice and sent down a camera to explore what was hiding in the lakes s depths the lakes s water which they think comes from the nearby amorphous glacier through a secret underground pathway was filled with strange microbial life these tiny microbes lived in mats that covered the lake bed some of the mats were thin and spiky and others looked like crumpled carpets or even small treelike shapes that grew up to 16 in many of the microbes could make their own food through photosynthesis just like plants do and it gave the lake a high amount of oxygen one of the coolest discoveries was a type of microbe which usually lives in low oxygen places lake enigma might be similar to environments on icy moons like europa or encettilus so it could mean that these moons also have hidden water under their ice and possibly microbial life too one more mind boggling discovery from antarctica is tiny pieces of amber in mudstone found here for the very first time it took scientists years of studying incredibly wellpreserved fossilized roots pollen and spores that they found back in 2017 amber proves that resin producing trees once grew in antarctica part of a lush rainforest that existed near the south pole during the mid cretaceous period back then disclaimer i wasn t around then the trees would have had to survive through months of darkness during the long antarctic winters scientists believe they adapted by going dormant for a long time the amber pieces the scientists found are tiny but there are beautiful shades of yellow and orange with bumpy surfaces that show how the resin flowed out of the trees this resin likely leaked out to protect the trees from insects it was preserved because water quickly covered it and kept it safe from sunlight and air a scientist was browsing through satellite images for brown trails of penguin waste and found four new colonies of emperor penguins at the base of the globe these new colonies likely have been around for years though three of them are rather small with fewer than a thousand breeding penguins each one of the new colonies was found close to a place called the lazarov ice shelf where there used to be a larger penguin colony they thought this colony went extinct in 2019 but it seems the penguins have just moved a bit because of changing sea ice conditions so studying them can help us learn more about how emperor penguins adapt to changes in the environment now there used to be a giant river system in antarctica 40 million years ago researchers found proof of it after studying soft sediments and hard rocks from the frozen seabed they looked at tiny bits of radioactive elements like uranium and lead and learned that the deeper dirt came from the time of dinosaurs the dirt closer to the surface was younger and had an interesting pattern like the kind you see in river deltas today such as in the mississippi river or rio grand scientists found tiny signs of life in the sand the river that once flowed here started in the trans antarctic mountains and traveled 930 m before it reached the sea researchers kept studying newer layers of dirt from about 20 million years ago they hope this will help them predict what the earth s weather patterns might be like in the future that s it for today so hey if you pacified your curiosity then give the video a like and share it with your friends or if you want more just click on these videos and stay on the bright
Vq0bDxwYv7M,Astronomers Discover Enormous Water Cloud in Deep Space,"A distant quasar hosts an enormous cloud of water vapor containing far more water than all oceans on Earth. Deep inside our own planet, researchers have identified a vast reservoir of water stored within mantle minerals far below the surface. Both discoveries highlight how water can exist in places that are difficult to observe directly.
Animation is created by Bright Side. 
---------------------------------------------------------------------------------------- 
Music from TheSoul Sound: https://thesoul-sound.com/ 

Check our Bright Side podcast on Spotify and leave a positive review! https://open.spotify.com/show/0hUkPxD34jRLrMrJux4VxV 
Subscribe to Bright Side: https://goo.gl/rQTJZz 
---------------------------------------------------------------------------------------- 
Our Social Media: 
Facebook: https://www.facebook.com/brightplanet/ 
Instagram: https://www.instagram.com/brightside.official 
TikTok: https://www.tiktok.com/@brightside.official?lang=en 

Stock materials (photos, footages and other): 
https://www.depositphotos.com 
https://www.shutterstock.com 
https://www.eastnews.ru 
---------------------------------------------------------------------------------------- 
For more videos and articles visit: http://www.brightside.me 
---------------------------------------------------------------------------------------- 
This video is made for entertainment purposes. We do not make any warranties about the completeness, safety and reliability. Any action you take upon the information in this video is strictly at your own risk, and we will not be liable for any damages or losses. It is the viewer's responsibility to use judgement, care and precaution if you plan to replicate.",2025-12-06T16:01:01Z,"['amazing space', 'astronomy explained', 'astronomy facts', 'black holes', 'brightside', 'brightsideglobal', 'cosmic mystery', 'curiosities', 'deep space', 'earth', 'earth mysteries', 'galaxies', 'hidden oceans', 'mind blowing science', 'mystery', 'planet', 'planet science', 'science discoveries', 'science facts', 'space discoveries', 'space facts', 'space wonders', 'stars and planets', 'universe secrets', 'water in space', 'what lies beyond', 'world']",24,en,en,https://i.ytimg.com/vi/Vq0bDxwYv7M/default.jpg,https://i.ytimg.com/vi/Vq0bDxwYv7M/hqdefault.jpg,PT10M44S,9785,249,16,public,UC4rlAVgAK0SGk-yTfe48Qpw,BRIGHT SIDE,"Whether you’re into recent discoveries, space exploration, true stories, fitness, fun tests, and riddles, or useful tips for self-improvement, psychology, gadgets, or just your day-to-day routine, there’s something for everyone!

You can expect all that and more coming at you in 3 top-quality videos every single day. If you’ve got a thirst for knowledge that never quits, then join a community of tens of millions and growing! We have a good time, so take your shoes off, kick back, and make yourself at home here on the Bright Side of life!

Good news! We launched a new app for you 👉 http://bit.ly/Bs3App7
Join the world's largest community of good people! 😉

For brand partnership enquires: brands@thesoul-publishing.com",,https://yt3.ggpht.com/BimIuq2UYH1h-GQDEiV89I1dUEtpWVR8Mp_Q516vPN8rLw488Ap1G9ALhPUyqN8_HTPMbawTBDk=s88-c-k-c0x00ffffff-no-rj,44700000,10844,,,,,,,,,,,,,,,,,,,,,,,,,644.0,astronomers discover enormous water cloud in deep space,nan
Ft2MGFtRWYk,Huge Volcano Near Oregon Is Reaching Breaking Point,"A powerful underwater volcano in the Pacific is showing clear signs of increasing activity, with rising seafloor levels and growing magma pressure indicating a possible eruption in the near future. At the same time, researchers are tracking shifts along major fault zones that point to the buildup of stress capable of triggering a future megaquake. These events reflect the ongoing movement of Earth’s crust and the intense geological forces shaping the planet’s most active regions.
Animation is created by Bright Side. 
---------------------------------------------------------------------------------------- 
Music from TheSoul Sound: https://thesoul-sound.com/ 

Check our Bright Side podcast on Spotify and leave a positive review! https://open.spotify.com/show/0hUkPxD34jRLrMrJux4VxV 
Subscribe to Bright Side: https://goo.gl/rQTJZz 
---------------------------------------------------------------------------------------- 
Our Social Media: 
Facebook: https://www.facebook.com/brightplanet/ 
Instagram: https://www.instagram.com/brightside.official 
TikTok: https://www.tiktok.com/@brightside.official?lang=en 

Stock materials (photos, footages and other): 
https://www.depositphotos.com 
https://www.shutterstock.com 
https://www.eastnews.ru 
---------------------------------------------------------------------------------------- 
For more videos and articles visit: http://www.brightside.me 
---------------------------------------------------------------------------------------- 
This video is made for entertainment purposes. We do not make any warranties about the completeness, safety and reliability. Any action you take upon the information in this video is strictly at your own risk, and we will not be liable for any damages or losses. It is the viewer's responsibility to use judgement, care and precaution if you plan to replicate.",2025-12-06T10:23:19Z,"['brightside', 'brightsideglobal', 'cascadia', 'crust movement', 'curiosities', 'earth', 'earthquakes', 'eruption signs', 'fault lines', 'future events', 'megaquake', 'mystery', 'natural disaster', 'natural hazards', 'naturap phenomena', 'pacific region', 'planet', 'seafloor rise', 'tectonic forces', 'tectonic plates', 'underwater volcano', 'volcano', 'world']",24,en,en-US,https://i.ytimg.com/vi/Ft2MGFtRWYk/default.jpg,https://i.ytimg.com/vi/Ft2MGFtRWYk/hqdefault.jpg,PT18M34S,103856,711,49,public,UC4rlAVgAK0SGk-yTfe48Qpw,BRIGHT SIDE,"Whether you’re into recent discoveries, space exploration, true stories, fitness, fun tests, and riddles, or useful tips for self-improvement, psychology, gadgets, or just your day-to-day routine, there’s something for everyone!

You can expect all that and more coming at you in 3 top-quality videos every single day. If you’ve got a thirst for knowledge that never quits, then join a community of tens of millions and growing! We have a good time, so take your shoes off, kick back, and make yourself at home here on the Bright Side of life!

Good news! We launched a new app for you 👉 http://bit.ly/Bs3App7
Join the world's largest community of good people! 😉

For brand partnership enquires: brands@thesoul-publishing.com",,https://yt3.ggpht.com/BimIuq2UYH1h-GQDEiV89I1dUEtpWVR8Mp_Q516vPN8rLw488Ap1G9ALhPUyqN8_HTPMbawTBDk=s88-c-k-c0x00ffffff-no-rj,44700000,10844,"Get ready because one of the Pacific Ocean's most active volcanoes might blow any minute now. Scientists monitoring Axial Sea Melt, a gigantic underwater lava factory just off the coast of Oregon, say it could erupt literally any time between today and early 2026 at the latest. Yes, it's underwater, but don't get tricked by the ocean's cover. This beast is almost three times taller than the Empire State Building. This volcano is inflating like a sule at a Michelin starred restaurant and scientists are so excited they will live stream it. Seriously. So, here's the thing. This volcano will explode at any moment now because, well, it's inflating fast. Over the past few months, researchers have noticed that the seafloor is literally rising. It's like Axial is doing its best impression of a water bed filled with molten rock. Scientists call this inflation, which sounds like something you'd complain about after Thanksgiving dinner. But in volcano terms, it means magma is piling up underground, causing the seafloor to bulge like a sule that's this close to collapsing. Now, an underwater volcanic eruption might not sound so exotic. After all, most volcanic activity on Earth happens under the sea. Believe it or not, there are more than a million submarine volcanoes quietly churning lava beneath the waves as you watch this. The ocean floor is Earth's biggest volcanic hot spot. What makes Axial Seamount so thrilling is that it's under intense scientific surveillance unlike any other underwater volcano. It's like the star player in a volcanic reality show with a network of ocean bottom instruments giving researchers realtime updates on magma movements, seismic tremors, and crust deformation. In fact, Axial Seamount hosts the world's first ever underwater volcanic laboratory. Scientists have been keeping a constant eye on it since the 1990s when they installed sensors that now relay live data straight from the seafloor. This kind of monitoring is unheard of elsewhere and has turned Axial into a geological celebrity, one whose behavior we can track with remarkable precision. Besides, Axial is hilariously predictable. It erupts roughly every decade. And right on Q, it's gearing up for another performance. By mid 2024, it had inflated to nearly the same level as before its last eruption, which means the countdown is on. Scientists are so confident in its schedule that they've set up a volcanic advent calendar waiting for the day when Axial decides to pop. But hold on, Axial Seamount isn't just your average underwater volcano. It's got style, personality, and a geological identity of its own. Now, most underwater volcanoes called seammounts tend to look like cones or flattened domes. Axial laughs in the face of tradition with its unfashionably rectangular caldera, a 2x5 mile crater that looks like it was designed by a geologist with a ruler and a grudge against curves. Most volcanoes opt for the classic circular look, but axial it went full aventgard. This caldera is punctuated by fissures, vents, lava channels, and mysterious dome-like structures that rise hundreds of feet high. It's like the volcanoes wearing a funky geometrical crown instead of the usual rounded hat. What's more, Axial's location is like prime real estate for geological fireworks. It sits right where two major forces collide, literally. First, it's on the Wand Defuca Ridge, an underwater mountain range formed where two tectonic plates are slowly pulling apart like a zipper being undone. Second, it's purge at top the Cobb hot spot, a deep mantle plume that acts like Earth's sneaky magma espresso machine, pumping molten rock from deep inside the planet and fueling a whole chain of seamounts. To put it plainly, it's like the tectonic plates are reluctant dance partners, sliding away from each other, while the Cobb hotspot acts as the DJ, turning up the heat and keeping the magma party going. This dual influence creates a complex plumbing system inside the volcano with magma chambers filling, draining, and shifting in ways scientists are still trying to decode. The competition between the spreading plates and upwelling magma is what gives Axial its unique geological fingerprint. And it's also why this volcano keeps surprising us. Now, we said that Axial Summit isn't just a crater. The truth is that inside the action gets even weirder and cooler. Well, hotter, but you get it. Axial hosts black smoker hydrothermal vents, which blast superheated water at temperatures exceeding 700° F. This is no ordinary underwater hot tub. These vents create one of Earth's most extreme environments, where bizarre creatures thrive in total darkness and scalding heat. Giant tubeworms, crabs, colonies of bacteria, and even octopuses live off the mineralrich plumes that gush from these vents, forming ecosystems completely independent from sunlight and photosynthesis. It's like an alien world beneath the waves, thriving off the volcano's fiery breath. These vent communities are crucial to science, not just because they're strange, but because they may resemble the earliest ecosystems on Earth. Some researchers believe life on our planet may have originated in similar deep sea hydrothermal environments billions of years ago. Studying them could also help us search for life on icy moons like Europa and Encettilus where similar events might exist beneath their frozen surfaces. When axial erupts, it's like a natural reset button for these communities. The lava wipes everything out, but within months, life comes roaring back. Proof that even in the most hostile environments, real estate is always in demand. For those worrying about tsunamis or coastal disasters, relax. Axial's eruptions are the underwater equivalent of a slow cooker. The immense water pressure keeps things chill while scalding but not explosive. So, the worst thing that happens is some lava decorates the seafloor and a few crabs have to find new vents to squat in. This means no massive ash clouds or explosive blasts that could reach the surface. Instead, lava oozes out and spreads across the seafloor, sometimes traveling for miles. But for scientists, this eruption is the golden ticket. Understanding Axial's patterns could help predict eruptions elsewhere, even on land. Plus, its bizarre ecosystems offer clues about how life might survive on other planets. Not bad for a volcano that mostly just sits around looking rectangular. Still, the volcano's activity can be heard in the form of thousands of small earthquakes every day. Thousands, as if the volcano itself was groaning and creaking, preparing to burst open. Again, we won't feel a thing, but at least they'll help scientists track the magma's movements and the volcano's eruptive cycle. Now, one of the coolest parts of this story is that scientists are preparing to live stream Axial's next eruption for the first time ever. Imagine watching an undersea volcano in action live as it's painting the ocean floor with fresh lava. It's like a front row seat to a natural fireworks display thousands of feet beneath the waves. The live stream will come courtesy of the Ocean Observatory's Initiative, which maintains a series of fiber optic cables linking Axial's instruments directly to shore. It's the Wi-Fi of the deep sea, and it's about to broadcast molten rock in HD. And there's another twist. Scientists have noticed a curious pattern in Axial's eruptions. All three of its most recent eruptions in 1998, 2011, and 2015 happened between January, and April, the months when Earth starts moving away from the Sun. So why? Well, it might have something to do with the moon's gravitational pole. The moon's orbit causes ocean tides to rise and fall, which changes the pressure on the seafloor and could help nudge the magma chamber to its breaking point. I guess the moon isn't just a romantic light in the night sky. It might be the ultimate volcanic whisperer. So, one thing's for sure, when Axial goes, it'll be the best documented underwater eruption in history. So, keep your eyes peeled. This is one natural spectacle you won't want to miss. And who knows, if we're lucky, we might even get deep sea eruption ASMR out of the deal. Now, if you'll excuse me, I'll be refreshing the live feed like it's a Taylor Swift ticket sale. On January 26th, 1700, one of the biggest earthquakes in history hit off the coast of the United States. It had a magnitude of 9, which puts it in the top 10 most powerful earthquakes ever recorded. This earthquake triggered a huge tsunami and changed the coastline all the way from southern British Columbia down to Northern California forever. Back then, the area wasn't very populated. But thanks to some clever research, scientists figured out exactly what happened that day by looking at old geological records, tree rings, and even some history from Japan. On the same day as the earthquake, a massive tsunami also hit Japan's eastern coast. For a long time, no one connected the two. But in the 1980s and '90s, researchers realized the tsunami in Japan had been caused by the earthquake in the Pacific Northwest. They were also able to pinpoint the exact day, January 26th, 1700. They even found old trees in coastal Washington that had all perished around the winter of 1700, which matched up perfectly with the timing of the earthquake. The earthquake came from the Cascadia Subduction Zone, a fault where the Wandafuca plate slides under the North American plate. This fault stretches about 700 m from northern Vancouver Island in British Columbia to Cape Mendescino in California. The pressure from the moving plates builds up over time and eventually another big devastating earthquake will hit the same region. It's just a matter of time. By looking at the geological records, past tsunami deposits, and signs of land level changes, scientists can figure out how often these huge earthquakes happen. Emergency planners have been preparing for the next big quake, often calling it the big one. Scientists believe earthquakes in the Cascadia subduction zone happen every 200 to 1,000 years. And since the last major one was over 300 years ago, the Pacific Northwest is definitely due for another. When it happens, the earthquake is expected to be as big as the one from 1700. But this time, it'll affect around 15 million people. The devastation will be severe. Buildings will collapse. Roads and runways will crack and bridges will fall. Communication in and out of the area will be cut off. But the worst part, the earthquake will trigger a massive tsunami that might hit parts of the Washington coast in as little as 10 minutes. It's not a matter of if, but when the Cascadia subduction zone will break. When it happens, it will be the worst disaster the US has ever faced. Worse than the hurricane Katrina or Superstorm Sandy, it'll impact an enormous area stretching from southern British Columbia all the way down through Oregon to Northern California. That means millions and millions of people will be affected. Fairchild is considered a backup staging area for handling the aftermath of the earthquake with Grant County International Airport in Moses Lake being the main one. For those who will survive the initial quake and tsunami, the aftermath could be just as disastrous. Aftershocks will follow and transportation will be a mess. Roads will be damaged or completely blocked. Airports will shut down and most of the main routes like Interstate 5 will have bridges destroyed. This means food and water supplies will be cut off and it will be incredibly difficult for help to get in or for people to escape. Gas pipelines will most likely be damaged, too. And restoring them could take anywhere from a few days inland to weeks or even months along the coast. Power outages will be widespread within 100 miles of the coast throughout the entire Pacific Northwest. And water could be out for 3 to 7 months. Even telecommunications will be down for 2 to 3 months across the Pacific Northwest, Alaska, and even parts of East Asia. The good news for eastern Washington is that it will mostly avoid the worst of it thanks to natural barriers between the west and east sides of the state. The tsunami may hit the Columbia River Gorge, but it will lose energy quickly because of a sandbar under the river. The Cascade Mountains will absorb much of the earthquake's impact, so the east side won't feel it as strongly. And since eastern Washington won't get hit as hard, it'll be up to them to handle the aftermath of the quake. That means helping western Washington, taking in refugees from the areas that got destroyed, and delivering supplies to where they're needed. Scientists have looked at other major 8.0 to 9.0 magnitude earthquakes like the ones in Chile in 1960, Alaska in 1964, and Sumatra in 2004, and Japan in 2011. These kinds of quakes can shake the ground for anywhere between 6 to 10 minutes. And that's a long time for the ground to be shaking. Such quakes are super intense because they happen close to Earth's surface. So, it's not just a quick shake. It's a long, strong one that can cause a lot of damage. If the Cascadia earthquake and tsunami were to hit tomorrow, over 13,800 people could lose their lives and about 107,000 people could be injured. The economic toll in Washington, Oregon, and California could top 70 billion. To put that into perspective, we can compare these numbers with some other major earthquakes. In Chile's 1960 earthquake, about 1,650 people lost their lives. The 1964 Alaska quake resulted in around 140 lives lost. The 2004 Somatra earthquake and tsunami took the lives of an estimated 280,000 people. And the 2011 Japan earthquake and tsunami caused over 20,000 casualties. Authorities know about the dangers of the Cascadia fault, but even with all the planning, no one can say for sure what will be needed when the big quake hits. Right after the earthquake and tsunami, the areas outside the immediate disaster zone won't be able to help much because roads and airports will be destroyed and resources will be limited. How can we deal with this kind of disaster and its effects? We don't have all the answers yet. Right now, let's focus on the Cascadia subduction zone. It's a huge fault line that stretches about 620 mi from Vancouver Island to Cape Menescino in California, sitting about 93 mi off the coast. It's like one tectonic plate is slowly sliding under another. When the plates are close to the surface, about 18 mi deep or less, they get stuck because of friction, kind of like pushing two rocks together. Over time, this creates a lot of pressure. When the pressure finally becomes too much, the plates slip, causing a massive earthquake. This is called a mega- thrust earthquake, and it can be huge. Below the area where the plates are stuck, there's a zone where the plates move really slowly. We're talking about just a few inches every few months. This slow movement helps to release some of the pressure, but it also builds up more pressure on the parts of the fault that are still stuck. This means that over time it increases the chances of a huge earthquake happening. These massive quakes called great subduction zone earthquakes can be stronger than magnitude 8.5. Mega thrust earthquakes are the biggest earthquakes that happen. They can go over a magnitude of 9.0, which is insanely powerful. Just to put it in perspective, a magnitude 9.0 earthquake releases 1,000 times more energy than a 7.0 0 and a million times more energy than a 5.0. These earthquakes happen when a lot of pressure builds up in a part of the fault that's locked, which means the plate can't move past each other. When that pressure gets too high, the fault finally ruptures, releasing all that builtup energy in one massive shake. The Cascadius abduction zone is super long. That's why if it were to rupture all at once, it could produce a large earthquake. Scientists have studied this region and found that about 18 mi below the surface, the fault is completely locked. The plates there aren't sliding past each other, but deeper down, the plates start to slide more smoothly, causing less friction. This is important because it tells us how much stress is building up in that locked zone and how it could eventually lead to a major earthquake. That's it for today. So, hey, if you pacified your curiosity, then give the video a like and share it with your friends. Or if you want more, just click on these",,,,,,,,,,,,,,,,,,,,,,,,1114.0,huge volcano near oregon is reaching breaking point,get ready because one of the pacific ocean s most active volcanoes might blow any minute now scientists monitoring axial sea melt a gigantic underwater lava factory just off the coast of oregon say it could erupt literally any time between today and early 2026 at the latest yes it s underwater but don t get tricked by the ocean s cover this beast is almost three times taller than the empire state building this volcano is inflating like a sule at a michelin starred restaurant and scientists are so excited they will live stream it seriously so here s the thing this volcano will explode at any moment now because well it s inflating fast over the past few months researchers have noticed that the seafloor is literally rising it s like axial is doing its best impression of a water bed filled with molten rock scientists call this inflation which sounds like something you d complain about after thanksgiving dinner but in volcano terms it means magma is piling up underground causing the seafloor to bulge like a sule that s this close to collapsing now an underwater volcanic eruption might not sound so exotic after all most volcanic activity on earth happens under the sea believe it or not there are more than a million submarine volcanoes quietly churning lava beneath the waves as you watch this the ocean floor is earth s biggest volcanic hot spot what makes axial seamount so thrilling is that it s under intense scientific surveillance unlike any other underwater volcano it s like the star player in a volcanic reality show with a network of ocean bottom instruments giving researchers realtime updates on magma movements seismic tremors and crust deformation in fact axial seamount hosts the world s first ever underwater volcanic laboratory scientists have been keeping a constant eye on it since the 1990s when they installed sensors that now relay live data straight from the seafloor this kind of monitoring is unheard of elsewhere and has turned axial into a geological celebrity one whose behavior we can track with remarkable precision besides axial is hilariously predictable it erupts roughly every decade and right on q it s gearing up for another performance by mid 2024 it had inflated to nearly the same level as before its last eruption which means the countdown is on scientists are so confident in its schedule that they ve set up a volcanic advent calendar waiting for the day when axial decides to pop but hold on axial seamount isn t just your average underwater volcano it s got style personality and a geological identity of its own now most underwater volcanoes called seammounts tend to look like cones or flattened domes axial laughs in the face of tradition with its unfashionably rectangular caldera a 2x5 mile crater that looks like it was designed by a geologist with a ruler and a grudge against curves most volcanoes opt for the classic circular look but axial it went full aventgard this caldera is punctuated by fissures vents lava channels and mysterious dome like structures that rise hundreds of feet high it s like the volcanoes wearing a funky geometrical crown instead of the usual rounded hat what s more axial s location is like prime real estate for geological fireworks it sits right where two major forces collide literally first it s on the wand defuca ridge an underwater mountain range formed where two tectonic plates are slowly pulling apart like a zipper being undone second it s purge at top the cobb hot spot a deep mantle plume that acts like earth s sneaky magma espresso machine pumping molten rock from deep inside the planet and fueling a whole chain of seamounts to put it plainly it s like the tectonic plates are reluctant dance partners sliding away from each other while the cobb hotspot acts as the dj turning up the heat and keeping the magma party going this dual influence creates a complex plumbing system inside the volcano with magma chambers filling draining and shifting in ways scientists are still trying to decode the competition between the spreading plates and upwelling magma is what gives axial its unique geological fingerprint and it s also why this volcano keeps surprising us now we said that axial summit isn t just a crater the truth is that inside the action gets even weirder and cooler well hotter but you get it axial hosts black smoker hydrothermal vents which blast superheated water at temperatures exceeding 700 f this is no ordinary underwater hot tub these vents create one of earth s most extreme environments where bizarre creatures thrive in total darkness and scalding heat giant tubeworms crabs colonies of bacteria and even octopuses live off the mineralrich plumes that gush from these vents forming ecosystems completely independent from sunlight and photosynthesis it s like an alien world beneath the waves thriving off the volcano s fiery breath these vent communities are crucial to science not just because they re strange but because they may resemble the earliest ecosystems on earth some researchers believe life on our planet may have originated in similar deep sea hydrothermal environments billions of years ago studying them could also help us search for life on icy moons like europa and encettilus where similar events might exist beneath their frozen surfaces when axial erupts it s like a natural reset button for these communities the lava wipes everything out but within months life comes roaring back proof that even in the most hostile environments real estate is always in demand for those worrying about tsunamis or coastal disasters relax axial s eruptions are the underwater equivalent of a slow cooker the immense water pressure keeps things chill while scalding but not explosive so the worst thing that happens is some lava decorates the seafloor and a few crabs have to find new vents to squat in this means no massive ash clouds or explosive blasts that could reach the surface instead lava oozes out and spreads across the seafloor sometimes traveling for miles but for scientists this eruption is the golden ticket understanding axial s patterns could help predict eruptions elsewhere even on land plus its bizarre ecosystems offer clues about how life might survive on other planets not bad for a volcano that mostly just sits around looking rectangular still the volcano s activity can be heard in the form of thousands of small earthquakes every day thousands as if the volcano itself was groaning and creaking preparing to burst open again we won t feel a thing but at least they ll help scientists track the magma s movements and the volcano s eruptive cycle now one of the coolest parts of this story is that scientists are preparing to live stream axial s next eruption for the first time ever imagine watching an undersea volcano in action live as it s painting the ocean floor with fresh lava it s like a front row seat to a natural fireworks display thousands of feet beneath the waves the live stream will come courtesy of the ocean observatory s initiative which maintains a series of fiber optic cables linking axial s instruments directly to shore it s the wi fi of the deep sea and it s about to broadcast molten rock in hd and there s another twist scientists have noticed a curious pattern in axial s eruptions all three of its most recent eruptions in 1998 2011 and 2015 happened between january and april the months when earth starts moving away from the sun so why well it might have something to do with the moon s gravitational pole the moon s orbit causes ocean tides to rise and fall which changes the pressure on the seafloor and could help nudge the magma chamber to its breaking point i guess the moon isn t just a romantic light in the night sky it might be the ultimate volcanic whisperer so one thing s for sure when axial goes it ll be the best documented underwater eruption in history so keep your eyes peeled this is one natural spectacle you won t want to miss and who knows if we re lucky we might even get deep sea eruption asmr out of the deal now if you ll excuse me i ll be refreshing the live feed like it s a taylor swift ticket sale on january 26th 1700 one of the biggest earthquakes in history hit off the coast of the united states it had a magnitude of 9 which puts it in the top 10 most powerful earthquakes ever recorded this earthquake triggered a huge tsunami and changed the coastline all the way from southern british columbia down to northern california forever back then the area wasn t very populated but thanks to some clever research scientists figured out exactly what happened that day by looking at old geological records tree rings and even some history from japan on the same day as the earthquake a massive tsunami also hit japan s eastern coast for a long time no one connected the two but in the 1980s and 90s researchers realized the tsunami in japan had been caused by the earthquake in the pacific northwest they were also able to pinpoint the exact day january 26th 1700 they even found old trees in coastal washington that had all perished around the winter of 1700 which matched up perfectly with the timing of the earthquake the earthquake came from the cascadia subduction zone a fault where the wandafuca plate slides under the north american plate this fault stretches about 700 m from northern vancouver island in british columbia to cape mendescino in california the pressure from the moving plates builds up over time and eventually another big devastating earthquake will hit the same region it s just a matter of time by looking at the geological records past tsunami deposits and signs of land level changes scientists can figure out how often these huge earthquakes happen emergency planners have been preparing for the next big quake often calling it the big one scientists believe earthquakes in the cascadia subduction zone happen every 200 to 1 000 years and since the last major one was over 300 years ago the pacific northwest is definitely due for another when it happens the earthquake is expected to be as big as the one from 1700 but this time it ll affect around 15 million people the devastation will be severe buildings will collapse roads and runways will crack and bridges will fall communication in and out of the area will be cut off but the worst part the earthquake will trigger a massive tsunami that might hit parts of the washington coast in as little as 10 minutes it s not a matter of if but when the cascadia subduction zone will break when it happens it will be the worst disaster the us has ever faced worse than the hurricane katrina or superstorm sandy it ll impact an enormous area stretching from southern british columbia all the way down through oregon to northern california that means millions and millions of people will be affected fairchild is considered a backup staging area for handling the aftermath of the earthquake with grant county international airport in moses lake being the main one for those who will survive the initial quake and tsunami the aftermath could be just as disastrous aftershocks will follow and transportation will be a mess roads will be damaged or completely blocked airports will shut down and most of the main routes like interstate 5 will have bridges destroyed this means food and water supplies will be cut off and it will be incredibly difficult for help to get in or for people to escape gas pipelines will most likely be damaged too and restoring them could take anywhere from a few days inland to weeks or even months along the coast power outages will be widespread within 100 miles of the coast throughout the entire pacific northwest and water could be out for 3 to 7 months even telecommunications will be down for 2 to 3 months across the pacific northwest alaska and even parts of east asia the good news for eastern washington is that it will mostly avoid the worst of it thanks to natural barriers between the west and east sides of the state the tsunami may hit the columbia river gorge but it will lose energy quickly because of a sandbar under the river the cascade mountains will absorb much of the earthquake s impact so the east side won t feel it as strongly and since eastern washington won t get hit as hard it ll be up to them to handle the aftermath of the quake that means helping western washington taking in refugees from the areas that got destroyed and delivering supplies to where they re needed scientists have looked at other major 8 0 to 9 0 magnitude earthquakes like the ones in chile in 1960 alaska in 1964 and sumatra in 2004 and japan in 2011 these kinds of quakes can shake the ground for anywhere between 6 to 10 minutes and that s a long time for the ground to be shaking such quakes are super intense because they happen close to earth s surface so it s not just a quick shake it s a long strong one that can cause a lot of damage if the cascadia earthquake and tsunami were to hit tomorrow over 13 800 people could lose their lives and about 107 000 people could be injured the economic toll in washington oregon and california could top 70 billion to put that into perspective we can compare these numbers with some other major earthquakes in chile s 1960 earthquake about 1 650 people lost their lives the 1964 alaska quake resulted in around 140 lives lost the 2004 somatra earthquake and tsunami took the lives of an estimated 280 000 people and the 2011 japan earthquake and tsunami caused over 20 000 casualties authorities know about the dangers of the cascadia fault but even with all the planning no one can say for sure what will be needed when the big quake hits right after the earthquake and tsunami the areas outside the immediate disaster zone won t be able to help much because roads and airports will be destroyed and resources will be limited how can we deal with this kind of disaster and its effects we don t have all the answers yet right now let s focus on the cascadia subduction zone it s a huge fault line that stretches about 620 mi from vancouver island to cape menescino in california sitting about 93 mi off the coast it s like one tectonic plate is slowly sliding under another when the plates are close to the surface about 18 mi deep or less they get stuck because of friction kind of like pushing two rocks together over time this creates a lot of pressure when the pressure finally becomes too much the plates slip causing a massive earthquake this is called a mega thrust earthquake and it can be huge below the area where the plates are stuck there s a zone where the plates move really slowly we re talking about just a few inches every few months this slow movement helps to release some of the pressure but it also builds up more pressure on the parts of the fault that are still stuck this means that over time it increases the chances of a huge earthquake happening these massive quakes called great subduction zone earthquakes can be stronger than magnitude 8 5 mega thrust earthquakes are the biggest earthquakes that happen they can go over a magnitude of 9 0 which is insanely powerful just to put it in perspective a magnitude 9 0 earthquake releases 1 000 times more energy than a 7 0 0 and a million times more energy than a 5 0 these earthquakes happen when a lot of pressure builds up in a part of the fault that s locked which means the plate can t move past each other when that pressure gets too high the fault finally ruptures releasing all that builtup energy in one massive shake the cascadius abduction zone is super long that s why if it were to rupture all at once it could produce a large earthquake scientists have studied this region and found that about 18 mi below the surface the fault is completely locked the plates there aren t sliding past each other but deeper down the plates start to slide more smoothly causing less friction this is important because it tells us how much stress is building up in that locked zone and how it could eventually lead to a major earthquake that s it for today so hey if you pacified your curiosity then give the video a like and share it with your friends or if you want more just click on these
o6eNmm8j4Pw,Airlines Save Millions by Switching Planes on the Same Route,"Airlines save millions by switching planes on the same route. Find out how the airline industry load factor, flight time calculators, and fuel-efficiency strategies influence aircraft choice and route profitability. See why planners rely on flight distance calculators and air miles data to match the right plane to every route and cut the operating cost per seat.
Discover how seasonal demand, aircraft load factor in aviation, and airport limits force fleet changes that slash fuel use and boost profits. Learn how using flight planner tools and optimizing route distance helps airlines save millions while making flights more efficient and ticket prices more competitive.

Credit:
NSH Aviation / YouTube https://www.youtube.com/watch?v=2QT_bRoTty0
PlaneMad / YouTube https://www.youtube.com/watch?v=QtskFPihsH4
Noel Philips / YouTube https://www.youtube.com/watch?v=s6Mb8NzCb94&t=292s
Boeing / YouTube https://www.youtube.com/watch?v=09Tn_vqJY7A
Airbus / YouTube https://www.youtube.com/watch?v=5ES-teTIw7k
ETC wings / YouTube https://www.youtube.com/watch?v=JL_Y6lwSEPI
Aviation & Military Adventures by Tufan Sevincel / YouTube https://www.youtube.com/watch?v=6pK9uqF4y7c
Sam Chui / YouTube https://www.youtube.com/watch?v=IulF2NnBqXM
Animation is created by Bright Side.

---------------------------------------------------------------------------------------- 
Music from TheSoul Sound: https://thesoul-sound.com/ 

Check our Bright Side podcast on Spotify and leave a positive review! https://open.spotify.com/show/0hUkPxD34jRLrMrJux4VxV 
Subscribe to Bright Side: https://goo.gl/rQTJZz 
---------------------------------------------------------------------------------------- 
Our Social Media: 
Facebook: https://www.facebook.com/brightplanet/ 
Instagram: https://www.instagram.com/brightside.official 
TikTok: https://www.tiktok.com/@brightside.official?lang=en 

Stock materials (photos, footages and other): 
https://www.depositphotos.com 
https://www.shutterstock.com 
https://www.eastnews.ru 
---------------------------------------------------------------------------------------- 
For more videos and articles visit: http://www.brightside.me 
---------------------------------------------------------------------------------------- 
This video is made for entertainment purposes. We do not make any warranties about the completeness, safety and reliability. Any action you take upon the information in this video is strictly at your own risk, and we will not be liable for any damages or losses. It is the viewer's responsibility to use judgement, care and precaution if you plan to replicate.",2025-12-06T01:01:17Z,"['aircraft efficiency', 'aircraft performance differences', 'aircraft rotation strategy', 'airline business video', 'airline cost cutting', 'airline fuel savings', 'airline route planning', 'airlines save money', 'aviation documentary', 'aviation secrets', 'behind the scenes airlines', 'brightside', 'curiosities', 'flight efficiency explained', 'fuel economy planes', 'fuel efficient aircraft', 'how airlines save money', 'mystery', 'plane swap strategy', 'planet', 'smarter flight operations', 'world']",24,en-US,en-US,https://i.ytimg.com/vi/o6eNmm8j4Pw/default.jpg,https://i.ytimg.com/vi/o6eNmm8j4Pw/hqdefault.jpg,PT8M51S,6947,148,8,public,UC4rlAVgAK0SGk-yTfe48Qpw,BRIGHT SIDE,"Whether you’re into recent discoveries, space exploration, true stories, fitness, fun tests, and riddles, or useful tips for self-improvement, psychology, gadgets, or just your day-to-day routine, there’s something for everyone!

You can expect all that and more coming at you in 3 top-quality videos every single day. If you’ve got a thirst for knowledge that never quits, then join a community of tens of millions and growing! We have a good time, so take your shoes off, kick back, and make yourself at home here on the Bright Side of life!

Good news! We launched a new app for you 👉 http://bit.ly/Bs3App7
Join the world's largest community of good people! 😉

For brand partnership enquires: brands@thesoul-publishing.com",,https://yt3.ggpht.com/BimIuq2UYH1h-GQDEiV89I1dUEtpWVR8Mp_Q516vPN8rLw488Ap1G9ALhPUyqN8_HTPMbawTBDk=s88-c-k-c0x00ffffff-no-rj,44700000,10844,,,,,,,,,,,,,,,,,,,,,,,,,531.0,airlines save millions by switching planes on the same route,nan
Uq9d18Kibpw,What Really Happened in the Biggest Heist in Louvre History,"The biggest heist in Louvre history shook the world in October 2025, and people still can’t believe how the thieves pulled it off right under the noses of one of the most secure museums on the planet. The whole thing unfolded like a movie: alarms never tripped, guards saw nothing unusual, and by the time anyone realized what happened, priceless pieces had vanished without leaving a single obvious trace. Investigators discovered that the thieves exploited tiny timing gaps in the museum’s overnight routines and used insider knowledge that suggested someone on the outside had help from someone on the inside. The case quickly spiraled into a tangle of suspects, secret communications, forged access badges, and technology clever enough to fool even advanced security systems. 

Animation is created by Bright Side. 
---------------------------------------------------------------------------------------- 
Music from TheSoul Sound: https://thesoul-sound.com/ 

Check our Bright Side podcast on Spotify and leave a positive review! https://open.spotify.com/show/0hUkPxD34jRLrMrJux4VxV 
Subscribe to Bright Side: https://goo.gl/rQTJZz 
---------------------------------------------------------------------------------------- 
Our Social Media: 
Facebook: https://www.facebook.com/brightplanet/ 
Instagram: https://www.instagram.com/brightside.official 
TikTok: https://www.tiktok.com/@brightside.official?lang=en 

Stock materials (photos, footages and other): 
https://www.depositphotos.com 
https://www.shutterstock.com 
https://www.eastnews.ru 
---------------------------------------------------------------------------------------- 
For more videos and articles visit: http://www.brightside.me 
---------------------------------------------------------------------------------------- 
This video is made for entertainment purposes. We do not make any warranties about the completeness, safety and reliability. Any action you take upon the information in this video is strictly at your own risk, and we will not be liable for any damages or losses. It is the viewer's responsibility to use judgement, care and precaution if you plan to replicate.",2025-12-06T00:00:46Z,"['brightside', 'earth', 'mystery', 'planet', 'world', 'louvre heist 2025', 'biggest museum theft', 'art heist mystery', 'stolen art louvre', '2025 robbery louvre', 'museum security breach', 'art crime documentary', 'unsolved heist', 'international art theft', 'high tech heist', 'priceless art stolen', 'louvre investigation', 'shocking art theft', 'mysterious robbery paris', 'art world scandal', 'criminal mastermind heist', 'undercover art crime', 'famous museum heist', 'stolen masterpieces', 'true crime art story']",24,en-US,en-US,https://i.ytimg.com/vi/Uq9d18Kibpw/default.jpg,https://i.ytimg.com/vi/Uq9d18Kibpw/hqdefault.jpg,PT9M4S,4682,68,2,public,UC4rlAVgAK0SGk-yTfe48Qpw,BRIGHT SIDE,"Whether you’re into recent discoveries, space exploration, true stories, fitness, fun tests, and riddles, or useful tips for self-improvement, psychology, gadgets, or just your day-to-day routine, there’s something for everyone!

You can expect all that and more coming at you in 3 top-quality videos every single day. If you’ve got a thirst for knowledge that never quits, then join a community of tens of millions and growing! We have a good time, so take your shoes off, kick back, and make yourself at home here on the Bright Side of life!

Good news! We launched a new app for you 👉 http://bit.ly/Bs3App7
Join the world's largest community of good people! 😉

For brand partnership enquires: brands@thesoul-publishing.com",,https://yt3.ggpht.com/BimIuq2UYH1h-GQDEiV89I1dUEtpWVR8Mp_Q516vPN8rLw488Ap1G9ALhPUyqN8_HTPMbawTBDk=s88-c-k-c0x00ffffff-no-rj,44700000,10844,,,,,,,,,,,,,,,,,,,,,,,,,544.0,what really happened in the biggest heist in louvre history,nan
AtVs9_dFBOs,Mystery of This Lighthouse Is Unresolved for 120 Years,"The mystery surrounding the Flannan Isles Lighthouse has stayed unsolved for more than 120 years, and the story still gives people chills. In 1900, three lighthouse keepers—Thomas Marshall, James Ducat, and Donald MacArthur—vanished from a remote station off the west coast of Scotland under unbelievably strange circumstances. A fourth keeper normally rotated in from shore, and when he arrived on December 26, he found the lighthouse completely empty with no sign of the men anywhere. The only clue he spotted was a single overturned chair by the kitchen table, as if someone left in a hurry. With no bodies recovered and no clear explanation, the theories exploded: maybe the men drowned, maybe foreign spies abducted them, maybe a ghost ship appeared, or maybe something far more terrifying came out of the ocean. 

Animation is created by Bright Side.
----------------------------------------------------------------------------------------
Music from TheSoul Sound: https://thesoul-sound.com/
 
Check our Bright Side podcast on Spotify and leave a positive review! https://open.spotify.com/show/0hUkPxD34jRLrMrJux4VxV
 
Subscribe to Bright Side: https://goo.gl/rQTJZz
----------------------------------------------------------------------------------------
Our Social Media:
Facebook: https://www.facebook.com/brightside
Instagram: https://www.instagram.com/brightside.official
TikTok: https://www.tiktok.com/@brightside.official?lang=en
Telegram: https://t.me/bright_side_official
 
Stock materials (photos, footages and other):
https://www.depositphotos.com
https://www.shutterstock.com
https://www.eastnews.ru
----------------------------------------------------------------------------------------
 For more videos and articles visit:
http://www.brightside.me
 ----------------------------------------------------------------------------------------
This video is made for entertainment purposes. We do not make any warranties about the completeness, safety and reliability. Any action you take upon the information in this video is strictly at your own risk, and we will not be liable for any damages or losses. It is the viewer's responsibility to use judgement, care and precaution if you plan to replicate.",2025-12-05T23:00:13Z,"['1900 lighthouse case', 'brightside', 'brightsideglobal', 'creepy lighthouse story', 'disappearance theories', 'eerie historical events', 'flannan isles unsolved', 'ghost ship theories', 'historical disappearance', 'lighthouse legends', 'maritime mystery', 'mysterious scotland stories', 'mystery', 'planet', 'scottish islands mystery', 'sea monster mystery', 'strange disappearances', 'true mystery story', 'unexplained lighthouse case', 'unsolved mysteries documentary', 'unsolved scottish mystery']",24,en-US,en-US,https://i.ytimg.com/vi/AtVs9_dFBOs/default.jpg,https://i.ytimg.com/vi/AtVs9_dFBOs/hqdefault.jpg,PT10M45S,3328,59,1,public,UC4rlAVgAK0SGk-yTfe48Qpw,BRIGHT SIDE,"Whether you’re into recent discoveries, space exploration, true stories, fitness, fun tests, and riddles, or useful tips for self-improvement, psychology, gadgets, or just your day-to-day routine, there’s something for everyone!

You can expect all that and more coming at you in 3 top-quality videos every single day. If you’ve got a thirst for knowledge that never quits, then join a community of tens of millions and growing! We have a good time, so take your shoes off, kick back, and make yourself at home here on the Bright Side of life!

Good news! We launched a new app for you 👉 http://bit.ly/Bs3App7
Join the world's largest community of good people! 😉

For brand partnership enquires: brands@thesoul-publishing.com",,https://yt3.ggpht.com/BimIuq2UYH1h-GQDEiV89I1dUEtpWVR8Mp_Q516vPN8rLw488Ap1G9ALhPUyqN8_HTPMbawTBDk=s88-c-k-c0x00ffffff-no-rj,44700000,10844,,,,,,,,,,,,,,,,,,,,,,,,,645.0,mystery of this lighthouse is unresolved for 120 years,nan
M3rs886Imgk,Anonymous Millionaire Is Building an Underwater City in England,"Two major futuristic projects are shaping discussions about the future of urban development. One is a privately funded attempt to create an underwater living environment in the UK, supported by a secret investor. The other is Saudi Arabia’s multi-trillion-dollar linear city, facing growing challenges despite its scale and ambition. Both topics reveal how visionary ideas interact with engineering limits, economic pressures, and the realities of turning ambitious concepts into functioning places.
Animation is created by Bright Side. 
---------------------------------------------------------------------------------------- 
Music from TheSoul Sound: https://thesoul-sound.com/ 

Check our Bright Side podcast on Spotify and leave a positive review! https://open.spotify.com/show/0hUkPxD34jRLrMrJux4VxV 
Subscribe to Bright Side: https://goo.gl/rQTJZz 
---------------------------------------------------------------------------------------- 
Our Social Media: 
Facebook: https://www.facebook.com/brightplanet/ 
Instagram: https://www.instagram.com/brightside.official 
TikTok: https://www.tiktok.com/@brightside.official?lang=en 

Stock materials (photos, footages and other): 
https://www.depositphotos.com 
https://www.shutterstock.com 
https://www.eastnews.ru 
---------------------------------------------------------------------------------------- 
For more videos and articles visit: http://www.brightside.me 
---------------------------------------------------------------------------------------- 
This video is made for entertainment purposes. We do not make any warranties about the completeness, safety and reliability. Any action you take upon the information in this video is strictly at your own risk, and we will not be liable for any damages or losses. It is the viewer's responsibility to use judgement, care and precaution if you plan to replicate.",2025-12-05T18:00:33Z,"['architecture', 'brightside', 'brightsideglobal', 'city planning', 'curiosities', 'earth', 'economic challenges', 'engineering', 'future cities', 'futuristic design', 'global projects', 'infrastructure', 'innovation', 'megaprojects', 'modern engineering', 'mystery', 'ocean engineering', 'planet', 'saudi arabia', 'sustainable living', 'technology', 'the line', 'underwater city', 'urban development', 'world']",24,en,en,https://i.ytimg.com/vi/M3rs886Imgk/default.jpg,https://i.ytimg.com/vi/M3rs886Imgk/hqdefault.jpg,PT18M5S,5194,129,14,public,UC4rlAVgAK0SGk-yTfe48Qpw,BRIGHT SIDE,"Whether you’re into recent discoveries, space exploration, true stories, fitness, fun tests, and riddles, or useful tips for self-improvement, psychology, gadgets, or just your day-to-day routine, there’s something for everyone!

You can expect all that and more coming at you in 3 top-quality videos every single day. If you’ve got a thirst for knowledge that never quits, then join a community of tens of millions and growing! We have a good time, so take your shoes off, kick back, and make yourself at home here on the Bright Side of life!

Good news! We launched a new app for you 👉 http://bit.ly/Bs3App7
Join the world's largest community of good people! 😉

For brand partnership enquires: brands@thesoul-publishing.com",,https://yt3.ggpht.com/BimIuq2UYH1h-GQDEiV89I1dUEtpWVR8Mp_Q516vPN8rLw488Ap1G9ALhPUyqN8_HTPMbawTBDk=s88-c-k-c0x00ffffff-no-rj,44700000,10844,"You have about $130 million. What would you do with it? Fly into space or buy an island? There are many ways you can spend this much money, but one anonymous investor used it to build an extravagant underwater city. The project is not finished yet, and a lot of people are currently working really hard to make this crazy idea come to life. If all goes well, in the near future, living under the sea may become a reality. In the past century, there was a limestone quarry near the Welsh border in England. In the 1990s, it became flooded and turned into a lake 260 ft deep. Now, there's a large construction project going on around it. Trucks transport materials and people in overalls construct huge modules that look like giant futuristic submarines. These modules are called sentinels and they will become the buildings of a small underwater city. Builders and engineers create durable stainless steel materials that allow these houses to withstand a depth of up to 650 ft. This is the upper limit of the twilight zone where very little sunlight penetrates. Large squid and other creatures live in this zone. Imagine waking up in an underwater hotel room and seeing a giant squid staring at you from the dark. Or even worse, you see a huge eye watching you as you wake up. This could happen if sentinels were successfully installed in the depths of the ocean. Meanwhile, let's return to our project on a small lake. The project is called Deep. Its goal is to make life underwater as comfortable as possible. Inside living modules, builders install bedrooms, kitchens, bathrooms, and observation windows. People will access them using small submarines. However, it's not as simple as calling a taxi. To live underwater, you need to train under the guidance of experienced instructors to test yourself in underwater life simulators. The cost of living there will likely be expensive, but it's worth it. At least you will be wellfed. A chef will develop a special menu, and all food will be stored in vacuum-sealed bags to preserve its flavor and nutrients. It all sounds great, but there's a question. Who is financing this project? No one knows the answer. Deep is funded by a secret investor who has already spent more than $100 million. Interestingly, this is not the first attempt to create an underwater dwelling. For example, Jacqu Kustoau, a famous diver explorer, first created the con shelf 1 underwater house in 1962. This was a steel cylinder located at a depth of 30 ft, where two divers lived for a week. In 1970, several women also spent 14 days underwater in the Caribbean Sea at a depth of 50 ft. The aim of that project was to study human psychology in a cramped environment similar to that of a spaceship. Unsurprisingly, that project was partly funded by NASA. Okay, we have windows overlooking marine life, delicious food, underwater parties, and solitude away from civilization. All these things sound cool, but if we put aside the fun part for a moment, is there any real benefit to it? Oh, yeah. Ocean exploration. Many marine biologists believe that the best way to explore the ocean is from within. Diving doesn't help much since divers are limited by time and body needs. They can stay underwater for only about an hour and a half at a time. Underwater cities could allow us to live underwater for months. But the most important thing is long-term observation of marine life in its natural habitat. In the mid 1990s, a group of researchers wanted to study the development and nutrition of corals. They brought them to the lab for testing and found out that corals reacted differently to tests in artificial environments than in the ocean. Their behavior in a laboratory setting was different from their behavior in the wild. Underwater cities could also provide work for archaeologists who study the remains of ships that have sunk throughout history. Plus, such cities could help protect us from future disasters. In the event of a catastrophe like an earthquake, tsunami, or volcanic eruption, scientists and engineers could build water-based shelters like the Subbiosphere 2 project to provide refuge for people. These circular structures could sink into the ocean and give shelter for up to 50 or 100 people, allowing them to wait out the disaster from a safe distance. Underwater cities could be an excellent solution to overpopulation, but there are some downsides. We already pollute the world's oceans, and what if we literally lived inside them? It's one thing to use labs to study marine life, but it's another to build hotels for vacationers. One such hotel called the Water Discus is a building at a depth of no more than 32 ft. It will have 21 rooms and a restaurant with coral reef views. While the conditions seem comfortable, some experts worry that staying there for long periods could be harmful because of the lack of sunlight. Nevertheless, it would be interesting to stay there for a week and see how it feels. The most challenging aspect of creating such laboratories, hotels, and bunkers is ensuring a reliable life support and safety system. It's crucial that the air, humidity, and temperature be as comfortable as possible for people to live in these structures. However, this requires a significant amount of energy. Currently, all modern underwater buildings rely on external sources of energy located on the surface. But scientists plan to make future underwater projects fully autonomous, using kinetic energy from waves and powerful solar panels to generate power. It's also important to create the right structure for these buildings. Rather than covering an underwater city with a giant bubble, it's more efficient to create several large housing modules. Each module should consist of steel, glass, and special cement. Also, the depth shouldn't exceed 1,000 ft. Since a deeper location would require thicker walls because of high water pressure to load and move these residential modules safely, engineers can use ballast tanks. These are large containers filled with water which are used to pull the modules down deep into the ocean. Once in place, engineers can release the water from the tanks and fill them with air, causing the house to float back to the surface. And what about fresh air? Fish extract oxygen from the water using their gills. But this method is obviously not suitable for humans. Therefore, we need to deliver air from the surface. It can be piped into the city and mixed with a special substance called sodazorb which reacts with carbon dioxide and removes it. It would be great if we could generate oxygen inside our underwater cities rather than relying on other sources. This would require farms and plants that can produce oxygen through photosynthesis. But instead of sunlight, these plants would use artificial light. If we talk about complete autonomy, people could get food from the water at any moment. Put on scuba gear, a mask, and an oxygen tank, and leave the hotel through an airlock. Use harpoons and fishing nets to catch dinner. Remember to check your oxygen reserves, and don't swim for too long. Frying fish in a pan won't work because of strong odors. In an underwater dwelling, air is static, like in an airplane cabin, so odors become stronger. Maybe in the future, engineers will create a dedicated cooking area, but for now, you'll have to rely on canned and dehydrated food. If you get bored, go for an underwater walk. Instead of carrying oxygen tanks, use hollow tubes connecting your mask to an air source inside your home. But don't forget that you can't go too far because the length of the tube is limited. Air, food, safe construction, what else? Drinking water. In the future, scientists may create filters in these hotels that desalinate salt water. This water can be extracted from the condensation inside the hotel as well as from human secretions. Don't be surprised. Astronauts, for example, have been using special technology to filter their liquids and turn them into drinking water for a long time. You're standing in the middle of a vast empty desert in Saudi Arabia. But in the middle of that emptiness, two enormous mirrored skyscrapers rise side by side in perfect parallel to each other. This isn't just some sci-fi concept. It's the line, the centerpiece of Saudi Arabia's boldest urban project yet. Now, Saudi Arabia is already home to some of the most ambitious architecture in the world. From Riyad's King Abdullah financial district to the iconic Abra Albate powers in Mecca, they've been working hard for years. But the line is in a league of its own. This project was announced in 2021 and it is part of a larger vision for the country's future called Neil, a $500 billion mega project designed to redefine how people live, work, and interact with the environment. I mean, what could go wrong, right? Well, I don't know. But Nadmi al-Naser, the longtime chief executive of the ambitious project, has recently departed. Suspicious. Even more so, because Nom statement issued soon after did not give any plausible reason for his departure. Then the line project itself was originally expected to cost around $200 billion. But by 2024, that number had skyrocketed to a mind-blowing $2 trillion. That's about twice Saudi Arabia's entire GDP. And if you ask independent experts, they think it could end up costing even more. At first, the plan was to build about 10 mi of the project and have 1 and a half million people living there by 2030. By now, the expectations are way more modest. Only just under 1.5 m are likely to be done by 2030 with fewer than 300,000 residents. The project has come across a lot of problems along the way. Engineering issues and management problems have caused major delays, and progress hasn't been as fast as hoped. And now, let's figure out what exactly is the line. It's a literal city made up of two parallel skyscrapers, each towering 1,640 ft high. That's higher than almost all the tallest skyscrapers in the world. These skyscrapers are 656 ft wide and stretch for a mind-boggling 106 mi across the northwest of Saudi Arabia, right near the Red Sea. The most astounding thing, the entire city is actually within this one structure. There are no cars, no roads, no emissions, but we'll go into detail a bit later. The complex is supposed to house 9 million people. And all of this running entirely on clean energy. Such a project aligns perfectly with Saudi Arabia's ambitious vision 2030 plan. The outside of the skyscrapers will be covered in mirrors that will reflect the surrounding desert landscape, creating an almost seamless blend between the city and its surroundings. Inside there will be lush parks, cascading waterfalls, flying taxis, and even robot helpers to take care of everyday tasks. They're also planning to make an artificial moon as part of the city's design. One more thing that makes the line so unique is its design. Unlike traditional cities that spread out horizontally, the line is vertical. Everything, homes, offices, parks, schools, shopping centers are stacked on top of each other in layers. This means that residents won't need to travel long distances to get what they need. In fact, the designers promise that all amenities will be within a 5-minute walk from anywhere in the city. And while it's compact in width, the city's vertically layered structure means it can comfortably fit all 9 million residents while leaving plenty of room for parks, natural spaces, and modern conveniences. There's even a plan for year round climate control, keeping both indoor and outdoor spaces at comfortable temperatures. No matter how harsh the desert weather gets. Of course, even with everything close by, people will still need to get around the city. Worry not, the line has it covered in the most futuristic way possible. It features a high-speed train system that will travel from one end of the city to the other in just 20 minutes. That's 106 mi in 20 minutes with only four stops along the way. Imagine being able to get anywhere in the city faster than you could drive across town in most places today. Besides the train, the line will also have autonomous vehicles. Those will be cars and shuttles driving themselves with the help of advanced technology. They will handle everything from parking to going around obstacles. Even cooler, in the line, every car, train, and any other piece of infrastructure will be connected in a huge network called the internet of things. Sensors and real-time data will allow traffic to flow smoothly, preventing delays and reducing congestion. They first spoke about the Neon project in 2017. Besides the line, NEOM is supposed to include an octagon-shaped floating industrial city and a posh mountain ski resort. There, Saudi Arabia will host the Asian Winter Games in 2029. Plus, there will be the world's largest green energy plant, which will make the region self-sufficient and sustainable. The goal of NEOM is to attract people from around the world, not just to visit, but to live there. Residents will even be given their own identity. Naomians. Not everyone thinks this construction is a good idea. Some urban planners and architects have pointed out pretty big flaws in the city's straight line layout. You see, in a regular city like Johannesburg, which covers way more ground than the line, two random people are usually only about 20 m apart. But in the line, the average distance between two random people would be 35 mi. That's almost double. Even though the line's overall area is way smaller, this setup could make it harder for people to connect socially and might be a pain to navigate, even with a high-speed train zipping through it. Now, they promise that every resident will have everything they need within a 5-minute walk. But there are doubts, too. People wonder if living in a super compact stacked up design might end up feeling claustrophobic or even too much to handle. As for the whole mirrored exterior idea, it looks pretty cool in renderings, but there's an opinion it could actually mess with the environment. Reflecting all that sunlight in a desert might disturb local wildlife or create unexpected heat issues. The line's high-tech features sound amazing, but they come with their own set of headaches. The city is supposed to run on the internet of things tech and autonomous vehicles. Sounds awesome, right? But how are they going to pull that off for a 106 mile long city? For things to run smoothly, every piece of tech, cars, trains, infrastructure needs to be perfectly in sync, sharing tons of realtime data. If there's even a tiny glitch, it could throw a wrench into daily life for millions of people. Then there's that high-speed train. It does sound like a dream, but actually building and keeping it running in the middle of a desert is not so easy. The heat, shifting sands, and wear and tear on the tracks could cause big delays and rack up costs pretty quickly. People around the world are questioning if the line is even doable. The first inhabitants were supposed to start living there by 2030, but there are reports about scaling the project back, so that deadline feels like a big stretch. There's also a sustainability issue. The line is supposed to have zero emissions and 100% clean energy, but building something so massive is bound to take tons of resources. With all these challenges, Saudi Arabia is looking into new ways to fund the line and figure out which parts of their vision 2030 projects to prioritize. An insider has recently said that some projects might go ahead as planned while others could be delayed or scaled down. This lines up with what Ali Shahabi, who's on NAM's advisory board, has said. He admitted that the vision 2030 goals were always meant to be super ambitious, like almost too ambitious. But he argued that even if they only pull off part of it in time, it'll still be a big deal. That's it for today. So, hey, if you pacified your curiosity, then give the video a like and share it with your friends. Or if you want more, just click on these videos and stay on the bright",,,,,,,,,,,,,,,,,,,,,,,,1085.0,anonymous millionaire is building an underwater city in england,you have about 130 million what would you do with it fly into space or buy an island there are many ways you can spend this much money but one anonymous investor used it to build an extravagant underwater city the project is not finished yet and a lot of people are currently working really hard to make this crazy idea come to life if all goes well in the near future living under the sea may become a reality in the past century there was a limestone quarry near the welsh border in england in the 1990s it became flooded and turned into a lake 260 ft deep now there s a large construction project going on around it trucks transport materials and people in overalls construct huge modules that look like giant futuristic submarines these modules are called sentinels and they will become the buildings of a small underwater city builders and engineers create durable stainless steel materials that allow these houses to withstand a depth of up to 650 ft this is the upper limit of the twilight zone where very little sunlight penetrates large squid and other creatures live in this zone imagine waking up in an underwater hotel room and seeing a giant squid staring at you from the dark or even worse you see a huge eye watching you as you wake up this could happen if sentinels were successfully installed in the depths of the ocean meanwhile let s return to our project on a small lake the project is called deep its goal is to make life underwater as comfortable as possible inside living modules builders install bedrooms kitchens bathrooms and observation windows people will access them using small submarines however it s not as simple as calling a taxi to live underwater you need to train under the guidance of experienced instructors to test yourself in underwater life simulators the cost of living there will likely be expensive but it s worth it at least you will be wellfed a chef will develop a special menu and all food will be stored in vacuum sealed bags to preserve its flavor and nutrients it all sounds great but there s a question who is financing this project no one knows the answer deep is funded by a secret investor who has already spent more than 100 million interestingly this is not the first attempt to create an underwater dwelling for example jacqu kustoau a famous diver explorer first created the con shelf 1 underwater house in 1962 this was a steel cylinder located at a depth of 30 ft where two divers lived for a week in 1970 several women also spent 14 days underwater in the caribbean sea at a depth of 50 ft the aim of that project was to study human psychology in a cramped environment similar to that of a spaceship unsurprisingly that project was partly funded by nasa okay we have windows overlooking marine life delicious food underwater parties and solitude away from civilization all these things sound cool but if we put aside the fun part for a moment is there any real benefit to it oh yeah ocean exploration many marine biologists believe that the best way to explore the ocean is from within diving doesn t help much since divers are limited by time and body needs they can stay underwater for only about an hour and a half at a time underwater cities could allow us to live underwater for months but the most important thing is long term observation of marine life in its natural habitat in the mid 1990s a group of researchers wanted to study the development and nutrition of corals they brought them to the lab for testing and found out that corals reacted differently to tests in artificial environments than in the ocean their behavior in a laboratory setting was different from their behavior in the wild underwater cities could also provide work for archaeologists who study the remains of ships that have sunk throughout history plus such cities could help protect us from future disasters in the event of a catastrophe like an earthquake tsunami or volcanic eruption scientists and engineers could build water based shelters like the subbiosphere 2 project to provide refuge for people these circular structures could sink into the ocean and give shelter for up to 50 or 100 people allowing them to wait out the disaster from a safe distance underwater cities could be an excellent solution to overpopulation but there are some downsides we already pollute the world s oceans and what if we literally lived inside them it s one thing to use labs to study marine life but it s another to build hotels for vacationers one such hotel called the water discus is a building at a depth of no more than 32 ft it will have 21 rooms and a restaurant with coral reef views while the conditions seem comfortable some experts worry that staying there for long periods could be harmful because of the lack of sunlight nevertheless it would be interesting to stay there for a week and see how it feels the most challenging aspect of creating such laboratories hotels and bunkers is ensuring a reliable life support and safety system it s crucial that the air humidity and temperature be as comfortable as possible for people to live in these structures however this requires a significant amount of energy currently all modern underwater buildings rely on external sources of energy located on the surface but scientists plan to make future underwater projects fully autonomous using kinetic energy from waves and powerful solar panels to generate power it s also important to create the right structure for these buildings rather than covering an underwater city with a giant bubble it s more efficient to create several large housing modules each module should consist of steel glass and special cement also the depth shouldn t exceed 1 000 ft since a deeper location would require thicker walls because of high water pressure to load and move these residential modules safely engineers can use ballast tanks these are large containers filled with water which are used to pull the modules down deep into the ocean once in place engineers can release the water from the tanks and fill them with air causing the house to float back to the surface and what about fresh air fish extract oxygen from the water using their gills but this method is obviously not suitable for humans therefore we need to deliver air from the surface it can be piped into the city and mixed with a special substance called sodazorb which reacts with carbon dioxide and removes it it would be great if we could generate oxygen inside our underwater cities rather than relying on other sources this would require farms and plants that can produce oxygen through photosynthesis but instead of sunlight these plants would use artificial light if we talk about complete autonomy people could get food from the water at any moment put on scuba gear a mask and an oxygen tank and leave the hotel through an airlock use harpoons and fishing nets to catch dinner remember to check your oxygen reserves and don t swim for too long frying fish in a pan won t work because of strong odors in an underwater dwelling air is static like in an airplane cabin so odors become stronger maybe in the future engineers will create a dedicated cooking area but for now you ll have to rely on canned and dehydrated food if you get bored go for an underwater walk instead of carrying oxygen tanks use hollow tubes connecting your mask to an air source inside your home but don t forget that you can t go too far because the length of the tube is limited air food safe construction what else drinking water in the future scientists may create filters in these hotels that desalinate salt water this water can be extracted from the condensation inside the hotel as well as from human secretions don t be surprised astronauts for example have been using special technology to filter their liquids and turn them into drinking water for a long time you re standing in the middle of a vast empty desert in saudi arabia but in the middle of that emptiness two enormous mirrored skyscrapers rise side by side in perfect parallel to each other this isn t just some sci fi concept it s the line the centerpiece of saudi arabia s boldest urban project yet now saudi arabia is already home to some of the most ambitious architecture in the world from riyad s king abdullah financial district to the iconic abra albate powers in mecca they ve been working hard for years but the line is in a league of its own this project was announced in 2021 and it is part of a larger vision for the country s future called neil a 500 billion mega project designed to redefine how people live work and interact with the environment i mean what could go wrong right well i don t know but nadmi al naser the longtime chief executive of the ambitious project has recently departed suspicious even more so because nom statement issued soon after did not give any plausible reason for his departure then the line project itself was originally expected to cost around 200 billion but by 2024 that number had skyrocketed to a mind blowing 2 trillion that s about twice saudi arabia s entire gdp and if you ask independent experts they think it could end up costing even more at first the plan was to build about 10 mi of the project and have 1 and a half million people living there by 2030 by now the expectations are way more modest only just under 1 5 m are likely to be done by 2030 with fewer than 300 000 residents the project has come across a lot of problems along the way engineering issues and management problems have caused major delays and progress hasn t been as fast as hoped and now let s figure out what exactly is the line it s a literal city made up of two parallel skyscrapers each towering 1 640 ft high that s higher than almost all the tallest skyscrapers in the world these skyscrapers are 656 ft wide and stretch for a mind boggling 106 mi across the northwest of saudi arabia right near the red sea the most astounding thing the entire city is actually within this one structure there are no cars no roads no emissions but we ll go into detail a bit later the complex is supposed to house 9 million people and all of this running entirely on clean energy such a project aligns perfectly with saudi arabia s ambitious vision 2030 plan the outside of the skyscrapers will be covered in mirrors that will reflect the surrounding desert landscape creating an almost seamless blend between the city and its surroundings inside there will be lush parks cascading waterfalls flying taxis and even robot helpers to take care of everyday tasks they re also planning to make an artificial moon as part of the city s design one more thing that makes the line so unique is its design unlike traditional cities that spread out horizontally the line is vertical everything homes offices parks schools shopping centers are stacked on top of each other in layers this means that residents won t need to travel long distances to get what they need in fact the designers promise that all amenities will be within a 5 minute walk from anywhere in the city and while it s compact in width the city s vertically layered structure means it can comfortably fit all 9 million residents while leaving plenty of room for parks natural spaces and modern conveniences there s even a plan for year round climate control keeping both indoor and outdoor spaces at comfortable temperatures no matter how harsh the desert weather gets of course even with everything close by people will still need to get around the city worry not the line has it covered in the most futuristic way possible it features a high speed train system that will travel from one end of the city to the other in just 20 minutes that s 106 mi in 20 minutes with only four stops along the way imagine being able to get anywhere in the city faster than you could drive across town in most places today besides the train the line will also have autonomous vehicles those will be cars and shuttles driving themselves with the help of advanced technology they will handle everything from parking to going around obstacles even cooler in the line every car train and any other piece of infrastructure will be connected in a huge network called the internet of things sensors and real time data will allow traffic to flow smoothly preventing delays and reducing congestion they first spoke about the neon project in 2017 besides the line neom is supposed to include an octagon shaped floating industrial city and a posh mountain ski resort there saudi arabia will host the asian winter games in 2029 plus there will be the world s largest green energy plant which will make the region self sufficient and sustainable the goal of neom is to attract people from around the world not just to visit but to live there residents will even be given their own identity naomians not everyone thinks this construction is a good idea some urban planners and architects have pointed out pretty big flaws in the city s straight line layout you see in a regular city like johannesburg which covers way more ground than the line two random people are usually only about 20 m apart but in the line the average distance between two random people would be 35 mi that s almost double even though the line s overall area is way smaller this setup could make it harder for people to connect socially and might be a pain to navigate even with a high speed train zipping through it now they promise that every resident will have everything they need within a 5 minute walk but there are doubts too people wonder if living in a super compact stacked up design might end up feeling claustrophobic or even too much to handle as for the whole mirrored exterior idea it looks pretty cool in renderings but there s an opinion it could actually mess with the environment reflecting all that sunlight in a desert might disturb local wildlife or create unexpected heat issues the line s high tech features sound amazing but they come with their own set of headaches the city is supposed to run on the internet of things tech and autonomous vehicles sounds awesome right but how are they going to pull that off for a 106 mile long city for things to run smoothly every piece of tech cars trains infrastructure needs to be perfectly in sync sharing tons of realtime data if there s even a tiny glitch it could throw a wrench into daily life for millions of people then there s that high speed train it does sound like a dream but actually building and keeping it running in the middle of a desert is not so easy the heat shifting sands and wear and tear on the tracks could cause big delays and rack up costs pretty quickly people around the world are questioning if the line is even doable the first inhabitants were supposed to start living there by 2030 but there are reports about scaling the project back so that deadline feels like a big stretch there s also a sustainability issue the line is supposed to have zero emissions and 100 clean energy but building something so massive is bound to take tons of resources with all these challenges saudi arabia is looking into new ways to fund the line and figure out which parts of their vision 2030 projects to prioritize an insider has recently said that some projects might go ahead as planned while others could be delayed or scaled down this lines up with what ali shahabi who s on nam s advisory board has said he admitted that the vision 2030 goals were always meant to be super ambitious like almost too ambitious but he argued that even if they only pull off part of it in time it ll still be a big deal that s it for today so hey if you pacified your curiosity then give the video a like and share it with your friends or if you want more just click on these videos and stay on the bright
1wWknJ2tlB0,You Won’t See These Snow Hazards Coming - Until It’s Too Late,"Snow isn’t always white, and when it changes color, it can reveal hidden dangers that most people walk right over without noticing. Red snow, often called “watermelon snow,” gets its color from algae that can release toxins and make melting snow unsafe to drink. Yellow snow can signal chemical contamination from vehicles or industrial areas, while black snow often contains soot and particles that are harmful to breathe. Even green or orange snow can appear after unusual algal blooms or pollution events that warn scientists something is seriously off in the environment. And in this video, you’ll learn how each color of snow forms and why paying attention to it could actually keep you safe outdoors.

Animation is created by Bright Side. 
---------------------------------------------------------------------------------------- 
Music from TheSoul Sound: https://thesoul-sound.com/ 

Check our Bright Side podcast on Spotify and leave a positive review! https://open.spotify.com/show/0hUkPxD34jRLrMrJux4VxV 
Subscribe to Bright Side: https://goo.gl/rQTJZz 
---------------------------------------------------------------------------------------- 
Our Social Media: 
Facebook: https://www.facebook.com/brightplanet/ 
Instagram: https://www.instagram.com/brightside.official 
TikTok: https://www.tiktok.com/@brightside.official?lang=en 

Stock materials (photos, footages and other): 
https://www.depositphotos.com 
https://www.shutterstock.com 
https://www.eastnews.ru 
---------------------------------------------------------------------------------------- 
For more videos and articles visit: http://www.brightside.me 
---------------------------------------------------------------------------------------- 
This video is made for entertainment purposes. We do not make any warranties about the completeness, safety and reliability. Any action you take upon the information in this video is strictly at your own risk, and we will not be liable for any damages or losses. It is the viewer's responsibility to use judgement, care and precaution if you plan to replicate.",2025-12-05T16:00:03Z,"['brightside', 'brightsideglobal', 'colored snow explained', 'curiosities', 'dangerous snow types', 'dangerous winter phenomena', 'earth', 'environmental warning signs', 'mystery', 'outdoor safety winter', 'planet', 'polluted snow effects', 'snow algae toxins', 'snow color meanings', 'snow safety tips', 'strange snow colors', 'toxic snow colors', 'unusual snow facts', 'watermelon snow danger', 'winter hazards', 'winter science video', 'world', 'yellow snow contamination']",24,en-US,en-US,https://i.ytimg.com/vi/1wWknJ2tlB0/default.jpg,https://i.ytimg.com/vi/1wWknJ2tlB0/hqdefault.jpg,PT18M35S,6153,121,6,public,UC4rlAVgAK0SGk-yTfe48Qpw,BRIGHT SIDE,"Whether you’re into recent discoveries, space exploration, true stories, fitness, fun tests, and riddles, or useful tips for self-improvement, psychology, gadgets, or just your day-to-day routine, there’s something for everyone!

You can expect all that and more coming at you in 3 top-quality videos every single day. If you’ve got a thirst for knowledge that never quits, then join a community of tens of millions and growing! We have a good time, so take your shoes off, kick back, and make yourself at home here on the Bright Side of life!

Good news! We launched a new app for you 👉 http://bit.ly/Bs3App7
Join the world's largest community of good people! 😉

For brand partnership enquires: brands@thesoul-publishing.com",,https://yt3.ggpht.com/BimIuq2UYH1h-GQDEiV89I1dUEtpWVR8Mp_Q516vPN8rLw488Ap1G9ALhPUyqN8_HTPMbawTBDk=s88-c-k-c0x00ffffff-no-rj,44700000,10844,,,,,,,,,,,,,,,,,,,,,,,,,1115.0,you won t see these snow hazards coming until it s too late,nan
YaT1XFQc8-8,This Invisible Line Stops Animals — Here’s the Reason,"There’s an invisible line running through Indonesia that animals refuse to cross, and it splits the wildlife of Asia and Australia like two different worlds.
This boundary, known as the Wallace Line, marks where species suddenly change — tigers, elephants, and monkeys on one side, and kangaroos, cockatoos, and marsupials on the other.
Scientists discovered that deep ocean trenches and ancient sea levels kept these animal groups separated for millions of years, even when humans could cross freely by boat.
The line still affects evolution today, shaping ecosystems and creating one of the most dramatic natural divides on Earth.
And in this video, you’ll find out why this invisible barrier exists, how it formed, and what it reveals about the wild history of our planet.
Animation is created by Bright Side. 
---------------------------------------------------------------------------------------- 
Music from TheSoul Sound: https://thesoul-sound.com/ 

Check our Bright Side podcast on Spotify and leave a positive review! https://open.spotify.com/show/0hUkPxD34jRLrMrJux4VxV 
Subscribe to Bright Side: https://goo.gl/rQTJZz 
---------------------------------------------------------------------------------------- 
Our Social Media: 
Facebook: https://www.facebook.com/brightplanet/ 
Instagram: https://www.instagram.com/brightside.official 
TikTok: https://www.tiktok.com/@brightside.official?lang=en 

Stock materials (photos, footages and other): 
https://www.depositphotos.com 
https://www.shutterstock.com 
https://www.eastnews.ru 
---------------------------------------------------------------------------------------- 
For more videos and articles visit: http://www.brightside.me 
---------------------------------------------------------------------------------------- 
This video is made for entertainment purposes. We do not make any warranties about the completeness, safety and reliability. Any action you take upon the information in this video is strictly at your own risk, and we will not be liable for any damages or losses. It is the viewer's responsibility to use judgement, care and precaution if you plan to replicate.",2025-12-05T10:21:01Z,"['alfred russel wallace', 'ancient sea levels', 'animal distribution mystery', 'asian vs australian wildlife', 'australian species line', 'biodiversity boundary', 'biogeography explained', 'brightside', 'brightsideglobal', 'curiosities', 'deep ocean trench biology', 'earth', 'earth science video', 'evolution barrier', 'evolutionary history', 'geological divide', 'island biogeography', 'mystery', 'natural selection clues', 'planet', 'southeast asia wildlife', 'species divide indonesia', 'wallace line', 'world']",24,en,en-US,https://i.ytimg.com/vi/YaT1XFQc8-8/default.jpg,https://i.ytimg.com/vi/YaT1XFQc8-8/hqdefault.jpg,PT17M31S,7399,136,10,public,UC4rlAVgAK0SGk-yTfe48Qpw,BRIGHT SIDE,"Whether you’re into recent discoveries, space exploration, true stories, fitness, fun tests, and riddles, or useful tips for self-improvement, psychology, gadgets, or just your day-to-day routine, there’s something for everyone!

You can expect all that and more coming at you in 3 top-quality videos every single day. If you’ve got a thirst for knowledge that never quits, then join a community of tens of millions and growing! We have a good time, so take your shoes off, kick back, and make yourself at home here on the Bright Side of life!

Good news! We launched a new app for you 👉 http://bit.ly/Bs3App7
Join the world's largest community of good people! 😉

For brand partnership enquires: brands@thesoul-publishing.com",,https://yt3.ggpht.com/BimIuq2UYH1h-GQDEiV89I1dUEtpWVR8Mp_Q516vPN8rLw488Ap1G9ALhPUyqN8_HTPMbawTBDk=s88-c-k-c0x00ffffff-no-rj,44700000,10844,,,,,,,,,,,,,,,,,,,,,,,,,1051.0,this invisible line stops animals here s the reason,nan
Ql__HaCi9r4,Scientists Detect Water on Uranus’s Moon,"Scientists have detected signs of water on one of Uranus’s moons, revealing that this frozen world might be far more active than anyone expected. New data from telescopes show chemical fingerprints that hint at salty liquid water rising from below the surface, a clue that the moon could hide a subsurface ocean. If that’s true, it places Uranus’s moons alongside Europa and Enceladus as surprising contenders in the search for life within our own solar system. Researchers think tidal forces — the same stretching and squeezing that heats other ocean worlds — might be keeping this moon warm enough for liquid water to exist. And in this video, you’ll explore what this discovery means for future missions and why scientists now believe Uranus may be hiding multiple ocean worlds in plain sight.

Animation is created by Bright Side. 
---------------------------------------------------------------------------------------- 
Music from TheSoul Sound: https://thesoul-sound.com/ 

Check our Bright Side podcast on Spotify and leave a positive review! https://open.spotify.com/show/0hUkPxD34jRLrMrJux4VxV 
Subscribe to Bright Side: https://goo.gl/rQTJZz 
---------------------------------------------------------------------------------------- 
Our Social Media: 
Facebook: https://www.facebook.com/brightplanet/ 
Instagram: https://www.instagram.com/brightside.official 
TikTok: https://www.tiktok.com/@brightside.official?lang=en 

Stock materials (photos, footages and other): 
https://www.depositphotos.com 
https://www.shutterstock.com 
https://www.eastnews.ru 
---------------------------------------------------------------------------------------- 
For more videos and articles visit: http://www.brightside.me 
---------------------------------------------------------------------------------------- 
This video is made for entertainment purposes. We do not make any warranties about the completeness, safety and reliability. Any action you take upon the information in this video is strictly at your own risk, and we will not be liable for any damages or losses. It is the viewer's responsibility to use judgement, care and precaution if you plan to replicate.",2025-12-05T01:00:41Z,"['astrobiology clues', 'astronomy discoveries', 'brightside', 'brightsideglobal', 'curiosities', 'earth', 'hidden ocean moons', 'icy moon research', 'icy moon water', 'mystery', 'nasa future missions', 'ocean worlds solar system', 'planet', 'planetary science documentary', 'search for life moons', 'space discovery 2024', 'space science video', 'subsurface ocean uranus', 'telescope water detection', 'tidal heating ocean worlds', 'uranus exploration', 'uranus moons explained', 'world']",24,en-US,en-US,https://i.ytimg.com/vi/Ql__HaCi9r4/default.jpg,https://i.ytimg.com/vi/Ql__HaCi9r4/hqdefault.jpg,PT9M38S,7548,171,18,public,UC4rlAVgAK0SGk-yTfe48Qpw,BRIGHT SIDE,"Whether you’re into recent discoveries, space exploration, true stories, fitness, fun tests, and riddles, or useful tips for self-improvement, psychology, gadgets, or just your day-to-day routine, there’s something for everyone!

You can expect all that and more coming at you in 3 top-quality videos every single day. If you’ve got a thirst for knowledge that never quits, then join a community of tens of millions and growing! We have a good time, so take your shoes off, kick back, and make yourself at home here on the Bright Side of life!

Good news! We launched a new app for you 👉 http://bit.ly/Bs3App7
Join the world's largest community of good people! 😉

For brand partnership enquires: brands@thesoul-publishing.com",,https://yt3.ggpht.com/BimIuq2UYH1h-GQDEiV89I1dUEtpWVR8Mp_Q516vPN8rLw488Ap1G9ALhPUyqN8_HTPMbawTBDk=s88-c-k-c0x00ffffff-no-rj,44700000,10844,"Beneath the frozen surface of Uranus's moon, Ariel, something massive may be hiding. An ocean more than 100 miles deep. That's 40 times deeper than the Pacific Ocean. And it's been sealed up under ice for billions of years, waiting to be discovered. So, Uranus is this pale blue gas giant way out there, the loner planet that never gets much attention. But recently, scientists turned their telescopes and computer models toward one of Uranus's 29 known moons, Ariel. Compared to its sisters and brothers, Ariel's got quite a unique personality. When the Voyager 2 spacecraft flew by in 1986, it caught some photos showing an oddly smooth surface peppered with craters, fractures, and valleys. Those details might not sound exciting until you realize what they mean. This moon was geologically active, moving, cracking, and reshaping itself like Earth does. That's rare in the outer solar system, where most moons are just frozen popsicles quietly spinning around their planet. When scientists studied those fractures, technically called grabins, they found something strange. The pattern of these cracks looks exactly like what happens when there's pressure building underneath the surface, like a balloon stretching before it pops. It's as if something deep inside Ariel was pushing outward, warping and breaking the crust. The most logical culprit would be a subsurface ocean, which was once warm enough to push against the icy layers above it. An ocean sealed under miles of ice, hidden for billions of years. So, how would something so far from the sun even have liquid water? Well, Ariel's orbit isn't perfectly circular, but slightly oval, which scientists call eccentric. That means as it circles Uranus, the gravitational pole changes a little each time. The constant tugging stretches and flexes the moon's interior, creates friction, and voila, generates heat. Combine that with natural radioactive decay inside the rocky core and suddenly you've got enough warmth to melt ice deep below the surface. So Ariel might have been making its own geothermal spa out there in the middle of nowhere. Scientists modeled its interior structure and found that the stress the tidal forces were causing could have kept liquid water stable for millions, maybe even billions of years. Even cooler or warmer in this case is that traces of that ocean may still exist. Ariel's icy shell shows features that look recent geologically speaking. That means the moon hasn't been completely frozen for all eternity. Beneath those fractures, there could still be small pockets or thin layers of liquid water. And this brings up the most exciting part. Water means potential life. Every time scientists find signs of liquid water somewhere in the solar system, they start whispering that question we all secretly love. Could something live there? Sure, Ariel's no tropical resort, but remember on Earth, we found microbes thriving near hydrothermal vents at the bottom of our oceans, living off chemicals, not sunlight. If Ariel once had similar vents pumping heat and minerals into its ocean, it could have easily hosted its own microscopic residence. And if there was an ocean there once, it could still have salt in its interior. Scientists believe salts and ammonia could act like antifreeze, keeping the water liquid longer. So even though the surface temperatures dropped to - 351° F, the inside could stay cozy enough for water to remain unfrozen. Now, before you start packing for Uranus, let's remember this is a moon orbiting a gas giant that's about 1.8 billion miles away from us. Visiting it isn't as simple as booking a plane ticket. Voyager 2 is the only spacecraft that's ever gotten even close, and that was almost 40 years ago. We have better photos of Mars's sand dunes than we do of most Uranian moons. So, for now, scientists rely on clever modeling, telescope data, and a lot of patience. Still, this discovery is big. For decades, we've looked at moons like Jupiter's Europa or Saturn's Encetilus as the best representatives of the ocean world category. They're icy. They have subsurface oceans, and scientists have actually detected water plumes jettting into space from them. But now, aerial joins the club. If we ever send another mission to Uranus, Ariel would be a prime target for exploration. Now, another destination worth checking out is Saturn's moon, Mimis. Scientists have always thought it was just a frozen rock ball, but it might be hiding a whole ocean underneath its surface, and a future spacecraft could find it. Researchers have been mapping how thick the moon's icy crust is. And those maps help them figure out how old this ocean could be and where the ice is thinnest. That's the jackpot spot for future missions to check for liquid water. Mimis doesn't look like a typical ocean world. When you look at Europa or Encetilus, you can literally see the cracks and crevices in their icy shells. Mimis looks smooth and quiet, almost like a CQ ball in space. The craters look permanent, carved in rock rather than ice. Nothing about it screams ocean world. But a few years ago, data from NASA's Cassini spacecraft, started telling us otherwise. Cassini, the probe that gave us our best tour of Saturn and its moons, kept sending back info that didn't quite make sense, unless Mimis had liquid water under all that ice. The more Cassini's data rolled in, the more it looked like there might be a newborn ocean hiding under 12 to 19 miles of solid ice. Scientists used models originally made for Europa to figure out how heat moves through Mimis's icy shell. They wanted to know how thick it was, how much heat it could trap, and whether it could melt ice below. And they found that once melting starts on Mimis, it doesn't stop. It accelerates. And really quickly, all that melting ties back to Mimis's orbit. The moon doesn't orbit Saturn in a perfect circle. its path gets a little stretched. That oval shape means the moon gets pulled and squeezed by Saturn's gravity as it orbits. The same way the moon's gravity gives us tides here on Earth, Saturn's gravity tugs on Mimis. But instead of water tides, it's flexing solid ice. And that flexing creates heat. So at some point, something kicked Mimis into a slightly weirder orbit. maybe a collision or a gravitational nudge from another moon. The inside of Mimis heated up, melted some of its ice, and created an ocean under the surface. But then gravity slowly started to pull Mimis' orbit back into a circle again. When it does that, the heating will stop and eventually the ocean will freeze all over again. So basically, Mimis is in its warm ocean having phase right now. Computer models show that the orbital change probably happened just 10 to 15 million years ago. That's nothing in spacetime. It also turned out that the heat on Mimis doesn't move in a simple straight line. It kind of loops and twists depending on how thick the ice is, which means finding this ocean won't be easy. But it's not impossible. Studying possible ocean worlds and the ones of which we already know for sure like Europa, Entilus, Titan, and Kalisto is crucially important for us down here on Earth. Every time humans find liquid water somewhere new, we're basically discovering another version of the one thing that made us possible. Earth's oceans gave birth to everything alive, including us humans. When scientists learn how Europas or Encetylus' oceans stay liquid without sunlight, they learn something about Earth's deep sea vents, about heat and balance. When they model Titan's chemistry, they're basically looking at what Earth might have been like before life began. So maybe life isn't that rare and one day a probe will dip into the icy ocean of Europa with NASA's Europa Clipper or scoop up water from Encetilus' geysers and find something, even a single living cell. And when that happens, it'll rewrite everything we think we know about life. It'll also remind us we're not the center of the story, but just one chapter in a universe full of water. That's it for today. So, hey, if you pacified your curiosity, then give the video a like and share it with your friends. Or if you want more, just click on these videos and stay on the bright",,,,,,,,,,,,,,,,,,,,,,,,578.0,scientists detect water on uranus s moon,beneath the frozen surface of uranus s moon ariel something massive may be hiding an ocean more than 100 miles deep that s 40 times deeper than the pacific ocean and it s been sealed up under ice for billions of years waiting to be discovered so uranus is this pale blue gas giant way out there the loner planet that never gets much attention but recently scientists turned their telescopes and computer models toward one of uranus s 29 known moons ariel compared to its sisters and brothers ariel s got quite a unique personality when the voyager 2 spacecraft flew by in 1986 it caught some photos showing an oddly smooth surface peppered with craters fractures and valleys those details might not sound exciting until you realize what they mean this moon was geologically active moving cracking and reshaping itself like earth does that s rare in the outer solar system where most moons are just frozen popsicles quietly spinning around their planet when scientists studied those fractures technically called grabins they found something strange the pattern of these cracks looks exactly like what happens when there s pressure building underneath the surface like a balloon stretching before it pops it s as if something deep inside ariel was pushing outward warping and breaking the crust the most logical culprit would be a subsurface ocean which was once warm enough to push against the icy layers above it an ocean sealed under miles of ice hidden for billions of years so how would something so far from the sun even have liquid water well ariel s orbit isn t perfectly circular but slightly oval which scientists call eccentric that means as it circles uranus the gravitational pole changes a little each time the constant tugging stretches and flexes the moon s interior creates friction and voila generates heat combine that with natural radioactive decay inside the rocky core and suddenly you ve got enough warmth to melt ice deep below the surface so ariel might have been making its own geothermal spa out there in the middle of nowhere scientists modeled its interior structure and found that the stress the tidal forces were causing could have kept liquid water stable for millions maybe even billions of years even cooler or warmer in this case is that traces of that ocean may still exist ariel s icy shell shows features that look recent geologically speaking that means the moon hasn t been completely frozen for all eternity beneath those fractures there could still be small pockets or thin layers of liquid water and this brings up the most exciting part water means potential life every time scientists find signs of liquid water somewhere in the solar system they start whispering that question we all secretly love could something live there sure ariel s no tropical resort but remember on earth we found microbes thriving near hydrothermal vents at the bottom of our oceans living off chemicals not sunlight if ariel once had similar vents pumping heat and minerals into its ocean it could have easily hosted its own microscopic residence and if there was an ocean there once it could still have salt in its interior scientists believe salts and ammonia could act like antifreeze keeping the water liquid longer so even though the surface temperatures dropped to 351 f the inside could stay cozy enough for water to remain unfrozen now before you start packing for uranus let s remember this is a moon orbiting a gas giant that s about 1 8 billion miles away from us visiting it isn t as simple as booking a plane ticket voyager 2 is the only spacecraft that s ever gotten even close and that was almost 40 years ago we have better photos of mars s sand dunes than we do of most uranian moons so for now scientists rely on clever modeling telescope data and a lot of patience still this discovery is big for decades we ve looked at moons like jupiter s europa or saturn s encetilus as the best representatives of the ocean world category they re icy they have subsurface oceans and scientists have actually detected water plumes jettting into space from them but now aerial joins the club if we ever send another mission to uranus ariel would be a prime target for exploration now another destination worth checking out is saturn s moon mimis scientists have always thought it was just a frozen rock ball but it might be hiding a whole ocean underneath its surface and a future spacecraft could find it researchers have been mapping how thick the moon s icy crust is and those maps help them figure out how old this ocean could be and where the ice is thinnest that s the jackpot spot for future missions to check for liquid water mimis doesn t look like a typical ocean world when you look at europa or encetilus you can literally see the cracks and crevices in their icy shells mimis looks smooth and quiet almost like a cq ball in space the craters look permanent carved in rock rather than ice nothing about it screams ocean world but a few years ago data from nasa s cassini spacecraft started telling us otherwise cassini the probe that gave us our best tour of saturn and its moons kept sending back info that didn t quite make sense unless mimis had liquid water under all that ice the more cassini s data rolled in the more it looked like there might be a newborn ocean hiding under 12 to 19 miles of solid ice scientists used models originally made for europa to figure out how heat moves through mimis s icy shell they wanted to know how thick it was how much heat it could trap and whether it could melt ice below and they found that once melting starts on mimis it doesn t stop it accelerates and really quickly all that melting ties back to mimis s orbit the moon doesn t orbit saturn in a perfect circle its path gets a little stretched that oval shape means the moon gets pulled and squeezed by saturn s gravity as it orbits the same way the moon s gravity gives us tides here on earth saturn s gravity tugs on mimis but instead of water tides it s flexing solid ice and that flexing creates heat so at some point something kicked mimis into a slightly weirder orbit maybe a collision or a gravitational nudge from another moon the inside of mimis heated up melted some of its ice and created an ocean under the surface but then gravity slowly started to pull mimis orbit back into a circle again when it does that the heating will stop and eventually the ocean will freeze all over again so basically mimis is in its warm ocean having phase right now computer models show that the orbital change probably happened just 10 to 15 million years ago that s nothing in spacetime it also turned out that the heat on mimis doesn t move in a simple straight line it kind of loops and twists depending on how thick the ice is which means finding this ocean won t be easy but it s not impossible studying possible ocean worlds and the ones of which we already know for sure like europa entilus titan and kalisto is crucially important for us down here on earth every time humans find liquid water somewhere new we re basically discovering another version of the one thing that made us possible earth s oceans gave birth to everything alive including us humans when scientists learn how europas or encetylus oceans stay liquid without sunlight they learn something about earth s deep sea vents about heat and balance when they model titan s chemistry they re basically looking at what earth might have been like before life began so maybe life isn t that rare and one day a probe will dip into the icy ocean of europa with nasa s europa clipper or scoop up water from encetilus geysers and find something even a single living cell and when that happens it ll rewrite everything we think we know about life it ll also remind us we re not the center of the story but just one chapter in a universe full of water that s it for today so hey if you pacified your curiosity then give the video a like and share it with your friends or if you want more just click on these videos and stay on the bright
PNS2BMpDm78,The Oldest Tree on Earth Is Kept Hidden in the U.S. But Why,"The oldest known tree on Earth is quietly growing somewhere in the U.S., but its exact location stays secret to protect it from vandalism and curious tourists.
This ancient bristlecone pine has survived for nearly 5,000 years, outlasting entire civilizations, ice-cold winters, scorching droughts, and storms that would level most other trees. Scientists discovered its age by analyzing tree rings, which work like a natural timeline showing every year the tree has lived through. The forest where it stands also holds other trees almost as old, making the region one of the most extraordinary living museums on the planet. And in this video, you’ll see why researchers hide its location and what this tree can teach us about climate history, resilience, and the passage of deep time.

Animation is created by Bright Side. 
---------------------------------------------------------------------------------------- 
Music from TheSoul Sound: https://thesoul-sound.com/ 

Check our Bright Side podcast on Spotify and leave a positive review! https://open.spotify.com/show/0hUkPxD34jRLrMrJux4VxV 
Subscribe to Bright Side: https://goo.gl/rQTJZz 
---------------------------------------------------------------------------------------- 
Our Social Media: 
Facebook: https://www.facebook.com/brightplanet/ 
Instagram: https://www.instagram.com/brightside.official 
TikTok: https://www.tiktok.com/@brightside.official?lang=en 

Stock materials (photos, footages and other): 
https://www.depositphotos.com 
https://www.shutterstock.com 
https://www.eastnews.ru 
---------------------------------------------------------------------------------------- 
For more videos and articles visit: http://www.brightside.me 
---------------------------------------------------------------------------------------- 
This video is made for entertainment purposes. We do not make any warranties about the completeness, safety and reliability. Any action you take upon the information in this video is strictly at your own risk, and we will not be liable for any damages or losses. It is the viewer's responsibility to use judgement, care and precaution if you plan to replicate.",2025-12-04T22:00:27Z,"['ancient pine secrets', 'brightside', 'brightsideglobal', 'climate history tree', 'curiosities', 'dendrochronology explained', 'earth', 'extreme tree longevity', 'forest science', 'hidden oldest tree', 'long living organisms', 'mystery', 'natural history video', 'oldest living organism', 'oldest tree documentary', 'oldest tree on earth', 'planet', 'protected natural wonders', 'rare ancient trees', 'secret tree location', 'tree ring science', 'us ancient forest', 'us national forests', 'world']",24,en-US,en-US,https://i.ytimg.com/vi/PNS2BMpDm78/default.jpg,https://i.ytimg.com/vi/PNS2BMpDm78/hqdefault.jpg,PT8M56S,104262,1097,49,public,UC4rlAVgAK0SGk-yTfe48Qpw,BRIGHT SIDE,"Whether you’re into recent discoveries, space exploration, true stories, fitness, fun tests, and riddles, or useful tips for self-improvement, psychology, gadgets, or just your day-to-day routine, there’s something for everyone!

You can expect all that and more coming at you in 3 top-quality videos every single day. If you’ve got a thirst for knowledge that never quits, then join a community of tens of millions and growing! We have a good time, so take your shoes off, kick back, and make yourself at home here on the Bright Side of life!

Good news! We launched a new app for you 👉 http://bit.ly/Bs3App7
Join the world's largest community of good people! 😉

For brand partnership enquires: brands@thesoul-publishing.com",,https://yt3.ggpht.com/BimIuq2UYH1h-GQDEiV89I1dUEtpWVR8Mp_Q516vPN8rLw488Ap1G9ALhPUyqN8_HTPMbawTBDk=s88-c-k-c0x00ffffff-no-rj,44700000,10844,,,,,,,,,,,,,,,,,,,,,,,,,536.0,the oldest tree on earth is kept hidden in the u s but why,nan
AxfR6mfxIMw,This Lake In Antarctica Changes All We Know About Life on Earth,"Hidden beneath Antarctica’s ice is a strange lake that flips our understanding of life on Earth by thriving in complete darkness, crushing pressure, and freezing temperatures.
Scientists discovered that microbes living here survive without sunlight by feeding on minerals and chemical reactions deep below the ice.
The water itself has been sealed off from the surface for millions of years, creating an isolated ecosystem unlike anything found elsewhere on the planet.
Researchers now believe this environment could mimic conditions on icy moons like Europa and Enceladus, making it a blueprint for discovering life beyond Earth.
And in this video, you’ll see how this mysterious Antarctic lake is rewriting what we thought was possible for life to endure.

Animation is created by Bright Side. 
---------------------------------------------------------------------------------------- 
Music from TheSoul Sound: https://thesoul-sound.com/ 

Check our Bright Side podcast on Spotify and leave a positive review! https://open.spotify.com/show/0hUkPxD34jRLrMrJux4VxV 
Subscribe to Bright Side: https://goo.gl/rQTJZz 
---------------------------------------------------------------------------------------- 
Our Social Media: 
Facebook: https://www.facebook.com/brightplanet/ 
Instagram: https://www.instagram.com/brightside.official 
TikTok: https://www.tiktok.com/@brightside.official?lang=en 

Stock materials (photos, footages and other): 
https://www.depositphotos.com 
https://www.shutterstock.com 
https://www.eastnews.ru 
---------------------------------------------------------------------------------------- 
For more videos and articles visit: http://www.brightside.me 
---------------------------------------------------------------------------------------- 
This video is made for entertainment purposes. We do not make any warranties about the completeness, safety and reliability. Any action you take upon the information in this video is strictly at your own risk, and we will not be liable for any damages or losses. It is the viewer's responsibility to use judgement, care and precaution if you plan to replicate.",2025-12-04T18:00:13Z,"['antarctic microbes', 'antarctica mysterious lake', 'antarctica secrets', 'astrobiology research', 'brightside', 'brightsideglobal', 'curiosities', 'deep ice science', 'earth', 'earth’s hidden ecosystems', 'europa analog', 'extreme life on earth', 'extreme microbes', 'frozen lake discoveries', 'frozen world mysteries', 'hidden lake antarctica', 'life in darkness', 'life without sunlight', 'mystery', 'planet', 'scientific discovery antarctica', 'subglacial lake life', 'unusual ecosystems', 'world']",24,en-US,en-US,https://i.ytimg.com/vi/AxfR6mfxIMw/default.jpg,https://i.ytimg.com/vi/AxfR6mfxIMw/hqdefault.jpg,PT20M46S,6001,99,6,public,UC4rlAVgAK0SGk-yTfe48Qpw,BRIGHT SIDE,"Whether you’re into recent discoveries, space exploration, true stories, fitness, fun tests, and riddles, or useful tips for self-improvement, psychology, gadgets, or just your day-to-day routine, there’s something for everyone!

You can expect all that and more coming at you in 3 top-quality videos every single day. If you’ve got a thirst for knowledge that never quits, then join a community of tens of millions and growing! We have a good time, so take your shoes off, kick back, and make yourself at home here on the Bright Side of life!

Good news! We launched a new app for you 👉 http://bit.ly/Bs3App7
Join the world's largest community of good people! 😉

For brand partnership enquires: brands@thesoul-publishing.com",,https://yt3.ggpht.com/BimIuq2UYH1h-GQDEiV89I1dUEtpWVR8Mp_Q516vPN8rLw488Ap1G9ALhPUyqN8_HTPMbawTBDk=s88-c-k-c0x00ffffff-no-rj,44700000,10844,,,,,,,,,,,,,,,,,,,,,,,,,1246.0,this lake in antarctica changes all we know about life on earth,nan
6wNjhPrEyRo,Astronomers Detect a Giant Wall at the Edge of the Universe,"Explore the biggest mysteries of our universe in this collection of mind-bending space stories. From a giant cosmic wall hiding at the edge of the observable universe to the largest planet ever discovered, these videos take you on a journey far beyond our solar system. Simple explanations, stunning visuals, and real scientific discoveries - perfect for anyone who loves space, whether you’re a beginner or a seasoned fan.
Animation is created by Bright Side. 
---------------------------------------------------------------------------------------- 
Music from TheSoul Sound: https://thesoul-sound.com/ 

Check our Bright Side podcast on Spotify and leave a positive review! https://open.spotify.com/show/0hUkPxD34jRLrMrJux4VxV 
Subscribe to Bright Side: https://goo.gl/rQTJZz 
---------------------------------------------------------------------------------------- 
Our Social Media: 
Facebook: https://www.facebook.com/brightplanet/ 
Instagram: https://www.instagram.com/brightside.official 
TikTok: https://www.tiktok.com/@brightside.official?lang=en 

Stock materials (photos, footages and other): 
https://www.depositphotos.com 
https://www.shutterstock.com 
https://www.eastnews.ru 
---------------------------------------------------------------------------------------- 
For more videos and articles visit: http://www.brightside.me 
---------------------------------------------------------------------------------------- 
This video is made for entertainment purposes. We do not make any warranties about the completeness, safety and reliability. Any action you take upon the information in this video is strictly at your own risk, and we will not be liable for any damages or losses. It is the viewer's responsibility to use judgement, care and precaution if you plan to replicate.",2025-12-04T16:00:11Z,"['brightside', 'brightsideglobal', 'curiosities', 'earth', 'mystery', 'planet', 'world']",26,en,en,https://i.ytimg.com/vi/6wNjhPrEyRo/default.jpg,https://i.ytimg.com/vi/6wNjhPrEyRo/hqdefault.jpg,PT19M16S,12178,281,31,public,UC4rlAVgAK0SGk-yTfe48Qpw,BRIGHT SIDE,"Whether you’re into recent discoveries, space exploration, true stories, fitness, fun tests, and riddles, or useful tips for self-improvement, psychology, gadgets, or just your day-to-day routine, there’s something for everyone!

You can expect all that and more coming at you in 3 top-quality videos every single day. If you’ve got a thirst for knowledge that never quits, then join a community of tens of millions and growing! We have a good time, so take your shoes off, kick back, and make yourself at home here on the Bright Side of life!

Good news! We launched a new app for you 👉 http://bit.ly/Bs3App7
Join the world's largest community of good people! 😉

For brand partnership enquires: brands@thesoul-publishing.com",,https://yt3.ggpht.com/BimIuq2UYH1h-GQDEiV89I1dUEtpWVR8Mp_Q516vPN8rLw488Ap1G9ALhPUyqN8_HTPMbawTBDk=s88-c-k-c0x00ffffff-no-rj,44700000,10844,"You're traveling through deep space, circling stars and entire galaxies. Looks like this multicolored nebula will soon collapse under its own weight and explode like a supernova. Now, let's carefully circle this black hole. Try not to get caught in its gravitational field or it'll swallow you like a space monster. H wait, what's that strange structure right there? It's a glowing wall. And if you look closely, each glowing dot is an entire galaxy. That wall has about 100,000 of these galaxies. The Milky Way has 100 billion stars. So this wall holds a quadrillion, that's 10 followed by 15 zeros of stars like our sun. This giant structure is called the South Pole Wall. It's located about 500 million lighty years from Earth. By comparison, the closest star to our home is Proxima Centauri, and it's about 4.2 lighty years away. Rockets can cover that distance in about 73,000 years. So, the journey to the South Pole Wall may take longer than our solar system exists. And this wall is simply gigantic, even on a cosmic scale. It's about 1.37 billion light years long. to give you an idea of how large that is. The Milky Way is only 100,000 light-years wide. But you can't see this wall even with the most powerful telescope. The problem is that the Milky Way itself obstructs your view. It's so bright that it's hiding this wall. It's like trying to look at the starry sky in a metropolis. The light pollution won't let you do that. Scientists have been able to detect this galactic wall by measuring red shift. We know that all objects in the universe are moving. They spread out from each other as a result of the big bang which happened billions of years ago. And when galaxies move, their light waves change slightly. By measuring this change, we can understand what the object is and how it moves. And this wall isn't even the largest in our universe. This is the Hercules Corona Borealis Great Wall. It's a giant flat superructure about 10 billion lightyear wide. That's around 10% of the entire observable universe. And it's also a wall. That is a cluster of galaxies. We were able to detect this giant structure by gamma ray bursts. It's the brightest electromagnetic event in the universe. You could even see it in the far reaches of our universe. Such bursts are a very rare event. In the Milky Way, for example, it happens once every few million years. If we notice many such bursts in a short time from the same place, it means that there are many objects like the Milky Way in that place. So there are a lot of galaxies out there. Another unusual giant structure in the universe is the huge large quazar group. It's about 4 billion lightyear across. So it takes a photon of light, almost as long as our planet has existed, just to get from one side of the structure to the other. And if you put the huge large quazar group on the scale, it would be 6.1 billion billion times heavier than our sun. Scientists have found that there are at least 73 quazars in that structure. These are some of the most unusual objects in the universe. They are the active cores of galaxies. At the center of a quazar is a super massive black hole. This giant eats up the matter around it. A wild force of gravity twists the matter around the black hole, forming a disc. And this disc is the source of the strongest radiation out there. By comparison, the radiation from a single quazar is tens or hundreds of times stronger than that of all the stars in our galaxy put together. Because of such strong radiation, we can detect quazars, even at very long distances. That's why they're also called beacons of the universe. Scientists use quazars to study the universe and the movement within it. One of the most distant quazars from us is about 13.1 billion lightyears away. This makes it one of the oldest objects in the universe. It appeared about 690 million years after the Big Bang and it's almost three times older than our solar system. It's still glowing with extreme brightness, about 4 and 14 zeros times brighter than the sun. Scientists explained that at the center of the giant is a super massive black hole 800 million times heavier than the sun. All these giant structures are just building blocks of our universe. Look, this is our solar system. Now zoom out a little and this is where our home star is in the Milky Way galaxy. Zoom out again. Here's a local group of galaxies. All the bright spots here are galaxies. Here's Andromeda. And here's the triangulum galaxy, plus a few dozen other slightly smaller galaxies. They're all gravitationally connected. The size of this structure is about 10 million lightyear. That's 100 times the width of our galaxy. Zoom out, please. This one is the Virgo supercluster. It's 20 times larger than the local group. There are about 30,000 different galaxies and the mass of the whole thing is about 1 in 15 zeros solar masses. Zoom out again. Lania Kia. This structure is almost three times larger. It includes the Virgo supercluster and other smaller clusters. And there are about 100,000 galaxies here. Huh? It's not over yet. Zoom out one more time. Here's the Pisces Cedus supercluster complex. This giant galactic structure contains about 60 clusters of galaxies. So there are more galaxies in it than grains of sand in the desert. You know what to do. Zoom out. Phew. This is the observable universe. There are over 500 billion galaxies. And the stars, well, there are about 1 billion trillion stars. The observable universe has its own structure. Clusters of galaxies form chains and walls as you've seen before. But these strands are separated by huge regions of absolute emptiness. These areas are called voids. In these places, there is no matter at all. There are fewer molecules in the voids than in an empty room. One of these voids has a very mystical reputation. It's the Aridinous Supervoid or the cold spot. It appeared here only 380,000 years after the Big Bang. It's almost 1 billion lightyears wide and could hold hundreds or thousands of galaxies with trillions of stars. Some scientists believe that this cold spot may have been the result of the largest collision ever. A collision of universes. There's a theory that our universe is some kind of bubble, a huge sphere that contains all these walls and chains of galaxies. Now imagine that there's an infinite number of these bubbles. They could be parallel worlds or different universes. Many years ago, one bubble came close to the bubble of our universe. Their walls touched and the two universes connected for a while. It's like two drops of water coming together, but that universe kept moving. The area where the bubbles joined became thinner and thinner until that connection broke and the two bubbles detached from each other. At this point, the second universe ripped some of the material out of our bubble. All those galaxies that used to fill the aridous supervoid ended up in a parallel universe. Scientists supposed we might travel through other bubbles. Flying to the supposed wall of our universe would take forever and then it would take even longer to fly through interuniversal space. So, we have to use portals or wormholes. Here's how it works. Imagine a piece of paper with point A on one side and point B on the other. Instead of moving all the way across the sheet of paper, we just fold the sheet so that point A is right above point B. All that's left to do is make a small hole and the journey takes only moments. Some scientists believe that such shortcuts through universes lie inside black holes. But how do you survive falling into a black hole? You just have to pick one that's big enough. It's all about gravity. Imagine you're falling into a black hole right now. The closer you get to it, the stronger effect it has on you. It intensifies with every inch. At one point, the gravitational force that affects your head is much stronger than the one that affects your feet. Then you turn into spaghetti. Yum. But if you choose a super massive black hole like the ones at the centers of galaxies, the gravitational force in them increases gradually. They can be millions of times heavier than the sun and much bigger, but the gravitational force on your head and your feet will be almost equal, and you will still feel comfortable. Who knows, maybe if you manage to survive a fall into such a massive black hole, you'd find yourself in a completely different universe where different laws of physics apply. But so far, this is just a theory. Jupiter is the largest planet in the solar system. More than 1,300 Earths could fit inside this gas giant. It's also 2 and 12 times more massive than all the other planets of the solar system combined. But if you think this is mind-boggling, I've got some great news for you. Very recently, a team of astronomers have discovered a much much bigger planet with the help of the Subaru telescope and the NASA Hubble Space Telescope. It's a Jupiter-like protolanet orbiting a very young star, AB Or. The star is probably still forming and is no more than 5 million years old. For comparison, our sun is 4.6 billion years old. The young star is located at around 531 light-years away from Earth in the constellation of Araga. The star is shrouded in a thick, quickly moving layer of gas and dust. This disc feeds the growth of the star. Later, what's left of the disc will come together to form the elements of the planetary system. Planets, dwarf planets, comets, asteroids, you name it. But back to the newly discovered planet. It's a gas giant whose mass equals that of nine Jupiters. Can you imagine this colossus? It takes the planet named AB Ori B almost 588 Earth years to complete just one journey around its parent star. Maybe because it's 93.9 AU astronomical units away from it. Now, why is the discovery of this planet so amazing? Because according to astronomers, it's been forming in a very bizarre way. Or should I say is forming since this gas giant is still in the process. Anyway, the unusual thing is that AB Orb is coming together as a result of a top-down gravitational collapse of giant clouds of gas. But scientists say that a much more common model of planetary formation is when dust and rocks gradually accumulate around some kind of core. This proves the idea that there are numerous ways for planets to form. It can also mean that there probably are very diverse planetary systems in our home Milky Way galaxy. But AB Orb isn't the largest exoplanet ever discovered. In 2005, astronomers spotted a mysterious space body. Later, they called it GQ Lupi B. The thing was orbiting a young star at a distance two and a half times greater than that between the sun and Pluto. Scientists came to the conclusion that the object was either a planet or a brown dwarf, which is basically a tiny star. If astronomers decide that GQ Lupai B is a planet, it will be the largest ever found with a radius that is 3 and 12 times that of Jupiter. The biggest star we know about is called UY Scooty. This hyper giant has a radius that is about 1,700 times greater than that of the sun. If you somehow managed to place UI Scooty in the center of the solar system, its edges would stretch far beyond Jupiter's orbit. As for the dust and gas streaming from the star, all this would extend beyond the orbit of Pluto. That's 400 times the sun distance. A black hole is a spot in space where the pole of gravity is so strong that even light can't escape it. But why is gravity so powerful there? Because matter is squeezed into a teeny tiny space. Super massive black holes which can be many millions of times the mass of the sun tend to lurk in the centers of galaxies. The most massive black hole astronomers have discovered so far is ton 618. Its mass is equal to that of 66 billion suns. It was the year 2010. With the help of the Fermy telescope, astronomers spotted something ginormous, something entering the Milky Way. Their discovery looked like massive blobs of matter that could only be observed in particular wavelengths of light. They were also about 25,000 lightyear tall. Scientists think that the blobs called Fermy bubbles could be produced by our galaxy's central black hole. Space seems to be extremely deserted, but some places are even emptier than the rest, like supervoid in Aratinus. Astronomers noticed this huge region of empty space in 2004. The area stretches 1.8 billion lightyears across. It's mysteriously devoid of gas, dust, stars, and even dark matter. A nebula is a massive cloud of gas and dust floating in space. Some nebuli form when a star is nearing the end of its life and throws out loads of gas and dust. Others appear in regions where new stars are forming. The largest nebula we know about is the Tarantula Nebula. In its longest span, it measures over 1,800 light years. This nebula, also known as 30 Doratus, is located around 170,000 lighty years away from Earth. Unlike its namesake, the tarantula isn't dangerous. Quite the opposite, it's a stellar nursery, which means it's a region where tons of young stars are born. Even cooler, it's the most active star forming area in our entire galactic neighborhood. In 2021, the biggest ever comet we know about entered our solar system. It was 85 mi across and its icy nucleus was 50 times greater than the nucleus of the previous record-breaker. The intruder's mass was a whopping 100,000 times bigger than that of the average comet. In fact, C 2014 UN271, Bernardelli Bernstein, was so large that astronomers first classified it as a minor planet. Is it going to crash into Earth? Nah. It won't get closer than a billion miles to our beautiful green planet. And it won't happen until 2031. But could there be comets even bigger than that? Who knows? But the thought is terrifying. There are loads of bizarre things in the universe and hypothetical nuclear pasta is one of them. If it does exist, nuclear pasta is the strongest material in the entire universe. It forms from the leftovers of extinguished stars when this substance gets squeezed into spaghetti-like tangles of material. It can theoretically break, but only if you apply 10 billion times the pressure needed to shatter steel. Pulsars are spherical space objects the size of a large city, but they pack more mass than the entire sun. They radiate two narrow beams of light, sending them in opposite directions. The black widow pulsar, just like its spider namesake, is munching on its partner. It's a lightweight brown dwarf star. The more material the pulsar consumes, the more slowly it spins. The energy the neutron star is losing in the process causes its companion star to dwindle. Jamea is a dwarf planet orbiting the Kyper belt. It's a donut-shaped ring of objects around the sun that extends just beyond the orbit of Neptune. The mini planet has a bizarre elongated shape and two moons. The day on this planet lasts just 4 hours, which makes it the fastest spinning large object in the solar system. But the most mysterious thing about Homea is that the planet has a thin 40m wide ring circling it. What is it? Where did it come from? No one knows. could be the result of a collision that happened in the distant past. The 18th brightest star in the night sky, Fumulhot, is a terrifying sight. It's dubbed the eye of Sauron because it looks like a ring of dust and debris circling it. It makes the star look like a giant eye staring into your soul. The intimidating star is more than twice the mass of the sun. It's 25 light years away from Earth, which isn't that far away considering distances in space. Look at this butterfly. Its wingspan is more than three light years. And the structure inside this nebula is one of the most complicated ever observed. The nebula's central star, a white dwarf, is heated to an incredible 450,000° F. It means it was formed from another gargantuan star more than five times the size of the sun. The white dwarf is surrounded by a thick disc of dust and gas at the equator. That's what probably makes the whole structure look like an hourglass or a butterfly. That's it for today. So, hey, if you pacified your curiosity, then give the video a like and share it with your friends. Or if you want more, just click on these videos and stay on the bright",,,,,,,,,,,,,,,,,,,,,,,,1156.0,astronomers detect a giant wall at the edge of the universe,you re traveling through deep space circling stars and entire galaxies looks like this multicolored nebula will soon collapse under its own weight and explode like a supernova now let s carefully circle this black hole try not to get caught in its gravitational field or it ll swallow you like a space monster h wait what s that strange structure right there it s a glowing wall and if you look closely each glowing dot is an entire galaxy that wall has about 100 000 of these galaxies the milky way has 100 billion stars so this wall holds a quadrillion that s 10 followed by 15 zeros of stars like our sun this giant structure is called the south pole wall it s located about 500 million lighty years from earth by comparison the closest star to our home is proxima centauri and it s about 4 2 lighty years away rockets can cover that distance in about 73 000 years so the journey to the south pole wall may take longer than our solar system exists and this wall is simply gigantic even on a cosmic scale it s about 1 37 billion light years long to give you an idea of how large that is the milky way is only 100 000 light years wide but you can t see this wall even with the most powerful telescope the problem is that the milky way itself obstructs your view it s so bright that it s hiding this wall it s like trying to look at the starry sky in a metropolis the light pollution won t let you do that scientists have been able to detect this galactic wall by measuring red shift we know that all objects in the universe are moving they spread out from each other as a result of the big bang which happened billions of years ago and when galaxies move their light waves change slightly by measuring this change we can understand what the object is and how it moves and this wall isn t even the largest in our universe this is the hercules corona borealis great wall it s a giant flat superructure about 10 billion lightyear wide that s around 10 of the entire observable universe and it s also a wall that is a cluster of galaxies we were able to detect this giant structure by gamma ray bursts it s the brightest electromagnetic event in the universe you could even see it in the far reaches of our universe such bursts are a very rare event in the milky way for example it happens once every few million years if we notice many such bursts in a short time from the same place it means that there are many objects like the milky way in that place so there are a lot of galaxies out there another unusual giant structure in the universe is the huge large quazar group it s about 4 billion lightyear across so it takes a photon of light almost as long as our planet has existed just to get from one side of the structure to the other and if you put the huge large quazar group on the scale it would be 6 1 billion billion times heavier than our sun scientists have found that there are at least 73 quazars in that structure these are some of the most unusual objects in the universe they are the active cores of galaxies at the center of a quazar is a super massive black hole this giant eats up the matter around it a wild force of gravity twists the matter around the black hole forming a disc and this disc is the source of the strongest radiation out there by comparison the radiation from a single quazar is tens or hundreds of times stronger than that of all the stars in our galaxy put together because of such strong radiation we can detect quazars even at very long distances that s why they re also called beacons of the universe scientists use quazars to study the universe and the movement within it one of the most distant quazars from us is about 13 1 billion lightyears away this makes it one of the oldest objects in the universe it appeared about 690 million years after the big bang and it s almost three times older than our solar system it s still glowing with extreme brightness about 4 and 14 zeros times brighter than the sun scientists explained that at the center of the giant is a super massive black hole 800 million times heavier than the sun all these giant structures are just building blocks of our universe look this is our solar system now zoom out a little and this is where our home star is in the milky way galaxy zoom out again here s a local group of galaxies all the bright spots here are galaxies here s andromeda and here s the triangulum galaxy plus a few dozen other slightly smaller galaxies they re all gravitationally connected the size of this structure is about 10 million lightyear that s 100 times the width of our galaxy zoom out please this one is the virgo supercluster it s 20 times larger than the local group there are about 30 000 different galaxies and the mass of the whole thing is about 1 in 15 zeros solar masses zoom out again lania kia this structure is almost three times larger it includes the virgo supercluster and other smaller clusters and there are about 100 000 galaxies here huh it s not over yet zoom out one more time here s the pisces cedus supercluster complex this giant galactic structure contains about 60 clusters of galaxies so there are more galaxies in it than grains of sand in the desert you know what to do zoom out phew this is the observable universe there are over 500 billion galaxies and the stars well there are about 1 billion trillion stars the observable universe has its own structure clusters of galaxies form chains and walls as you ve seen before but these strands are separated by huge regions of absolute emptiness these areas are called voids in these places there is no matter at all there are fewer molecules in the voids than in an empty room one of these voids has a very mystical reputation it s the aridinous supervoid or the cold spot it appeared here only 380 000 years after the big bang it s almost 1 billion lightyears wide and could hold hundreds or thousands of galaxies with trillions of stars some scientists believe that this cold spot may have been the result of the largest collision ever a collision of universes there s a theory that our universe is some kind of bubble a huge sphere that contains all these walls and chains of galaxies now imagine that there s an infinite number of these bubbles they could be parallel worlds or different universes many years ago one bubble came close to the bubble of our universe their walls touched and the two universes connected for a while it s like two drops of water coming together but that universe kept moving the area where the bubbles joined became thinner and thinner until that connection broke and the two bubbles detached from each other at this point the second universe ripped some of the material out of our bubble all those galaxies that used to fill the aridous supervoid ended up in a parallel universe scientists supposed we might travel through other bubbles flying to the supposed wall of our universe would take forever and then it would take even longer to fly through interuniversal space so we have to use portals or wormholes here s how it works imagine a piece of paper with point a on one side and point b on the other instead of moving all the way across the sheet of paper we just fold the sheet so that point a is right above point b all that s left to do is make a small hole and the journey takes only moments some scientists believe that such shortcuts through universes lie inside black holes but how do you survive falling into a black hole you just have to pick one that s big enough it s all about gravity imagine you re falling into a black hole right now the closer you get to it the stronger effect it has on you it intensifies with every inch at one point the gravitational force that affects your head is much stronger than the one that affects your feet then you turn into spaghetti yum but if you choose a super massive black hole like the ones at the centers of galaxies the gravitational force in them increases gradually they can be millions of times heavier than the sun and much bigger but the gravitational force on your head and your feet will be almost equal and you will still feel comfortable who knows maybe if you manage to survive a fall into such a massive black hole you d find yourself in a completely different universe where different laws of physics apply but so far this is just a theory jupiter is the largest planet in the solar system more than 1 300 earths could fit inside this gas giant it s also 2 and 12 times more massive than all the other planets of the solar system combined but if you think this is mind boggling i ve got some great news for you very recently a team of astronomers have discovered a much much bigger planet with the help of the subaru telescope and the nasa hubble space telescope it s a jupiter like protolanet orbiting a very young star ab or the star is probably still forming and is no more than 5 million years old for comparison our sun is 4 6 billion years old the young star is located at around 531 light years away from earth in the constellation of araga the star is shrouded in a thick quickly moving layer of gas and dust this disc feeds the growth of the star later what s left of the disc will come together to form the elements of the planetary system planets dwarf planets comets asteroids you name it but back to the newly discovered planet it s a gas giant whose mass equals that of nine jupiters can you imagine this colossus it takes the planet named ab ori b almost 588 earth years to complete just one journey around its parent star maybe because it s 93 9 au astronomical units away from it now why is the discovery of this planet so amazing because according to astronomers it s been forming in a very bizarre way or should i say is forming since this gas giant is still in the process anyway the unusual thing is that ab orb is coming together as a result of a top down gravitational collapse of giant clouds of gas but scientists say that a much more common model of planetary formation is when dust and rocks gradually accumulate around some kind of core this proves the idea that there are numerous ways for planets to form it can also mean that there probably are very diverse planetary systems in our home milky way galaxy but ab orb isn t the largest exoplanet ever discovered in 2005 astronomers spotted a mysterious space body later they called it gq lupi b the thing was orbiting a young star at a distance two and a half times greater than that between the sun and pluto scientists came to the conclusion that the object was either a planet or a brown dwarf which is basically a tiny star if astronomers decide that gq lupai b is a planet it will be the largest ever found with a radius that is 3 and 12 times that of jupiter the biggest star we know about is called uy scooty this hyper giant has a radius that is about 1 700 times greater than that of the sun if you somehow managed to place ui scooty in the center of the solar system its edges would stretch far beyond jupiter s orbit as for the dust and gas streaming from the star all this would extend beyond the orbit of pluto that s 400 times the sun distance a black hole is a spot in space where the pole of gravity is so strong that even light can t escape it but why is gravity so powerful there because matter is squeezed into a teeny tiny space super massive black holes which can be many millions of times the mass of the sun tend to lurk in the centers of galaxies the most massive black hole astronomers have discovered so far is ton 618 its mass is equal to that of 66 billion suns it was the year 2010 with the help of the fermy telescope astronomers spotted something ginormous something entering the milky way their discovery looked like massive blobs of matter that could only be observed in particular wavelengths of light they were also about 25 000 lightyear tall scientists think that the blobs called fermy bubbles could be produced by our galaxy s central black hole space seems to be extremely deserted but some places are even emptier than the rest like supervoid in aratinus astronomers noticed this huge region of empty space in 2004 the area stretches 1 8 billion lightyears across it s mysteriously devoid of gas dust stars and even dark matter a nebula is a massive cloud of gas and dust floating in space some nebuli form when a star is nearing the end of its life and throws out loads of gas and dust others appear in regions where new stars are forming the largest nebula we know about is the tarantula nebula in its longest span it measures over 1 800 light years this nebula also known as 30 doratus is located around 170 000 lighty years away from earth unlike its namesake the tarantula isn t dangerous quite the opposite it s a stellar nursery which means it s a region where tons of young stars are born even cooler it s the most active star forming area in our entire galactic neighborhood in 2021 the biggest ever comet we know about entered our solar system it was 85 mi across and its icy nucleus was 50 times greater than the nucleus of the previous record breaker the intruder s mass was a whopping 100 000 times bigger than that of the average comet in fact c 2014 un271 bernardelli bernstein was so large that astronomers first classified it as a minor planet is it going to crash into earth nah it won t get closer than a billion miles to our beautiful green planet and it won t happen until 2031 but could there be comets even bigger than that who knows but the thought is terrifying there are loads of bizarre things in the universe and hypothetical nuclear pasta is one of them if it does exist nuclear pasta is the strongest material in the entire universe it forms from the leftovers of extinguished stars when this substance gets squeezed into spaghetti like tangles of material it can theoretically break but only if you apply 10 billion times the pressure needed to shatter steel pulsars are spherical space objects the size of a large city but they pack more mass than the entire sun they radiate two narrow beams of light sending them in opposite directions the black widow pulsar just like its spider namesake is munching on its partner it s a lightweight brown dwarf star the more material the pulsar consumes the more slowly it spins the energy the neutron star is losing in the process causes its companion star to dwindle jamea is a dwarf planet orbiting the kyper belt it s a donut shaped ring of objects around the sun that extends just beyond the orbit of neptune the mini planet has a bizarre elongated shape and two moons the day on this planet lasts just 4 hours which makes it the fastest spinning large object in the solar system but the most mysterious thing about homea is that the planet has a thin 40m wide ring circling it what is it where did it come from no one knows could be the result of a collision that happened in the distant past the 18th brightest star in the night sky fumulhot is a terrifying sight it s dubbed the eye of sauron because it looks like a ring of dust and debris circling it it makes the star look like a giant eye staring into your soul the intimidating star is more than twice the mass of the sun it s 25 light years away from earth which isn t that far away considering distances in space look at this butterfly its wingspan is more than three light years and the structure inside this nebula is one of the most complicated ever observed the nebula s central star a white dwarf is heated to an incredible 450 000 f it means it was formed from another gargantuan star more than five times the size of the sun the white dwarf is surrounded by a thick disc of dust and gas at the equator that s what probably makes the whole structure look like an hourglass or a butterfly that s it for today so hey if you pacified your curiosity then give the video a like and share it with your friends or if you want more just click on these videos and stay on the bright
QxOI6_Q7rH0,Places On Earth Which Are WAY Scarier Than the Bermuda Triangle,"Some places on Earth make the Bermuda Triangle look tame, with disappearances, violent weather, and strange natural forces that defy explanation. From volcanic lakes that can explode without warning to deserts where entire caravans vanished, these regions have frightened explorers for centuries. Scientists now know that many of these “cursed” places hide rare geological or atmospheric conditions that can flip from calm to deadly in seconds. Whether it's magnetic anomalies, toxic gases, or unpredictable storms, each location has a real, scientific danger behind the legends. And in this video, you’ll explore the most terrifying spots on the planet and learn why they’re far scarier than the Bermuda Triangle ever was.
Animation is created by Bright Side. 
---------------------------------------------------------------------------------------- 
Music from TheSoul Sound: https://thesoul-sound.com/ 

Check our Bright Side podcast on Spotify and leave a positive review! https://open.spotify.com/show/0hUkPxD34jRLrMrJux4VxV 
Subscribe to Bright Side: https://goo.gl/rQTJZz 
---------------------------------------------------------------------------------------- 
Our Social Media: 
Facebook: https://www.facebook.com/brightplanet/ 
Instagram: https://www.instagram.com/brightside.official 
TikTok: https://www.tiktok.com/@brightside.official?lang=en 

Stock materials (photos, footages and other): 
https://www.depositphotos.com 
https://www.shutterstock.com 
https://www.eastnews.ru 
---------------------------------------------------------------------------------------- 
For more videos and articles visit: http://www.brightside.me 
---------------------------------------------------------------------------------------- 
This video is made for entertainment purposes. We do not make any warranties about the completeness, safety and reliability. Any action you take upon the information in this video is strictly at your own risk, and we will not be liable for any damages or losses. It is the viewer's responsibility to use judgement, care and precaution if you plan to replicate.",2025-12-04T11:25:14Z,"['atmospheric oddities', 'brightside', 'curiosities', 'cursed places earth', 'dangerous places on earth', 'dangerous travel spots', 'deadly natural phenomena', 'earth', 'earth mysteries', 'extreme weather zones', 'geologic anomalies', 'magnetic anomalies', 'mysterious locations', 'mystery', 'natural hazards documentary', 'planet', 'real scary places', 'scary geography', 'strange earth facts', 'survival danger zones', 'terrifying natural wonders', 'toxic gas lakes', 'unexplained disappearances', 'world']",24,en,en-US,https://i.ytimg.com/vi/QxOI6_Q7rH0/default.jpg,https://i.ytimg.com/vi/QxOI6_Q7rH0/hqdefault.jpg,PT19M11S,7986,216,9,public,UC4rlAVgAK0SGk-yTfe48Qpw,BRIGHT SIDE,"Whether you’re into recent discoveries, space exploration, true stories, fitness, fun tests, and riddles, or useful tips for self-improvement, psychology, gadgets, or just your day-to-day routine, there’s something for everyone!

You can expect all that and more coming at you in 3 top-quality videos every single day. If you’ve got a thirst for knowledge that never quits, then join a community of tens of millions and growing! We have a good time, so take your shoes off, kick back, and make yourself at home here on the Bright Side of life!

Good news! We launched a new app for you 👉 http://bit.ly/Bs3App7
Join the world's largest community of good people! 😉

For brand partnership enquires: brands@thesoul-publishing.com",,https://yt3.ggpht.com/BimIuq2UYH1h-GQDEiV89I1dUEtpWVR8Mp_Q516vPN8rLw488Ap1G9ALhPUyqN8_HTPMbawTBDk=s88-c-k-c0x00ffffff-no-rj,44700000,10844,,,,,,,,,,,,,,,,,,,,,,,,,1151.0,places on earth which are way scarier than the bermuda triangle,nan
GhOpEzYriTo,Scientists Made a Terrifying New Discovery Hidden in Australia,"Strange natural glass discovered in southern Australia has turned out to be tektites from a massive asteroid impact that likely happened around 11 million years ago. Researchers found that their chemical makeup doesn’t match the famous Australasian tektite field, suggesting these pieces came from an entirely different collision. The glass was created when an asteroid slammed into Earth with such force that surface rock melted, blasted into the atmosphere, and rained back down as glassy droplets. This unexpected find hints at a long-missing impact crater somewhere in the region, one large enough to reshape landscapes and trigger global atmospheric effects. In this video, you’ll learn why these unusual tektites could rewrite part of Earth’s impact history and point to a mysterious event we never knew happened.

Animation is created by Bright Side. 
---------------------------------------------------------------------------------------- 
Music from TheSoul Sound: https://thesoul-sound.com/ 

Check our Bright Side podcast on Spotify and leave a positive review! https://open.spotify.com/show/0hUkPxD34jRLrMrJux4VxV 
Subscribe to Bright Side: https://goo.gl/rQTJZz 
---------------------------------------------------------------------------------------- 
Our Social Media: 
Facebook: https://www.facebook.com/brightplanet/ 
Instagram: https://www.instagram.com/brightside.official 
TikTok: https://www.tiktok.com/@brightside.official?lang=en 

Stock materials (photos, footages and other): 
https://www.depositphotos.com 
https://www.shutterstock.com 
https://www.eastnews.ru 
---------------------------------------------------------------------------------------- 
For more videos and articles visit: http://www.brightside.me 
---------------------------------------------------------------------------------------- 
This video is made for entertainment purposes. We do not make any warranties about the completeness, safety and reliability. Any action you take upon the information in this video is strictly at your own risk, and we will not be liable for any damages or losses. It is the viewer's responsibility to use judgement, care and precaution if you plan to replicate.",2025-12-04T01:00:31Z,"['11 million year impact', 'ancient asteroid strike', 'asteroid impact evidence', 'asteroid science', 'australian geology', 'australian tektites', 'brightside', 'brightsideglobal', 'curiosities', 'earth', 'earth history mysteries', 'earth impact events', 'earth’s past impacts', 'geological analysis', 'geology discoveries', 'impact crater search', 'meteorite collision history', 'meteorite evidence', 'mystery', 'natural glass formation', 'planet', 'planetary science', 'tektite research', 'unexplained tektites', 'world']",24,en-US,en-US,https://i.ytimg.com/vi/GhOpEzYriTo/default.jpg,https://i.ytimg.com/vi/GhOpEzYriTo/hqdefault.jpg,PT9M2S,47020,628,38,public,UC4rlAVgAK0SGk-yTfe48Qpw,BRIGHT SIDE,"Whether you’re into recent discoveries, space exploration, true stories, fitness, fun tests, and riddles, or useful tips for self-improvement, psychology, gadgets, or just your day-to-day routine, there’s something for everyone!

You can expect all that and more coming at you in 3 top-quality videos every single day. If you’ve got a thirst for knowledge that never quits, then join a community of tens of millions and growing! We have a good time, so take your shoes off, kick back, and make yourself at home here on the Bright Side of life!

Good news! We launched a new app for you 👉 http://bit.ly/Bs3App7
Join the world's largest community of good people! 😉

For brand partnership enquires: brands@thesoul-publishing.com",,https://yt3.ggpht.com/BimIuq2UYH1h-GQDEiV89I1dUEtpWVR8Mp_Q516vPN8rLw488Ap1G9ALhPUyqN8_HTPMbawTBDk=s88-c-k-c0x00ffffff-no-rj,44700000,10844,,,,,,,,,,,,,,,,,,,,,,,,,542.0,scientists made a terrifying new discovery hidden in australia,nan
hSK6fzgM3_8,This Volcano Erupted So Fast That Tourists Had No Escape,"Forty-seven people were on New Zealand’s White Island, also known as Whakaari, when the stratovolcano erupted with almost no warning on December 9, 2019. Investigators discovered that pressure had been rising rapidly beneath the crater, creating a sudden steam-driven explosion that sent ash, gas, and rock blasting outward in seconds. The eruption unleashed a deadly pyroclastic surge that swept across the island so fast that tourists and guides had virtually no chance to escape.
Scientists now use this tragedy to better understand phreatic eruptions, the kind that show little or no clear signs before detonating with devastating force. And in this video, you’ll see how the disaster unfolded and what experts learned to help prevent similar volcanic catastrophes in the future.

Animation is created by Bright Side.
----------------------------------------------------------------------------------------
Music from TheSoul Sound: https://thesoul-sound.com/
 
Check our Bright Side podcast on Spotify and leave a positive review! https://open.spotify.com/show/0hUkPxD34jRLrMrJux4VxV
 
Subscribe to Bright Side: https://goo.gl/rQTJZz
----------------------------------------------------------------------------------------
Our Social Media:
Facebook: https://www.facebook.com/brightside
Instagram: https://www.instagram.com/brightside.official
TikTok: https://www.tiktok.com/@brightside.official?lang=en
Telegram: https://t.me/bright_side_official
 
Stock materials (photos, footages and other):
https://www.depositphotos.com
https://www.shutterstock.com
https://www.eastnews.ru
----------------------------------------------------------------------------------------
 For more videos and articles visit:
http://www.brightside.me
 ----------------------------------------------------------------------------------------
This video is made for entertainment purposes. We do not make any warranties about the completeness, safety and reliability. Any action you take upon the information in this video is strictly at your own risk, and we will not be liable for any damages or losses. It is the viewer's responsibility to use judgement, care and precaution if you plan to replicate.",2025-12-03T23:06:06Z,"['2019 white island', 'brightside', 'brightsideglobal', 'curiosities', 'deadly eruption facts', 'earth', 'earth science video', 'geologist insights', 'mystery', 'natural disaster analysis', 'new zealand volcano disaster', 'planet', 'pyroclastic surge', 'rapid eruption event', 'steam driven explosion', 'sudden volcanic eruption', 'tourists trapped volcano', 'volcanic hazards', 'volcanic risk zones', 'volcanic safety lessons', 'volcano documentary', 'whakaari volcano', 'white island eruption', 'world']",24,en-US,en-US,https://i.ytimg.com/vi/hSK6fzgM3_8/default.jpg,https://i.ytimg.com/vi/hSK6fzgM3_8/hqdefault.jpg,PT9M16S,12505,127,13,public,UC4rlAVgAK0SGk-yTfe48Qpw,BRIGHT SIDE,"Whether you’re into recent discoveries, space exploration, true stories, fitness, fun tests, and riddles, or useful tips for self-improvement, psychology, gadgets, or just your day-to-day routine, there’s something for everyone!

You can expect all that and more coming at you in 3 top-quality videos every single day. If you’ve got a thirst for knowledge that never quits, then join a community of tens of millions and growing! We have a good time, so take your shoes off, kick back, and make yourself at home here on the Bright Side of life!

Good news! We launched a new app for you 👉 http://bit.ly/Bs3App7
Join the world's largest community of good people! 😉

For brand partnership enquires: brands@thesoul-publishing.com",,https://yt3.ggpht.com/BimIuq2UYH1h-GQDEiV89I1dUEtpWVR8Mp_Q516vPN8rLw488Ap1G9ALhPUyqN8_HTPMbawTBDk=s88-c-k-c0x00ffffff-no-rj,44700000,10844,"New Zealand's most active and dangerous volcano is erupting again, reminding everyone of its power. This time, ash from the White Island volcano has drifted across flight paths, sparking concern and forcing airports to cancel flights. Locals know all too well that this volcano should never be underestimated. The current eruption comes just a few years after a catastrophic explosion claimed the lives of tourists and guides who were on the island. But against all odds, some people managed to survive what could have been their tragic end. It was December 9th, 2019. The sky was clear and blue over the Bay of Plenty, a big bay on the northern coast of New Zealand's North Island. It felt like the perfect day for sightseeing. The main attraction in the area is the White Island Volcano, also known as Fakari. It is huge with its peak rising about 1,000 ft above sea level. Its impressive size and stunning views have been drawing visitors from all over the world for years. Actually, we're talking about very brave visitors as being near an active volcano comes with serious dangers such as explosive eruptions, fatal emissions of sulfur dioxide, superheated steam, earthquakes, rockfalls, and even tsunamis. Experts normally say that these catastrophic events are extremely rare, which is true, but rare doesn't mean impossible. On that doomed day, 47 people were having the best time exploring the island. Little did they know that everything was about to change at exactly 211 that afternoon when the volcano erupted. A fisherman who was out at sea near the volcano described it as a huge explosion going off, forming a mushroom cloud as it expanded. Photos taken from a distance and satellite images show that a thick white cloud filled the sky a couple of moments after the eruption. Authorities then issued an alert about a moderate volcanic eruption, warning people living near the volcano to stay inside and close their windows and doors to prevent ash from coming in. But the authorities nightmare truly began when they checked cameras on the island and saw what appeared to be people going inside the crater just 1 minute before the eruption. Right at that moment, they knew they had to launch an urgent rescue operation. Time was running out and every second counted. The people were in serious danger. Seven rescue helicopters were sent to the scene with paramedics on board. They managed to find the first survivors and seven of them were seriously hurt. At around 5:00 in the morning the next day, officials announced that 23 people had been rescued from the island. They knew more people were still trapped there, but rescue teams could not communicate with any of them. And there was something even more worrying in the back of their minds. The risk and fear that a second eruption might happen at any moment. Recovery efforts during that week were really challenging due to ongoing seismic and volcanic activity. Heavy rain, low visibility, and toxic gases made things even tougher for the teams on the ground. Unfortunately, 22 people lost their lives in this tragedy, either due to the explosion or from their injuries. Those who survived tell heroic stories about that day. One of the survivors was from Sydney and was only 19 years old when he went on a family trip to New Zealand. The itinerary included a visit to the famous White Island volcano. He said that his tour group, including his family members, was caught in a relatively flat and open area on their walk down from the crater when the volcano erupted. Then he was thrown over a mound by the force of the eruption before curling up in the fetal position, covering his head with his hands. He felt like he was being hammered by a sandstorm, like in movies where characters can't see a few feet in front of them. Once the eruption clouds lifted, the island returned to the clear day it had been before, except everything was covered in gray ash. That was when he saw his father struggling to breathe. He remembers spending about 20 minutes thinking about what he could do. Even though he was feeling unbearable pain, with hope of survival, he gathered all his strength to get up and seek help. Eventually, he managed to reach the pier where he was rescued and taken to a hospital. He spent 8 days in intensive care and like a hero managed to survive. Unfortunately, he never saw his family again. Along with other survivors, this young man was one of those who sought justice after the incident. According to him, he wasn't given any indication of dangers before going on the trip and only had a short safety briefing that day with no emergency plans in place. This brings us to an important question regarding this tragedy. How could no one have predicted what was going to happen? Were they all really caught by surprise? To answer these questions, we need to understand a bit about the nature of volcanoes and how they behave. So, New Zealand is situated on two tectonic plates. These plates are always moving very slowly. And what happens there specifically is that the Pacific plate slides under the Indo-Australian plate. The problem is that when this subduction or sliding process happens, it can create deep trenches. As the edge of the denser plate moves down, the pressure and temperature around it go up. This causes changes in the plate that melt the rock above it. And that melted rock can rise and come through a volcano. This geological process has helped shape the beauty of New Zealand with its rugged terrain and stunning mountain landscape, but it can also be destructive. There are several active volcanoes in the country and White Island is just one of them. Eruptions like the one that happened in 2019 have been occurring for tens of millions of years. White Island volcano is a strat volcano, which means it has that classic cone shape like Stromboli in the Mediterranean or Mount St. Helens in Washington. It's also part of the Ring of Fire, a region filled with volcanoes that surrounds the Pacific Ocean. What makes this area so dangerous is the molten rock or magma hiding underneath these volcanoes. This magma is usually thick and filled with gas, which can lead to powerful and explosive eruptions. According to specialists, the eruption on White Island was likely a steam eruption. Strato volcanoes often have many cracks that let water in. When this water meets hot magma, it turns into superheated steam that usually escapes through vents. If these vents get blocked, pressure builds up, which can lead to an explosive eruption that blasts steam, hot ash, and rock into the air. The thing with steam eruptions is that they're considered relatively small eruptions, but still fatal if you get too close. And it's precisely because they're small that they become very hard to predict. They can strike without warning, catching everyone offguard and turning a seemingly calm day into a life-threatening situation in an instant. So about that day in 2019, yep, the volcano really surprised the tourists and their guides. But we need to clarify one thing. About a month earlier, experts did notice an increase in toxic sulfur dioxide coming from the volcano. They raised the danger alert to level two, which stands for moderate to heightened volcanic unrest. But what happened was that back then it was still pretty common for tour operators to keep running their tours even with a level two alert. Unfortunately, the country learned the hard way that volcano tourism can be really dangerous, and White Island has been off limits since then. I mean, you can't get too close anymore, going there by boat or helicopter. But for those with a taste for adventure, scenic flights are still an option, allowing you to catch a glimpse of the volcano from a safe distance. That's it for today. So hey, if you pacified your curiosity, then give the video a like and share it with your friends.",,,,,,,,,,,,,,,,,,,,,,,,556.0,this volcano erupted so fast that tourists had no escape,new zealand s most active and dangerous volcano is erupting again reminding everyone of its power this time ash from the white island volcano has drifted across flight paths sparking concern and forcing airports to cancel flights locals know all too well that this volcano should never be underestimated the current eruption comes just a few years after a catastrophic explosion claimed the lives of tourists and guides who were on the island but against all odds some people managed to survive what could have been their tragic end it was december 9th 2019 the sky was clear and blue over the bay of plenty a big bay on the northern coast of new zealand s north island it felt like the perfect day for sightseeing the main attraction in the area is the white island volcano also known as fakari it is huge with its peak rising about 1 000 ft above sea level its impressive size and stunning views have been drawing visitors from all over the world for years actually we re talking about very brave visitors as being near an active volcano comes with serious dangers such as explosive eruptions fatal emissions of sulfur dioxide superheated steam earthquakes rockfalls and even tsunamis experts normally say that these catastrophic events are extremely rare which is true but rare doesn t mean impossible on that doomed day 47 people were having the best time exploring the island little did they know that everything was about to change at exactly 211 that afternoon when the volcano erupted a fisherman who was out at sea near the volcano described it as a huge explosion going off forming a mushroom cloud as it expanded photos taken from a distance and satellite images show that a thick white cloud filled the sky a couple of moments after the eruption authorities then issued an alert about a moderate volcanic eruption warning people living near the volcano to stay inside and close their windows and doors to prevent ash from coming in but the authorities nightmare truly began when they checked cameras on the island and saw what appeared to be people going inside the crater just 1 minute before the eruption right at that moment they knew they had to launch an urgent rescue operation time was running out and every second counted the people were in serious danger seven rescue helicopters were sent to the scene with paramedics on board they managed to find the first survivors and seven of them were seriously hurt at around 5 00 in the morning the next day officials announced that 23 people had been rescued from the island they knew more people were still trapped there but rescue teams could not communicate with any of them and there was something even more worrying in the back of their minds the risk and fear that a second eruption might happen at any moment recovery efforts during that week were really challenging due to ongoing seismic and volcanic activity heavy rain low visibility and toxic gases made things even tougher for the teams on the ground unfortunately 22 people lost their lives in this tragedy either due to the explosion or from their injuries those who survived tell heroic stories about that day one of the survivors was from sydney and was only 19 years old when he went on a family trip to new zealand the itinerary included a visit to the famous white island volcano he said that his tour group including his family members was caught in a relatively flat and open area on their walk down from the crater when the volcano erupted then he was thrown over a mound by the force of the eruption before curling up in the fetal position covering his head with his hands he felt like he was being hammered by a sandstorm like in movies where characters can t see a few feet in front of them once the eruption clouds lifted the island returned to the clear day it had been before except everything was covered in gray ash that was when he saw his father struggling to breathe he remembers spending about 20 minutes thinking about what he could do even though he was feeling unbearable pain with hope of survival he gathered all his strength to get up and seek help eventually he managed to reach the pier where he was rescued and taken to a hospital he spent 8 days in intensive care and like a hero managed to survive unfortunately he never saw his family again along with other survivors this young man was one of those who sought justice after the incident according to him he wasn t given any indication of dangers before going on the trip and only had a short safety briefing that day with no emergency plans in place this brings us to an important question regarding this tragedy how could no one have predicted what was going to happen were they all really caught by surprise to answer these questions we need to understand a bit about the nature of volcanoes and how they behave so new zealand is situated on two tectonic plates these plates are always moving very slowly and what happens there specifically is that the pacific plate slides under the indo australian plate the problem is that when this subduction or sliding process happens it can create deep trenches as the edge of the denser plate moves down the pressure and temperature around it go up this causes changes in the plate that melt the rock above it and that melted rock can rise and come through a volcano this geological process has helped shape the beauty of new zealand with its rugged terrain and stunning mountain landscape but it can also be destructive there are several active volcanoes in the country and white island is just one of them eruptions like the one that happened in 2019 have been occurring for tens of millions of years white island volcano is a strat volcano which means it has that classic cone shape like stromboli in the mediterranean or mount st helens in washington it s also part of the ring of fire a region filled with volcanoes that surrounds the pacific ocean what makes this area so dangerous is the molten rock or magma hiding underneath these volcanoes this magma is usually thick and filled with gas which can lead to powerful and explosive eruptions according to specialists the eruption on white island was likely a steam eruption strato volcanoes often have many cracks that let water in when this water meets hot magma it turns into superheated steam that usually escapes through vents if these vents get blocked pressure builds up which can lead to an explosive eruption that blasts steam hot ash and rock into the air the thing with steam eruptions is that they re considered relatively small eruptions but still fatal if you get too close and it s precisely because they re small that they become very hard to predict they can strike without warning catching everyone offguard and turning a seemingly calm day into a life threatening situation in an instant so about that day in 2019 yep the volcano really surprised the tourists and their guides but we need to clarify one thing about a month earlier experts did notice an increase in toxic sulfur dioxide coming from the volcano they raised the danger alert to level two which stands for moderate to heightened volcanic unrest but what happened was that back then it was still pretty common for tour operators to keep running their tours even with a level two alert unfortunately the country learned the hard way that volcano tourism can be really dangerous and white island has been off limits since then i mean you can t get too close anymore going there by boat or helicopter but for those with a taste for adventure scenic flights are still an option allowing you to catch a glimpse of the volcano from a safe distance that s it for today so hey if you pacified your curiosity then give the video a like and share it with your friends
-qb-RPnWjDs,Giant Flood Changed The Earth's Landscape Forever,"A massive ancient flood once rushed across the planet with such force that it reshaped coastlines, carved valleys, and permanently altered Earth’s geography. Scientists believe that the Mediterranean Sea as we know it was formed when the Atlantic Ocean broke through the Strait of Gibraltar, triggering a gigantic waterfall unlike anything seen today. This cataclysmic event, known as the Zanclean Flood, may have filled the entire Mediterranean Basin in just a few years, creating roaring currents and walls of water hundreds of meters high. Geological evidence shows deep erosion, collapsed landscapes, and sudden sediment deposits that reveal how fast and violent this global transformation really was. And in this video, you’ll discover how this unbelievable flood shaped continents, ecosystems, and human history in ways we’re only beginning to understand.

Animation is created by Bright Side. 
---------------------------------------------------------------------------------------- 
Music from TheSoul Sound: https://thesoul-sound.com/ 

Check our Bright Side podcast on Spotify and leave a positive review! https://open.spotify.com/show/0hUkPxD34jRLrMrJux4VxV 
Subscribe to Bright Side: https://goo.gl/rQTJZz 
---------------------------------------------------------------------------------------- 
Our Social Media: 
Facebook: https://www.facebook.com/brightplanet/ 
Instagram: https://www.instagram.com/brightside.official 
TikTok: https://www.tiktok.com/@brightside.official?lang=en 

Stock materials (photos, footages and other): 
https://www.depositphotos.com 
https://www.shutterstock.com 
https://www.eastnews.ru 
---------------------------------------------------------------------------------------- 
For more videos and articles visit: http://www.brightside.me 
---------------------------------------------------------------------------------------- 
This video is made for entertainment purposes. We do not make any warranties about the completeness, safety and reliability. Any action you take upon the information in this video is strictly at your own risk, and we will not be liable for any damages or losses. It is the viewer's responsibility to use judgement, care and precaution if you plan to replicate.",2025-12-03T18:00:00Z,"['ancient earth mysteries', 'ancient erosion', 'ancient megaflood', 'brightside', 'catastrophic flood event', 'earth landscape changes', 'earth science video', 'earth transformation', 'earth’s past disasters', 'flood geology facts', 'geological evidence', 'giant flood earth history', 'global flood evidence', 'ice age meltwater', 'massive water events', 'megaflood landscape', 'megaflood science', 'mystery', 'natural disasters ancient times', 'planet', 'prehistoric floods', 'scientific documentary']",24,en-US,en-US,https://i.ytimg.com/vi/-qb-RPnWjDs/default.jpg,https://i.ytimg.com/vi/-qb-RPnWjDs/hqdefault.jpg,PT17M20S,4968,87,7,public,UC4rlAVgAK0SGk-yTfe48Qpw,BRIGHT SIDE,"Whether you’re into recent discoveries, space exploration, true stories, fitness, fun tests, and riddles, or useful tips for self-improvement, psychology, gadgets, or just your day-to-day routine, there’s something for everyone!

You can expect all that and more coming at you in 3 top-quality videos every single day. If you’ve got a thirst for knowledge that never quits, then join a community of tens of millions and growing! We have a good time, so take your shoes off, kick back, and make yourself at home here on the Bright Side of life!

Good news! We launched a new app for you 👉 http://bit.ly/Bs3App7
Join the world's largest community of good people! 😉

For brand partnership enquires: brands@thesoul-publishing.com",,https://yt3.ggpht.com/BimIuq2UYH1h-GQDEiV89I1dUEtpWVR8Mp_Q516vPN8rLw488Ap1G9ALhPUyqN8_HTPMbawTBDk=s88-c-k-c0x00ffffff-no-rj,44700000,10844,,,,,,,,,,,,,,,,,,,,,,,,,1040.0,giant flood changed the earth s landscape forever,nan
gZw_QIjVUZk,This Giant Supermachine Will Help Us Solve the Secrets of the Universe,"Deep underground in China sits a massive spherical structure that looks like a sci-fi portal, but it’s actually one of the world’s most advanced physics experiments.
This huge facility, called the Jiangmen Underground Neutrino Observatory or JUNO, is buried about 700 meters below the surface to shield it from cosmic interference.
Its mission is to detect neutrinos — the elusive “ghost particles” that stream through everything, including your body, by the trillions every second.
By studying how these particles behave, scientists hope to uncover clues about why matter exists, how the universe evolved, and whether our current physics models are missing something big.
And in this video, you’ll explore why JUNO could become one of the most important discoveries in the quest to understand the universe’s deepest mysteries.

Animation is created by Bright Side. 
---------------------------------------------------------------------------------------- 
Music from TheSoul Sound: https://thesoul-sound.com/ 

Check our Bright Side podcast on Spotify and leave a positive review! https://open.spotify.com/show/0hUkPxD34jRLrMrJux4VxV 
Subscribe to Bright Side: https://goo.gl/rQTJZz 
---------------------------------------------------------------------------------------- 
Our Social Media: 
Facebook: https://www.facebook.com/brightplanet/ 
Instagram: https://www.instagram.com/brightside.official 
TikTok: https://www.tiktok.com/@brightside.official?lang=en 

Stock materials (photos, footages and other): 
https://www.depositphotos.com 
https://www.shutterstock.com 
https://www.eastnews.ru 
---------------------------------------------------------------------------------------- 
For more videos and articles visit: http://www.brightside.me 
---------------------------------------------------------------------------------------- 
This video is made for entertainment purposes. We do not make any warranties about the completeness, safety and reliability. Any action you take upon the information in this video is strictly at your own risk, and we will not be liable for any damages or losses. It is the viewer's responsibility to use judgement, care and precaution if you plan to replicate.",2025-12-03T16:01:14Z,"['advanced observatory', 'astrophysics research', 'brightside', 'cosmic particles', 'deep underground science', 'earth', 'ghost particles explained', 'juno neutrino observatory', 'matter formation mystery', 'mysterious particles', 'mystery', 'neutrino detection', 'neutrino experiment china', 'neutrino oscillation study', 'neutrino science', 'particle physics documentary', 'physics breakthroughs', 'physics model upgrade', 'planet', 'underground physics lab', 'universe origins', 'universe puzzle clues', 'world']",24,en-US,en-US,https://i.ytimg.com/vi/gZw_QIjVUZk/default.jpg,https://i.ytimg.com/vi/gZw_QIjVUZk/hqdefault.jpg,PT19M43S,5945,154,15,public,UC4rlAVgAK0SGk-yTfe48Qpw,BRIGHT SIDE,"Whether you’re into recent discoveries, space exploration, true stories, fitness, fun tests, and riddles, or useful tips for self-improvement, psychology, gadgets, or just your day-to-day routine, there’s something for everyone!

You can expect all that and more coming at you in 3 top-quality videos every single day. If you’ve got a thirst for knowledge that never quits, then join a community of tens of millions and growing! We have a good time, so take your shoes off, kick back, and make yourself at home here on the Bright Side of life!

Good news! We launched a new app for you 👉 http://bit.ly/Bs3App7
Join the world's largest community of good people! 😉

For brand partnership enquires: brands@thesoul-publishing.com",,https://yt3.ggpht.com/BimIuq2UYH1h-GQDEiV89I1dUEtpWVR8Mp_Q516vPN8rLw488Ap1G9ALhPUyqN8_HTPMbawTBDk=s88-c-k-c0x00ffffff-no-rj,44700000,10844,"Hey, check out this huge construction. It isn't a time machine. Neither is it a portal to another dimension, even though it looks like one. This extraordinary machine called the Jiang Men Underground Nutrino Observatory, or Juno for short, is hidden from the prying eyes 2,300 ft underground. It's designed to study one of the strangest and most mysterious particles in the universe, the nutrino. Often nicknamed ghost particles, nutrinos are incredibly hard to detect, but may hold key clues about the universe's biggest puzzles, including how matter formed and whether our current understanding of physics needs an upgrade. Nutrinos are subatomic particles produced in nuclear reactions like those in the sun, exploding stars, and nuclear reactors on Earth. They're the second most abundant particles in the universe after photons, the particles of light. Now hold your hand in front of your face. Trillions of nutrinos are passing through it right now without leaving a trace. They almost never interact with anything. Not your body, not even a wall of lead eight light years thick wouldn't stop them. This makes them incredibly difficult to study. Nutrinos are also special because they don't behave like most particles. They come in three flavors, chocolate, strawberry, oops, I meant to say electron nutrino, muon nutrino, and tow nutrino, and can switch between these types as they travel. This behavior called oscillation is linked to their mass, and it's a mystery. No one knows exactly how much a nutrino weighs or even which type is the heaviest. And that's where Juno comes in. It's designed to figure out the mass hierarchy of nutrinos, meaning the order of their masses. If scientists can manage to figure it out, it could help us solve some of physics biggest puzzles. Juno is an enormous sphere filled with 20,000 tons of a special liquid called a scintillator. Scintillating, isn't it? Okay, I'll stop. This liquid grows faintly when particles interact with it. Surrounding the sphere are 43,000 super sensitive light detectors which will pick up these tiny flashes of light. Why build it underground, you may ask? Well, cosmic rays and other background particles constantly collide with Earth and they would overwhelm the sensitive detectors if Juno was built at the surface. By hiding it under hundreds of feet of rock, scientists can block most of this noise, allowing them to focus on nutrinos. Juno is also located almost 33 mi from two nuclear power plants. These plants produce tons of nutrinos, specifically anti-utrinos, the antimatter counterparts of nutrinos through the radioactive decay of uranium and plutonium in their reactors. By studying how these anti-utrinos change as they travel to Juno, scientists hope to uncover the nutrino mass hierarchy. Now, here's what happens when an anti-utrino interacts with Juno's detector. It collides with a proton in the liquid, creating a positron, the antimatter version of an electron and a neutron. The posetron immediately collides with an electron, releasing a burst of light. The neutron, meanwhile, takes about 200 micro seconds to combine with an atomic nucleus, releasing another burst of rays. These two bursts of light, the first from the positron and the second from the neutron, are the key signal that a nutrino interaction has occurred. And that time gap between the two bursts help scientists distinguish genuine nutrino signals from other background events like cosmic rays. But even with this elaborate setup, Juno will only detect about 40 to 60 nutrinos per day out of the billions passing through it every second. So to gather enough data to make conclusions, the experiment will have to run for several years. The goal is to record 100,000 nutrino events. Now the thing is our current understanding of the universe is based on the standard model of particle physics and it has been incredibly successful in explaining how particles and forces interact. But the standard model has gaps. It doesn't explain dark matter, dark energy, or why the universe is made mostly of matter instead of antimatter. Nutrinos might hold the answers to some of these mysteries. For example, the way they interact and oscillate could hint at new physics beyond the standard model. Now, Juno is a truly global project involving about 700 scientists from 18 countries. The experiment was first proposed in 2008 and has faced many engineering and logistical challenges, but hopefully it'll start working in 2025. After all, this $300 million investment in science and engineering could make groundbreaking discoveries. But Juno isn't the only scientific facility built to explore nutrinos. Deep beneath the Antarctic ice near the Ammonson Scott South Pole Station lies Ice Cube, an enormous nutrino observatory. Imagine a detector the size of nearly a/4 cubic mile, entirely made of ice and equipped to spot nutrinos. It's the first gigaton scale nutrino detector ever built. An immense scientific instrument hidden between 4700 and 8,000 ft under the Antarctic surface. The main detector consists of over 5,000 digital optical modules, sensitive light sensors, which are attached to 86 vertical strings frozen into the ice. These strings are arranged in a hexagonal grid with each string carrying 60 digital optical modules. Together, they form an enormous three-dimensional array. When a neutron interacts with an atom in the ice, it can create a charged particle moving faster than the speed of light in the ice. This generates a faint blue glow called Cherankov radiation. Scientists observe this light and can understand the energy direction and origin of the nutrino. One of Ice Cub's primary goals is to uncover the origins of cosmic rays. Incredibly high energy particles, mostly protons, that travel through space at near light speeds. They can have energies millions of times higher than those produced by Earth's most powerful particle accelerators. Scientists believe they come from extreme cosmic environments like supernova, black holes, or gamma ray bursts, but so far their exact sources remain a mystery. That's why they deflect by magnetic fields as they travel, making it impossible to trace their paths directly. Nutrinos, however, aren't deflected or absorbed, so they carry unaltered information about their sources. Ice Cube is designed to detect these nutrinos, giving us a way to see cosmic rays origins. Since it became fully operational in 2010, Ice Cube has already made some groundbreaking discoveries. It detected the first high energy astrophysical nutrinos, proving that these particles come from outside our galaxy. In 2018, Ice Cube pinpointed a high energy nutrino source to a blazar, a galaxy with a super massive black hole at its center shooting out jets of particles. So, we've seen an observatory hidden underground, another one frozen into ice. How about a telescope built underwater? Deploying a telescope in space is already a big deal, but putting two of them deep underwater is a whole different challenge. Now, picture this. Scientists are on a ship in the Mediterranean Sea, spending weeks at sea, braving rough waters and battling seasickness. They're not trying to study stars. They're after nutrinos, too. The plan is to set up a giant underwater telescope in the Mediterranean using light detectors that will be able to spot these minuscule particles. The cubic kilometer nutrino telescope is a huge project designed to catch them. is going to cover a cubic kilometer of the Mediterranean with underwater detectors. Basically turning part of the sea into one giant telescope. These telescopes don't look at stars. Instead of using lenses or mirrors, the telescope uses glass spheres that hang from long cables under the water. Think of it like a necklace of glowing pearls. These spheres are packed with sensitive devices that can detect the faint light produced when a nutrino crashes into water. These detectors are lowered into the sea one strand at a time. Each strand can be 2300 ft long and eventually there will be hundreds of these cables with all the sensors hanging on them. The goal is to make one of the biggest and most complex nutrino detectors in the world. The telescope has two parts, one off the coast of Sicily and the other off the south of France. The Sicilian telescope is focused on detecting high energy nutrinos from deep space. Those are the really extreme particles created by things like black holes or exploding stars. The French telescope is going after atmospheric nutrinos. These nutrinos are a little different. They come from Earth's atmosphere and can help scientists study how nutrinos change forms as they travel. China plans on building a train that will connect mainland China to the United States. The track will start in the northeast region and then make its way through Siberia in eastern Russia. It will then go under the sea through the Bearing Straight into Alaska, in the US through a 125m underwater tunnel. It will then flow across Canada's Yukon Mountains and British Columbia and finally to the United States. And once there, it can connect to every major train station in America. The total distance around 8,000 miles. This China, Russia, Canada, and US network was conceived in 2014 by a group of Chinese engineers who had a vision of a major transcontinental train track. They claim that if the project is built, then you will need just 2 days for a trip from China to America without having to go to the airport. A train ride is much smoother than a plane and offers people better opportunities to experience traveling near the ground rather than up in the air. And the trip itself can boost tourism across four countries. Even though a plane ride from China to the US takes just 14 hours, depending on where you're coming from, anyone will get to experience the joys of looking out of the window and seeing yourself whisk through the land. This new rail system will be 1,800 mi longer than the Trans Siberian Railroad, which is the longest railroad in the world, and the tunnel itself will be four times longer than the English Channel. If the project gets the green light, then it would cost a total of $200 billion. Building on the main surface won't be so much of a hassle and won't be as challenging as one would expect, but the tunnel in the Bearing Strait will require many skilled and experienced engineers to construct it. And they have already figured out how they're going to do it. It will be divided into three levels with two-way traffic. The upper level will accommodate the high-speed trains while the bottom level will be for the slowmoving cargo and passengers while the middle level will be reserved for emergencies. The cargo train can move up to 100 million tons of cargo which makes up 8% of the world's freight cargo between Europe, Russia, China, Japan, South Korea, Canada, and the United States. Passengers wanting to leave from Alaska to Russia and vice versa will only have to take a 20inut high-speed train ride to their destination. The tunnel alone in the Bearing Straight will cost around 35 billion. From start to finish, it could take anywhere between 12 to 15 years to complete. The project will involve many international firms and construction companies to help out with completing it. This could possibly be the most expensive project in history if funded properly and it has to be strong enough to handle the icy waters in the Bearing Straight and the strong waves around it. The China, Russia, Canada, America railway line would be the most expensive and ambitious mega project in history and would take years to complete. But according to some resources, China is confident that they have the technology necessary to do something of this scale. It will change the transportation industry forever and increase tourism across all continents. If this project is going to be built, then it would be technically possible to travel from a train station in Portugal all the way to the United States. Europe has an impressive train network that's all connected to each other. From Eastern Europe to Central Asia, you could take a train from certain countries until you end up in China. For the past 20 years, China's speedy rail network has grown incredibly. It has the world's largest high-speed rail network that covers more than 23,000 m. Based in Shanghai, it's also the fastest commercially operating train which reaches speeds up to 270 m per hour. So once in China, you can get on any train and speed off to wherever you want to. It will be the ultimate traveling experience to only travel by train from continent to continent. There won't be any need to travel by an airplane. So if you have fear of flying, let's say, then this will be the perfect way for you to go by. But building train tunnels underwater isn't easy. The best engineers have to figure out all the risks beforehand. The channel tunnel, for example, is an underwater train that takes you from London to Paris in just 2 and 1/2 hours of cruising speed. The train is highly equipped with the most advanced technology in the market to ensure comfortable travel. If you have any work to do, then you can just pop open your laptop and connect to the Wi-Fi. Want to take a break? Just head to the cafe for a quick drink and enjoy the lounge feel and the great beverages. And if you feel like watching a movie or catching up on your favorite TV series, then the train offers that, too. You won't feel the time pass since you can just relax in luxurious leather seats in business premier class. Train travels at around 186 mph and is considered to be the world's longest underwater tunnel considering that most of it is submerged. The tunnel itself is 31 mi long and costs $6.3 billion. It began construction in 1988 and was completed 6 years later in 1994. It was considered to be one of the seven wonders of the modern world in line with the Empire State Building in New York or the Panama Canal or the San Francisco's Golden Gate Bridge. And just like the China to US dream project, this tunnel also has three tracks. two used for trains and a smaller one for emergencies. Each shuttle is 2.5,000 ft long and needed 13,000 employees to construct it. Even though many people got to visit the city of love in Paris and the multicultural hub of Europe in London, the channel is also used for import and export. According to some reports, 26% of traded goods travel between the UK and the rest of the Europe each year using a tunnel. China approved the first underwater speed train from the port of Ningbo near Shanghai to Zhaoan, which is a group of islands on the east coast of China. The brand new railway will stretch for around 50 miles with a decent part of it built underwater. What makes it cooler is that the train will rely on a magnetic track where the train cabins will float in the air on the tracks and speed away. If this project becomes a reality, then it will most likely feel like riding in a royal carriage. You can book cabins and rooms with multiple bedrooms and accommodations. You'd be treated like a guest of honor at any ceremony. Constant entertainment and food are yours all day long. Ticket prices may vary, but still be expensive, so not everyone could afford it. There's high-speed Wi-Fi, of course, in all areas with some of the best seats in the world. It will be possible to live in Europe and work in Asia without flying. Even living in Russia and working in Alaska can be a reality. And if you were in the US, you can also remain on the ground and still get to London via the network. And once you reach Europe, you'd have to take the train to Paris and then the channel to London. But there hasn't been any news on the project so far. It hit an economic wall and is still in the conceptualizing stages. Many critics didn't hold back on how this project could not revolutionize the transportation industry, but might instead sink it into more depth. They claim that cargo ships and flights are just as good and a lot cheaper. So, there's no need to put such a large amounts of money for something that maybe only a handful of people can use. Moving cargo through trains won't necessarily be as fast as planes or ships. If this train network replaces shipping and flights, then many people who work in aviation would have to change jobs and move on to trains. Of course, uh something like this wouldn't happen overnight and would probably take decades. This project might even open doors for countries in Asia and Africa to build mega network speed trains all connected to each other. You might one day travel by train from South Africa all the way to the United States passing through Africa, the Middle East, Central Asia, China, Russia, and eventually the US. And if the train network expands even more, it can reach all over South America, which would make your trip even longer. It could reach every continent in the world except Antarctica. Imagine a worldwide railway network of high-speed trains connected to every station on Earth. That's it for today. So, hey, if you pacified your curiosity, then give the video a like and share it with your friends. Or if you want more, just click on these videos and stay on the bright",,,,,,,,,,,,,,,,,,,,,,,,1183.0,this giant supermachine will help us solve the secrets of the universe,hey check out this huge construction it isn t a time machine neither is it a portal to another dimension even though it looks like one this extraordinary machine called the jiang men underground nutrino observatory or juno for short is hidden from the prying eyes 2 300 ft underground it s designed to study one of the strangest and most mysterious particles in the universe the nutrino often nicknamed ghost particles nutrinos are incredibly hard to detect but may hold key clues about the universe s biggest puzzles including how matter formed and whether our current understanding of physics needs an upgrade nutrinos are subatomic particles produced in nuclear reactions like those in the sun exploding stars and nuclear reactors on earth they re the second most abundant particles in the universe after photons the particles of light now hold your hand in front of your face trillions of nutrinos are passing through it right now without leaving a trace they almost never interact with anything not your body not even a wall of lead eight light years thick wouldn t stop them this makes them incredibly difficult to study nutrinos are also special because they don t behave like most particles they come in three flavors chocolate strawberry oops i meant to say electron nutrino muon nutrino and tow nutrino and can switch between these types as they travel this behavior called oscillation is linked to their mass and it s a mystery no one knows exactly how much a nutrino weighs or even which type is the heaviest and that s where juno comes in it s designed to figure out the mass hierarchy of nutrinos meaning the order of their masses if scientists can manage to figure it out it could help us solve some of physics biggest puzzles juno is an enormous sphere filled with 20 000 tons of a special liquid called a scintillator scintillating isn t it okay i ll stop this liquid grows faintly when particles interact with it surrounding the sphere are 43 000 super sensitive light detectors which will pick up these tiny flashes of light why build it underground you may ask well cosmic rays and other background particles constantly collide with earth and they would overwhelm the sensitive detectors if juno was built at the surface by hiding it under hundreds of feet of rock scientists can block most of this noise allowing them to focus on nutrinos juno is also located almost 33 mi from two nuclear power plants these plants produce tons of nutrinos specifically anti utrinos the antimatter counterparts of nutrinos through the radioactive decay of uranium and plutonium in their reactors by studying how these anti utrinos change as they travel to juno scientists hope to uncover the nutrino mass hierarchy now here s what happens when an anti utrino interacts with juno s detector it collides with a proton in the liquid creating a positron the antimatter version of an electron and a neutron the posetron immediately collides with an electron releasing a burst of light the neutron meanwhile takes about 200 micro seconds to combine with an atomic nucleus releasing another burst of rays these two bursts of light the first from the positron and the second from the neutron are the key signal that a nutrino interaction has occurred and that time gap between the two bursts help scientists distinguish genuine nutrino signals from other background events like cosmic rays but even with this elaborate setup juno will only detect about 40 to 60 nutrinos per day out of the billions passing through it every second so to gather enough data to make conclusions the experiment will have to run for several years the goal is to record 100 000 nutrino events now the thing is our current understanding of the universe is based on the standard model of particle physics and it has been incredibly successful in explaining how particles and forces interact but the standard model has gaps it doesn t explain dark matter dark energy or why the universe is made mostly of matter instead of antimatter nutrinos might hold the answers to some of these mysteries for example the way they interact and oscillate could hint at new physics beyond the standard model now juno is a truly global project involving about 700 scientists from 18 countries the experiment was first proposed in 2008 and has faced many engineering and logistical challenges but hopefully it ll start working in 2025 after all this 300 million investment in science and engineering could make groundbreaking discoveries but juno isn t the only scientific facility built to explore nutrinos deep beneath the antarctic ice near the ammonson scott south pole station lies ice cube an enormous nutrino observatory imagine a detector the size of nearly a 4 cubic mile entirely made of ice and equipped to spot nutrinos it s the first gigaton scale nutrino detector ever built an immense scientific instrument hidden between 4700 and 8 000 ft under the antarctic surface the main detector consists of over 5 000 digital optical modules sensitive light sensors which are attached to 86 vertical strings frozen into the ice these strings are arranged in a hexagonal grid with each string carrying 60 digital optical modules together they form an enormous three dimensional array when a neutron interacts with an atom in the ice it can create a charged particle moving faster than the speed of light in the ice this generates a faint blue glow called cherankov radiation scientists observe this light and can understand the energy direction and origin of the nutrino one of ice cub s primary goals is to uncover the origins of cosmic rays incredibly high energy particles mostly protons that travel through space at near light speeds they can have energies millions of times higher than those produced by earth s most powerful particle accelerators scientists believe they come from extreme cosmic environments like supernova black holes or gamma ray bursts but so far their exact sources remain a mystery that s why they deflect by magnetic fields as they travel making it impossible to trace their paths directly nutrinos however aren t deflected or absorbed so they carry unaltered information about their sources ice cube is designed to detect these nutrinos giving us a way to see cosmic rays origins since it became fully operational in 2010 ice cube has already made some groundbreaking discoveries it detected the first high energy astrophysical nutrinos proving that these particles come from outside our galaxy in 2018 ice cube pinpointed a high energy nutrino source to a blazar a galaxy with a super massive black hole at its center shooting out jets of particles so we ve seen an observatory hidden underground another one frozen into ice how about a telescope built underwater deploying a telescope in space is already a big deal but putting two of them deep underwater is a whole different challenge now picture this scientists are on a ship in the mediterranean sea spending weeks at sea braving rough waters and battling seasickness they re not trying to study stars they re after nutrinos too the plan is to set up a giant underwater telescope in the mediterranean using light detectors that will be able to spot these minuscule particles the cubic kilometer nutrino telescope is a huge project designed to catch them is going to cover a cubic kilometer of the mediterranean with underwater detectors basically turning part of the sea into one giant telescope these telescopes don t look at stars instead of using lenses or mirrors the telescope uses glass spheres that hang from long cables under the water think of it like a necklace of glowing pearls these spheres are packed with sensitive devices that can detect the faint light produced when a nutrino crashes into water these detectors are lowered into the sea one strand at a time each strand can be 2300 ft long and eventually there will be hundreds of these cables with all the sensors hanging on them the goal is to make one of the biggest and most complex nutrino detectors in the world the telescope has two parts one off the coast of sicily and the other off the south of france the sicilian telescope is focused on detecting high energy nutrinos from deep space those are the really extreme particles created by things like black holes or exploding stars the french telescope is going after atmospheric nutrinos these nutrinos are a little different they come from earth s atmosphere and can help scientists study how nutrinos change forms as they travel china plans on building a train that will connect mainland china to the united states the track will start in the northeast region and then make its way through siberia in eastern russia it will then go under the sea through the bearing straight into alaska in the us through a 125m underwater tunnel it will then flow across canada s yukon mountains and british columbia and finally to the united states and once there it can connect to every major train station in america the total distance around 8 000 miles this china russia canada and us network was conceived in 2014 by a group of chinese engineers who had a vision of a major transcontinental train track they claim that if the project is built then you will need just 2 days for a trip from china to america without having to go to the airport a train ride is much smoother than a plane and offers people better opportunities to experience traveling near the ground rather than up in the air and the trip itself can boost tourism across four countries even though a plane ride from china to the us takes just 14 hours depending on where you re coming from anyone will get to experience the joys of looking out of the window and seeing yourself whisk through the land this new rail system will be 1 800 mi longer than the trans siberian railroad which is the longest railroad in the world and the tunnel itself will be four times longer than the english channel if the project gets the green light then it would cost a total of 200 billion building on the main surface won t be so much of a hassle and won t be as challenging as one would expect but the tunnel in the bearing strait will require many skilled and experienced engineers to construct it and they have already figured out how they re going to do it it will be divided into three levels with two way traffic the upper level will accommodate the high speed trains while the bottom level will be for the slowmoving cargo and passengers while the middle level will be reserved for emergencies the cargo train can move up to 100 million tons of cargo which makes up 8 of the world s freight cargo between europe russia china japan south korea canada and the united states passengers wanting to leave from alaska to russia and vice versa will only have to take a 20inut high speed train ride to their destination the tunnel alone in the bearing straight will cost around 35 billion from start to finish it could take anywhere between 12 to 15 years to complete the project will involve many international firms and construction companies to help out with completing it this could possibly be the most expensive project in history if funded properly and it has to be strong enough to handle the icy waters in the bearing straight and the strong waves around it the china russia canada america railway line would be the most expensive and ambitious mega project in history and would take years to complete but according to some resources china is confident that they have the technology necessary to do something of this scale it will change the transportation industry forever and increase tourism across all continents if this project is going to be built then it would be technically possible to travel from a train station in portugal all the way to the united states europe has an impressive train network that s all connected to each other from eastern europe to central asia you could take a train from certain countries until you end up in china for the past 20 years china s speedy rail network has grown incredibly it has the world s largest high speed rail network that covers more than 23 000 m based in shanghai it s also the fastest commercially operating train which reaches speeds up to 270 m per hour so once in china you can get on any train and speed off to wherever you want to it will be the ultimate traveling experience to only travel by train from continent to continent there won t be any need to travel by an airplane so if you have fear of flying let s say then this will be the perfect way for you to go by but building train tunnels underwater isn t easy the best engineers have to figure out all the risks beforehand the channel tunnel for example is an underwater train that takes you from london to paris in just 2 and 1 2 hours of cruising speed the train is highly equipped with the most advanced technology in the market to ensure comfortable travel if you have any work to do then you can just pop open your laptop and connect to the wi fi want to take a break just head to the cafe for a quick drink and enjoy the lounge feel and the great beverages and if you feel like watching a movie or catching up on your favorite tv series then the train offers that too you won t feel the time pass since you can just relax in luxurious leather seats in business premier class train travels at around 186 mph and is considered to be the world s longest underwater tunnel considering that most of it is submerged the tunnel itself is 31 mi long and costs 6 3 billion it began construction in 1988 and was completed 6 years later in 1994 it was considered to be one of the seven wonders of the modern world in line with the empire state building in new york or the panama canal or the san francisco s golden gate bridge and just like the china to us dream project this tunnel also has three tracks two used for trains and a smaller one for emergencies each shuttle is 2 5 000 ft long and needed 13 000 employees to construct it even though many people got to visit the city of love in paris and the multicultural hub of europe in london the channel is also used for import and export according to some reports 26 of traded goods travel between the uk and the rest of the europe each year using a tunnel china approved the first underwater speed train from the port of ningbo near shanghai to zhaoan which is a group of islands on the east coast of china the brand new railway will stretch for around 50 miles with a decent part of it built underwater what makes it cooler is that the train will rely on a magnetic track where the train cabins will float in the air on the tracks and speed away if this project becomes a reality then it will most likely feel like riding in a royal carriage you can book cabins and rooms with multiple bedrooms and accommodations you d be treated like a guest of honor at any ceremony constant entertainment and food are yours all day long ticket prices may vary but still be expensive so not everyone could afford it there s high speed wi fi of course in all areas with some of the best seats in the world it will be possible to live in europe and work in asia without flying even living in russia and working in alaska can be a reality and if you were in the us you can also remain on the ground and still get to london via the network and once you reach europe you d have to take the train to paris and then the channel to london but there hasn t been any news on the project so far it hit an economic wall and is still in the conceptualizing stages many critics didn t hold back on how this project could not revolutionize the transportation industry but might instead sink it into more depth they claim that cargo ships and flights are just as good and a lot cheaper so there s no need to put such a large amounts of money for something that maybe only a handful of people can use moving cargo through trains won t necessarily be as fast as planes or ships if this train network replaces shipping and flights then many people who work in aviation would have to change jobs and move on to trains of course uh something like this wouldn t happen overnight and would probably take decades this project might even open doors for countries in asia and africa to build mega network speed trains all connected to each other you might one day travel by train from south africa all the way to the united states passing through africa the middle east central asia china russia and eventually the us and if the train network expands even more it can reach all over south america which would make your trip even longer it could reach every continent in the world except antarctica imagine a worldwide railway network of high speed trains connected to every station on earth that s it for today so hey if you pacified your curiosity then give the video a like and share it with your friends or if you want more just click on these videos and stay on the bright
r-4bA-76674,What Actually Happened in the World’s Worst Tornado,"Witness the raw power of tornadoes across centuries, from forgotten European disasters to the deadliest storms in U.S. history. Explore how entire towns vanished, how survivors endured the unimaginable, and how science uncovered what truly happened. See how tornado patterns are shifting today, moving into more populated regions and becoming increasingly dangerous. Learn why modern warning systems aren’t always enough and what experts believe is coming next.
Animation is created by Bright Side. 
---------------------------------------------------------------------------------------- 
Music from TheSoul Sound: https://thesoul-sound.com/ 

Check our Bright Side podcast on Spotify and leave a positive review! https://open.spotify.com/show/0hUkPxD34jRLrMrJux4VxV 
Subscribe to Bright Side: https://goo.gl/rQTJZz 
---------------------------------------------------------------------------------------- 
Our Social Media: 
Facebook: https://www.facebook.com/brightplanet/ 
Instagram: https://www.instagram.com/brightside.official 
TikTok: https://www.tiktok.com/@brightside.official?lang=en 

Stock materials (photos, footages and other): 
https://www.depositphotos.com 
https://www.shutterstock.com 
https://www.eastnews.ru 
---------------------------------------------------------------------------------------- 
For more videos and articles visit: http://www.brightside.me 
---------------------------------------------------------------------------------------- 
This video is made for entertainment purposes. We do not make any warranties about the completeness, safety and reliability. Any action you take upon the information in this video is strictly at your own risk, and we will not be liable for any damages or losses. It is the viewer's responsibility to use judgement, care and precaution if you plan to replicate.",2025-12-03T10:23:10Z,"['brightside', 'brightsideglobal', 'catastrophic events', 'climate change', 'curiosities', 'disaster footage', 'disaster science', 'earth', 'extreme weather', 'historical storms', 'meteorological phenomena', 'mystery', 'natural disasters', 'natural phenomena', 'nature power', 'planet', 'storm chasing', 'storm history', 'supercell storms', 'survival stories', 'tornado destruction', 'tornado formation', 'tornadoes', 'world']",24,en,en-US,https://i.ytimg.com/vi/r-4bA-76674/default.jpg,https://i.ytimg.com/vi/r-4bA-76674/hqdefault.jpg,PT18M34S,6917,192,6,public,UC4rlAVgAK0SGk-yTfe48Qpw,BRIGHT SIDE,"Whether you’re into recent discoveries, space exploration, true stories, fitness, fun tests, and riddles, or useful tips for self-improvement, psychology, gadgets, or just your day-to-day routine, there’s something for everyone!

You can expect all that and more coming at you in 3 top-quality videos every single day. If you’ve got a thirst for knowledge that never quits, then join a community of tens of millions and growing! We have a good time, so take your shoes off, kick back, and make yourself at home here on the Bright Side of life!

Good news! We launched a new app for you 👉 http://bit.ly/Bs3App7
Join the world's largest community of good people! 😉

For brand partnership enquires: brands@thesoul-publishing.com",,https://yt3.ggpht.com/BimIuq2UYH1h-GQDEiV89I1dUEtpWVR8Mp_Q516vPN8rLw488Ap1G9ALhPUyqN8_HTPMbawTBDk=s88-c-k-c0x00ffffff-no-rj,44700000,10844,,,,,,,,,,,,,,,,,,,,,,,,,1114.0,what actually happened in the world s worst tornado,nan
sb9OyIxJVxU,Figure Out Who Did It Before It’s Too Late | Detective Riddles,"Figure out who did it before it’s too late with intense detective riddles, rapid-fire logic puzzles, and high-stakes mysteries designed to test your mind under pressure.
Uncover hidden clues, crack alibis, expose liars, and solve impossible cases using sharp observation skills and fast reasoning to outsmart every suspect.
Dive into thrilling crime scenarios, time-sensitive challenges, clever twists, and unpredictable outcomes that push your detective instincts to the limit.

Animation is created by Bright Side. 
---------------------------------------------------------------------------------------- 
Music from TheSoul Sound: https://thesoul-sound.com/ 

Check our Bright Side podcast on Spotify and leave a positive review! https://open.spotify.com/show/0hUkPxD34jRLrMrJux4VxV 
Subscribe to Bright Side: https://goo.gl/rQTJZz 
---------------------------------------------------------------------------------------- 
Our Social Media: 
Facebook: https://www.facebook.com/brightplanet/ 
Instagram: https://www.instagram.com/brightside.official 
TikTok: https://www.tiktok.com/@brightside.official?lang=en 

Stock materials (photos, footages and other): 
https://www.depositphotos.com 
https://www.shutterstock.com 
https://www.eastnews.ru 
---------------------------------------------------------------------------------------- 
For more videos and articles visit: http://www.brightside.me 
---------------------------------------------------------------------------------------- 
This video is made for entertainment purposes. We do not make any warranties about the completeness, safety and reliability. Any action you take upon the information in this video is strictly at your own risk, and we will not be liable for any damages or losses. It is the viewer's responsibility to use judgement, care and precaution if you plan to replicate.",2025-12-03T00:01:08Z,"['brain challenge', 'brain teasers', 'brightside', 'brightsideglobal', 'crime mystery quiz', 'crime riddles', 'crime solving puzzles', 'detective challenge', 'detective games', 'detective riddles', 'escape room riddles', 'figure out who did it', 'find the suspect', 'hardest riddles', 'impossible riddles', 'logic puzzles', 'mind puzzles', 'mystery', 'mystery challenge', 'mystery riddles', 'riddle challenge', 'riddle video', 'solve before time runs out', 'solve the mystery', 'who did it riddles']",24,en-US,en-US,https://i.ytimg.com/vi/sb9OyIxJVxU/default.jpg,https://i.ytimg.com/vi/sb9OyIxJVxU/hqdefault.jpg,PT11M,13533,168,14,public,UC4rlAVgAK0SGk-yTfe48Qpw,BRIGHT SIDE,"Whether you’re into recent discoveries, space exploration, true stories, fitness, fun tests, and riddles, or useful tips for self-improvement, psychology, gadgets, or just your day-to-day routine, there’s something for everyone!

You can expect all that and more coming at you in 3 top-quality videos every single day. If you’ve got a thirst for knowledge that never quits, then join a community of tens of millions and growing! We have a good time, so take your shoes off, kick back, and make yourself at home here on the Bright Side of life!

Good news! We launched a new app for you 👉 http://bit.ly/Bs3App7
Join the world's largest community of good people! 😉

For brand partnership enquires: brands@thesoul-publishing.com",,https://yt3.ggpht.com/BimIuq2UYH1h-GQDEiV89I1dUEtpWVR8Mp_Q516vPN8rLw488Ap1G9ALhPUyqN8_HTPMbawTBDk=s88-c-k-c0x00ffffff-no-rj,44700000,10844,,,,,,,,,,,,,,,,,,,,,,,,,660.0,figure out who did it before it s too late detective riddles,nan
1lcSXLPu63s,What They Don’t Tell You About the London Underground,"What they don’t tell you about the London Underground reveals hidden history, eerie secrets, abandoned stations, engineering wonders, and surprising truths buried beneath the city.
Discover untold stories of ghost platforms, wartime shelters, forgotten tunnels, mysterious legends, and the real challenges that shaped the world’s first underground railway.
Explore unusual facts about deep-level lines, ventilation puzzles, old infrastructure, unexpected design quirks, and the remarkable technology that keeps millions moving daily.
Learn shocking behind-the-scenes details, maintenance struggles, staff experiences, and the complex systems that passengers never see but rely on every single ride.

Animation is created by Bright Side.
----------------------------------------------------------------------------------------
Music from TheSoul Sound: https://thesoul-sound.com/
 
Check our Bright Side podcast on Spotify and leave a positive review! https://open.spotify.com/show/0hUkPxD34jRLrMrJux4VxV
 
Subscribe to Bright Side: https://goo.gl/rQTJZz
----------------------------------------------------------------------------------------
Our Social Media:
Facebook: https://www.facebook.com/brightside
Instagram: https://www.instagram.com/brightside.official
TikTok: https://www.tiktok.com/@brightside.official?lang=en
 
Stock materials (photos, footages and other):
https://www.depositphotos.com
https://www.shutterstock.com
https://www.eastnews.ru
----------------------------------------------------------------------------------------
 For more videos and articles visit:
http://www.brightside.me
 ----------------------------------------------------------------------------------------
This video is made for entertainment purposes. We do not make any warranties about the completeness, safety and reliability. Any action you take upon the information in this video is strictly at your own risk, and we will not be liable for any damages or losses. It is the viewer's responsibility to use judgement, care and precaution if you plan to replicate.",2025-12-02T22:10:29Z,"['abandoned tube stations', 'brightside', 'curiosities', 'deep level tube', 'disused stations', 'earth', 'hidden london tube', 'london metro facts', 'london rail history', 'london subway history', 'london transport secrets', 'london transportation', 'london tube myths', 'london underground secrets', 'london urban legends', 'mystery', 'planet', 'secret london', 'subway engineering', 'tfl secrets', 'tube exploration', 'tube mysteries', 'tube system explained', 'underground tunnels london', 'world']",24,en-US,en-US,https://i.ytimg.com/vi/1lcSXLPu63s/default.jpg,https://i.ytimg.com/vi/1lcSXLPu63s/hqdefault.jpg,PT8M46S,15116,278,11,public,UC4rlAVgAK0SGk-yTfe48Qpw,BRIGHT SIDE,"Whether you’re into recent discoveries, space exploration, true stories, fitness, fun tests, and riddles, or useful tips for self-improvement, psychology, gadgets, or just your day-to-day routine, there’s something for everyone!

You can expect all that and more coming at you in 3 top-quality videos every single day. If you’ve got a thirst for knowledge that never quits, then join a community of tens of millions and growing! We have a good time, so take your shoes off, kick back, and make yourself at home here on the Bright Side of life!

Good news! We launched a new app for you 👉 http://bit.ly/Bs3App7
Join the world's largest community of good people! 😉

For brand partnership enquires: brands@thesoul-publishing.com",,https://yt3.ggpht.com/BimIuq2UYH1h-GQDEiV89I1dUEtpWVR8Mp_Q516vPN8rLw488Ap1G9ALhPUyqN8_HTPMbawTBDk=s88-c-k-c0x00ffffff-no-rj,44700000,10844,,,,,,,,,,,,,,,,,,,,,,,,,526.0,what they don t tell you about the london underground,nan
9H2SYZivBZU,Scientists Warn California Could Face Its Worst Quake Yet,"California sits on one of the most unstable regions on the planet, where powerful forces deep underground are slowly building tension. Scientists have noticed worrying signs that the risk of a megathrust earthquake is rising, and the ground beneath the West Coast may be preparing for a major shift. What happens when these forces finally break free remains uncertain but the scale of the impact could reach far beyond California itself.
Animation is created by Bright Side. 
---------------------------------------------------------------------------------------- 
Music from TheSoul Sound: https://thesoul-sound.com/ 

Check our Bright Side podcast on Spotify and leave a positive review! https://open.spotify.com/show/0hUkPxD34jRLrMrJux4VxV 
Subscribe to Bright Side: https://goo.gl/rQTJZz 
---------------------------------------------------------------------------------------- 
Our Social Media: 
Facebook: https://www.facebook.com/brightplanet/ 
Instagram: https://www.instagram.com/brightside.official 
TikTok: https://www.tiktok.com/@brightside.official?lang=en 

Stock materials (photos, footages and other): 
https://www.depositphotos.com 
https://www.shutterstock.com 
https://www.eastnews.ru 
---------------------------------------------------------------------------------------- 
For more videos and articles visit: http://www.brightside.me 
---------------------------------------------------------------------------------------- 
This video is made for entertainment purposes. We do not make any warranties about the completeness, safety and reliability. Any action you take upon the information in this video is strictly at your own risk, and we will not be liable for any damages or losses. It is the viewer's responsibility to use judgement, care and precaution if you plan to replicate.",2025-12-02T18:00:11Z,"['brightside', 'brightsideglobal', 'california', 'cascadia subduction zone', 'curiosities', 'disaster preparedness', 'earth', 'earth forces', 'earthquake', 'earthquake science', 'fault lines', 'geology', 'megathrust quake', 'mystery', 'natural disasters', 'pacific coast', 'planet', 'san andreas', 'seismic activity', 'tectonic plates', 'tsunami risk', 'us earthquakes', 'west coast', 'world']",24,en,en,https://i.ytimg.com/vi/9H2SYZivBZU/default.jpg,https://i.ytimg.com/vi/9H2SYZivBZU/hqdefault.jpg,PT17M5S,14803,223,25,public,UC4rlAVgAK0SGk-yTfe48Qpw,BRIGHT SIDE,"Whether you’re into recent discoveries, space exploration, true stories, fitness, fun tests, and riddles, or useful tips for self-improvement, psychology, gadgets, or just your day-to-day routine, there’s something for everyone!

You can expect all that and more coming at you in 3 top-quality videos every single day. If you’ve got a thirst for knowledge that never quits, then join a community of tens of millions and growing! We have a good time, so take your shoes off, kick back, and make yourself at home here on the Bright Side of life!

Good news! We launched a new app for you 👉 http://bit.ly/Bs3App7
Join the world's largest community of good people! 😉

For brand partnership enquires: brands@thesoul-publishing.com",,https://yt3.ggpht.com/BimIuq2UYH1h-GQDEiV89I1dUEtpWVR8Mp_Q516vPN8rLw488Ap1G9ALhPUyqN8_HTPMbawTBDk=s88-c-k-c0x00ffffff-no-rj,44700000,10844,,,,,,,,,,,,,,,,,,,,,,,,,1025.0,scientists warn california could face its worst quake yet,nan
3-25kmE5pqs,"Sahara Is Doing Something Unexpected, And It’s Not All Good News","The Sahara is doing something wild right now as new satellite data shows some regions suddenly greening while other areas are expanding faster than scientists expected.
Climate researchers are linking these surprising changes to shifts in the West African Monsoon and rising ocean temperatures that are reshaping the desert’s boundaries.
Sahara dust is playing an even bigger global role than people realize, fertilizing the Amazon and affecting hurricane formation across the Atlantic. But the not-so-good news is that intense desertification is threatening farmland, ecosystems, and communities across the Sahel as weather patterns grow more unpredictable. And in this video, you’ll find out why the Sahara’s strange new behavior is becoming a major warning sign for future global climate stability.

Animation is created by Bright Side. 
---------------------------------------------------------------------------------------- 
Music from TheSoul Sound: https://thesoul-sound.com/ 

Check our Bright Side podcast on Spotify and leave a positive review! https://open.spotify.com/show/0hUkPxD34jRLrMrJux4VxV 
Subscribe to Bright Side: https://goo.gl/rQTJZz 
---------------------------------------------------------------------------------------- 
Our Social Media: 
Facebook: https://www.facebook.com/brightplanet/ 
Instagram: https://www.instagram.com/brightside.official 
TikTok: https://www.tiktok.com/@brightside.official?lang=en 

Stock materials (photos, footages and other): 
https://www.depositphotos.com 
https://www.shutterstock.com 
https://www.eastnews.ru 
---------------------------------------------------------------------------------------- 
For more videos and articles visit: http://www.brightside.me 
---------------------------------------------------------------------------------------- 
This video is made for entertainment purposes. We do not make any warranties about the completeness, safety and reliability. Any action you take upon the information in this video is strictly at your own risk, and we will not be liable for any damages or losses. It is the viewer's responsibility to use judgement, care and precaution if you plan to replicate.",2025-12-02T16:00:08Z,"['africa climate change', 'africa drought crisis', 'atmospheric shifts', 'brightside', 'changing sahara', 'climate data analysis', 'climate science', 'curiosities', 'desert climate facts', 'desert ecosystem changes', 'desertification crisis', 'earth', 'earth science documentary', 'environmental changes', 'extreme weather africa', 'mystery', 'planet', 'sahara desert changes', 'sahara expansion', 'sahara greening', 'sahara research', 'unexpected sahara news', 'west african monsoon', 'world']",24,en-US,en-US,https://i.ytimg.com/vi/3-25kmE5pqs/default.jpg,https://i.ytimg.com/vi/3-25kmE5pqs/hqdefault.jpg,PT17M55S,20934,329,20,public,UC4rlAVgAK0SGk-yTfe48Qpw,BRIGHT SIDE,"Whether you’re into recent discoveries, space exploration, true stories, fitness, fun tests, and riddles, or useful tips for self-improvement, psychology, gadgets, or just your day-to-day routine, there’s something for everyone!

You can expect all that and more coming at you in 3 top-quality videos every single day. If you’ve got a thirst for knowledge that never quits, then join a community of tens of millions and growing! We have a good time, so take your shoes off, kick back, and make yourself at home here on the Bright Side of life!

Good news! We launched a new app for you 👉 http://bit.ly/Bs3App7
Join the world's largest community of good people! 😉

For brand partnership enquires: brands@thesoul-publishing.com",,https://yt3.ggpht.com/BimIuq2UYH1h-GQDEiV89I1dUEtpWVR8Mp_Q516vPN8rLw488Ap1G9ALhPUyqN8_HTPMbawTBDk=s88-c-k-c0x00ffffff-no-rj,44700000,10844,,,,,,,,,,,,,,,,,,,,,,,,,1075.0,sahara is doing something unexpected and it s not all good news,nan
CYv8WliXj9M,"Why Antarctica and South America Look The Same, But Upside Down","The far south of our planet hides some unexpected mysteries. Antarctica and South America share a surprising resemblance that raises questions about the ancient past of our world. At the same time, the waters beneath South America remain some of the most avoided and challenging on Earth, shaped by forces that are still not fully understood. These distant regions hold clues to dramatic events that shaped the planet and continue to influence it in ways we are only beginning to uncover.
Animation is created by Bright Side. 
---------------------------------------------------------------------------------------- 
Music from TheSoul Sound: https://thesoul-sound.com/ 

Check our Bright Side podcast on Spotify and leave a positive review! https://open.spotify.com/show/0hUkPxD34jRLrMrJux4VxV 
Subscribe to Bright Side: https://goo.gl/rQTJZz 
---------------------------------------------------------------------------------------- 
Our Social Media: 
Facebook: https://www.facebook.com/brightplanet/ 
Instagram: https://www.instagram.com/brightside.official 
TikTok: https://www.tiktok.com/@brightside.official?lang=en 

Stock materials (photos, footages and other): 
https://www.depositphotos.com 
https://www.shutterstock.com 
https://www.eastnews.ru 
---------------------------------------------------------------------------------------- 
For more videos and articles visit: http://www.brightside.me 
---------------------------------------------------------------------------------------- 
This video is made for entertainment purposes. We do not make any warranties about the completeness, safety and reliability. Any action you take upon the information in this video is strictly at your own risk, and we will not be liable for any damages or losses. It is the viewer's responsibility to use judgement, care and precaution if you plan to replicate.",2025-12-02T10:21:35Z,"['antarctica', 'antarctica facts', 'brightside', 'brightsideglobal', 'curiosities', 'earth', 'earth mysteries', 'geography secrets', 'global oceans', 'hidden history', 'intriguing facts', 'mysteries of earth', 'mystery', 'planet', 'planet history', 'south america', 'southern hemisphere', 'southern ocean', 'uncharted waters', 'world']",24,en,en-US,https://i.ytimg.com/vi/CYv8WliXj9M/default.jpg,https://i.ytimg.com/vi/CYv8WliXj9M/hqdefault.jpg,PT18M,14651,345,15,public,UC4rlAVgAK0SGk-yTfe48Qpw,BRIGHT SIDE,"Whether you’re into recent discoveries, space exploration, true stories, fitness, fun tests, and riddles, or useful tips for self-improvement, psychology, gadgets, or just your day-to-day routine, there’s something for everyone!

You can expect all that and more coming at you in 3 top-quality videos every single day. If you’ve got a thirst for knowledge that never quits, then join a community of tens of millions and growing! We have a good time, so take your shoes off, kick back, and make yourself at home here on the Bright Side of life!

Good news! We launched a new app for you 👉 http://bit.ly/Bs3App7
Join the world's largest community of good people! 😉

For brand partnership enquires: brands@thesoul-publishing.com",,https://yt3.ggpht.com/BimIuq2UYH1h-GQDEiV89I1dUEtpWVR8Mp_Q516vPN8rLw488Ap1G9ALhPUyqN8_HTPMbawTBDk=s88-c-k-c0x00ffffff-no-rj,44700000,10844,,,,,,,,,,,,,,,,,,,,,,,,,1080.0,why antarctica and south america look the same but upside down,nan
nJ9aWWDS_Ck,"If You Ever Spot This Circle Underwater, Get Out of There","Divers off Japan once thought they’d found underwater crop circles — perfect rings carved into the sand, shaped with the precision of a compass. No one knew who was making them, and theories got wild. But the truth is even stranger: a tiny male pufferfish spends days fanning sand, sculpting valleys, and decorating his “circle” with shells just to impress a mate. It’s one of nature’s best-kept secrets, hiding in plain sight beneath the waves. And here’s the twist — this adorable architect carries a toxin powerful enough to stop a human heart. In this video, we uncover how this little fish creates masterpieces and why its beauty comes with danger.

Animation is created by Bright Side. 
---------------------------------------------------------------------------------------- 
Music from TheSoul Sound: https://thesoul-sound.com/ 

Check our Bright Side podcast on Spotify and leave a positive review! https://open.spotify.com/show/0hUkPxD34jRLrMrJux4VxV 
Subscribe to Bright Side: https://goo.gl/rQTJZz 
---------------------------------------------------------------------------------------- 
Our Social Media: 
Facebook: https://www.facebook.com/brightplanet/ 
Instagram: https://www.instagram.com/brightside.official 
TikTok: https://www.tiktok.com/@brightside.official?lang=en 

Stock materials (photos, footages and other): 
https://www.depositphotos.com 
https://www.shutterstock.com 
https://www.eastnews.ru 
---------------------------------------------------------------------------------------- 
For more videos and articles visit: http://www.brightside.me 
---------------------------------------------------------------------------------------- 
This video is made for entertainment purposes. We do not make any warranties about the completeness, safety and reliability. Any action you take upon the information in this video is strictly at your own risk, and we will not be liable for any damages or losses. It is the viewer's responsibility to use judgement, care and precaution if you plan to replicate.",2025-12-02T00:01:03Z,"['aquatic architecture', 'beautiful ocean patterns', 'brightside', 'deep sea discoveries', 'diver discoveries', 'earth', 'japanese seabed mystery', 'marine life secrets', 'marine science facts', 'mysterious ocean shapes', 'mystery', 'nature engineering', 'nature mysteries', 'nature wonders', 'ocean art', 'ocean documentary', 'ocean secrets revealed', 'planet', 'pufferfish circles', 'pufferfish danger', 'pufferfish toxin', 'sea creatures behavior', 'sea patterns explained', 'underwater crop circles', 'world']",24,en-US,en-US,https://i.ytimg.com/vi/nJ9aWWDS_Ck/default.jpg,https://i.ytimg.com/vi/nJ9aWWDS_Ck/hqdefault.jpg,PT8M50S,13544,218,12,public,UC4rlAVgAK0SGk-yTfe48Qpw,BRIGHT SIDE,"Whether you’re into recent discoveries, space exploration, true stories, fitness, fun tests, and riddles, or useful tips for self-improvement, psychology, gadgets, or just your day-to-day routine, there’s something for everyone!

You can expect all that and more coming at you in 3 top-quality videos every single day. If you’ve got a thirst for knowledge that never quits, then join a community of tens of millions and growing! We have a good time, so take your shoes off, kick back, and make yourself at home here on the Bright Side of life!

Good news! We launched a new app for you 👉 http://bit.ly/Bs3App7
Join the world's largest community of good people! 😉

For brand partnership enquires: brands@thesoul-publishing.com",,https://yt3.ggpht.com/BimIuq2UYH1h-GQDEiV89I1dUEtpWVR8Mp_Q516vPN8rLw488Ap1G9ALhPUyqN8_HTPMbawTBDk=s88-c-k-c0x00ffffff-no-rj,44700000,10844,,,,,,,,,,,,,,,,,,,,,,,,,530.0,if you ever spot this circle underwater get out of there,nan
KtHE3QxYGpQ,Something Weird Is Happening in the Moon’s Biggest Crater - NASA's Going There,"Something is seriously off inside the Moon’s largest and oldest crater… and NASA wants answers. Deep under the South Pole–Aitken Basin, scientists found a mysterious mass of metal — so massive it could change everything we think we know about the Moon’s past. Is it leftover from an ancient impact? A chunk of a lost asteroid? Or something we’ve never seen before? Whatever it is, it’s pulling on the lunar surface in ways that defy expectations. In this video, we’re diving into why NASA is racing to investigate this strange anomaly — and what they expect to find when they get there.

Animation is created by Bright Side. 
---------------------------------------------------------------------------------------- 
Music from TheSoul Sound: https://thesoul-sound.com/ 

Check our Bright Side podcast on Spotify and leave a positive review! https://open.spotify.com/show/0hUkPxD34jRLrMrJux4VxV 
Subscribe to Bright Side: https://goo.gl/rQTJZz 
---------------------------------------------------------------------------------------- 
Our Social Media: 
Facebook: https://www.facebook.com/brightplanet/ 
Instagram: https://www.instagram.com/brightside.official 
TikTok: https://www.tiktok.com/@brightside.official?lang=en 

Stock materials (photos, footages and other): 
https://www.depositphotos.com 
https://www.shutterstock.com 
https://www.eastnews.ru 
---------------------------------------------------------------------------------------- 
For more videos and articles visit: http://www.brightside.me 
---------------------------------------------------------------------------------------- 
This video is made for entertainment purposes. We do not make any warranties about the completeness, safety and reliability. Any action you take upon the information in this video is strictly at your own risk, and we will not be liable for any damages or losses. It is the viewer's responsibility to use judgement, care and precaution if you plan to replicate.",2025-12-01T22:00:32Z,"['brightside', 'lunar anomalies explained', 'lunar geology', 'lunar mission goals', 'lunar secrets', 'moon anomaly', 'moon biggest crater', 'moon crater mystery', 'moon research', 'moon science update', 'moon south pole', 'moon surface secrets', 'mysterious lunar mass', 'mysterious space objects', 'mystery', 'nasa investigation', 'nasa moon mission', 'nasa plans moon', 'new nasa discovery', 'solar system mysteries', 'south pole aitken basin', 'space documentary', 'space exploration 2025']",24,en-US,en-US,https://i.ytimg.com/vi/KtHE3QxYGpQ/default.jpg,https://i.ytimg.com/vi/KtHE3QxYGpQ/hqdefault.jpg,PT10M9S,13420,186,13,public,UC4rlAVgAK0SGk-yTfe48Qpw,BRIGHT SIDE,"Whether you’re into recent discoveries, space exploration, true stories, fitness, fun tests, and riddles, or useful tips for self-improvement, psychology, gadgets, or just your day-to-day routine, there’s something for everyone!

You can expect all that and more coming at you in 3 top-quality videos every single day. If you’ve got a thirst for knowledge that never quits, then join a community of tens of millions and growing! We have a good time, so take your shoes off, kick back, and make yourself at home here on the Bright Side of life!

Good news! We launched a new app for you 👉 http://bit.ly/Bs3App7
Join the world's largest community of good people! 😉

For brand partnership enquires: brands@thesoul-publishing.com",,https://yt3.ggpht.com/BimIuq2UYH1h-GQDEiV89I1dUEtpWVR8Mp_Q516vPN8rLw488Ap1G9ALhPUyqN8_HTPMbawTBDk=s88-c-k-c0x00ffffff-no-rj,44700000,10844,,,,,,,,,,,,,,,,,,,,,,,,,609.0,something weird is happening in the moon s biggest crater nasa s going there,nan
vbdOrlY0JsU,Scientists Recreated Meteorite Substance That Can Save The Earth,"Scientists have done something incredible — they recreated a rare substance found only inside certain meteorites, and it may become one of the strongest tools we have to protect our planet. This material forms under extreme cosmic conditions, and now researchers have managed to make it right here on Earth. Why does that matter? Because this substance could help shield spacecraft, build tougher technology, or even form the basis of future planetary-defense systems. In this video, we’ll explore how scientists managed to reproduce it, what makes it so extraordinary, and why something born in deep space might one day save us from deep-space threats.

Animation is created by Bright Side. 
---------------------------------------------------------------------------------------- 
Music from TheSoul Sound: https://thesoul-sound.com/ 

Check our Bright Side podcast on Spotify and leave a positive review! https://open.spotify.com/show/0hUkPxD34jRLrMrJux4VxV 
Subscribe to Bright Side: https://goo.gl/rQTJZz 
---------------------------------------------------------------------------------------- 
Our Social Media: 
Facebook: https://www.facebook.com/brightplanet/ 
Instagram: https://www.instagram.com/brightside.official 
TikTok: https://www.tiktok.com/@brightside.official?lang=en 

Stock materials (photos, footages and other): 
https://www.depositphotos.com 
https://www.shutterstock.com 
https://www.eastnews.ru 
---------------------------------------------------------------------------------------- 
For more videos and articles visit: http://www.brightside.me 
---------------------------------------------------------------------------------------- 
This video is made for entertainment purposes. We do not make any warranties about the completeness, safety and reliability. Any action you take upon the information in this video is strictly at your own risk, and we will not be liable for any damages or losses. It is the viewer's responsibility to use judgement, care and precaution if you plan to replicate.",2025-12-01T18:20:20Z,"['asteroid defense ideas', 'brightside', 'brightsideglobal', 'cosmic breakthroughs', 'cosmic minerals', 'cosmic science news', 'deep space minerals', 'earth safety research', 'earth saving technology', 'extreme conditions science', 'meteorite lab recreation', 'meteorite mysteries', 'nasa research', 'planet', 'planetary defense breakthrough', 'rare meteorite material', 'scientific discovery', 'space documentary', 'space engineering', 'space innovation', 'space material science', 'space protection tech']",24,en-US,en-US,https://i.ytimg.com/vi/vbdOrlY0JsU/default.jpg,https://i.ytimg.com/vi/vbdOrlY0JsU/hqdefault.jpg,PT17M37S,5314,102,7,public,UC4rlAVgAK0SGk-yTfe48Qpw,BRIGHT SIDE,"Whether you’re into recent discoveries, space exploration, true stories, fitness, fun tests, and riddles, or useful tips for self-improvement, psychology, gadgets, or just your day-to-day routine, there’s something for everyone!

You can expect all that and more coming at you in 3 top-quality videos every single day. If you’ve got a thirst for knowledge that never quits, then join a community of tens of millions and growing! We have a good time, so take your shoes off, kick back, and make yourself at home here on the Bright Side of life!

Good news! We launched a new app for you 👉 http://bit.ly/Bs3App7
Join the world's largest community of good people! 😉

For brand partnership enquires: brands@thesoul-publishing.com",,https://yt3.ggpht.com/BimIuq2UYH1h-GQDEiV89I1dUEtpWVR8Mp_Q516vPN8rLw488Ap1G9ALhPUyqN8_HTPMbawTBDk=s88-c-k-c0x00ffffff-no-rj,44700000,10844,,,,,,,,,,,,,,,,,,,,,,,,,1057.0,scientists recreated meteorite substance that can save the earth,nan
8pF7a8AGgS4,Strangest Deep Sea Giants That Make the Ocean Truly Scary,"Dive into the strangest and most fascinating mysteries of the ocean. From gigantic creatures that evolved in the cold darkness to bizarre animals you’d never want to meet on a beach day, this video reveals how wild and unpredictable the underwater world can be. Discover why the deep sea creates giants, learn how storms bring hidden monsters to the surface, and explore the incredible adaptations that let these creatures survive in conditions humans can barely imagine.
Animation is created by Bright Side. 
---------------------------------------------------------------------------------------- 
Music from TheSoul Sound: https://thesoul-sound.com/ 

Check our Bright Side podcast on Spotify and leave a positive review! https://open.spotify.com/show/0hUkPxD34jRLrMrJux4VxV 
Subscribe to Bright Side: https://goo.gl/rQTJZz 
---------------------------------------------------------------------------------------- 
Our Social Media: 
Facebook: https://www.facebook.com/brightplanet/ 
Instagram: https://www.instagram.com/brightside.official 
TikTok: https://www.tiktok.com/@brightside.official?lang=en 

Stock materials (photos, footages and other): 
https://www.depositphotos.com 
https://www.shutterstock.com 
https://www.eastnews.ru 
---------------------------------------------------------------------------------------- 
For more videos and articles visit: http://www.brightside.me 
---------------------------------------------------------------------------------------- 
This video is made for entertainment purposes. We do not make any warranties about the completeness, safety and reliability. Any action you take upon the information in this video is strictly at your own risk, and we will not be liable for any damages or losses. It is the viewer's responsibility to use judgement, care and precaution if you plan to replicate.",2025-12-01T16:00:28Z,"['animal facts', 'brightside', 'brightsideglobal', 'creepy ocean creatures', 'curiosities', 'deep ocean creatures', 'deep sea', 'deep sea animals', 'deep sea exploration', 'deep sea giants', 'deep sea horror', 'earth', 'giant isopod', 'giant sea animals', 'marine life', 'mystery', 'ocean creatures', 'ocean facts', 'ocean giants', 'ocean mysteries', 'ocean science', 'planet', 'scary ocean', 'sea monsters', 'strange sea animals', 'underwater world', 'wild ocean', 'world']",24,en,en,https://i.ytimg.com/vi/8pF7a8AGgS4/default.jpg,https://i.ytimg.com/vi/8pF7a8AGgS4/hqdefault.jpg,PT17M25S,5640,121,7,public,UC4rlAVgAK0SGk-yTfe48Qpw,BRIGHT SIDE,"Whether you’re into recent discoveries, space exploration, true stories, fitness, fun tests, and riddles, or useful tips for self-improvement, psychology, gadgets, or just your day-to-day routine, there’s something for everyone!

You can expect all that and more coming at you in 3 top-quality videos every single day. If you’ve got a thirst for knowledge that never quits, then join a community of tens of millions and growing! We have a good time, so take your shoes off, kick back, and make yourself at home here on the Bright Side of life!

Good news! We launched a new app for you 👉 http://bit.ly/Bs3App7
Join the world's largest community of good people! 😉

For brand partnership enquires: brands@thesoul-publishing.com",,https://yt3.ggpht.com/BimIuq2UYH1h-GQDEiV89I1dUEtpWVR8Mp_Q516vPN8rLw488Ap1G9ALhPUyqN8_HTPMbawTBDk=s88-c-k-c0x00ffffff-no-rj,44700000,10844,,,,,,,,,,,,,,,,,,,,,,,,,1045.0,strangest deep sea giants that make the ocean truly scary,nan
LaewAg_LnH4,Why Kuwait Built This $5B City in the Middle of the Desert,"Two of the most ambitious desert megaprojects ever attempted and the shocking truth behind them. In Kuwait, engineers carved an entire Sea City out of empty desert, creating 120 miles of artificial coastline and building neighborhoods around man-made lagoons. But why spend billions turning sand into water? Meanwhile in Saudi Arabia, the futuristic $2 trillion LINE city promised to reshape how humans live yet the project is now collapsing under its own weight. What really happened behind the scenes, and why is this bold vision falling apart?
Animation is created by Bright Side. 
---------------------------------------------------------------------------------------- 
Music from TheSoul Sound: https://thesoul-sound.com/ 

Check our Bright Side podcast on Spotify and leave a positive review! https://open.spotify.com/show/0hUkPxD34jRLrMrJux4VxV 
Subscribe to Bright Side: https://goo.gl/rQTJZz 
---------------------------------------------------------------------------------------- 
Our Social Media: 
Facebook: https://www.facebook.com/brightplanet/ 
Instagram: https://www.instagram.com/brightside.official 
TikTok: https://www.tiktok.com/@brightside.official?lang=en 

Stock materials (photos, footages and other): 
https://www.depositphotos.com 
https://www.shutterstock.com 
https://www.eastnews.ru 
---------------------------------------------------------------------------------------- 
For more videos and articles visit: http://www.brightside.me 
---------------------------------------------------------------------------------------- 
This video is made for entertainment purposes. We do not make any warranties about the completeness, safety and reliability. Any action you take upon the information in this video is strictly at your own risk, and we will not be liable for any damages or losses. It is the viewer's responsibility to use judgement, care and precaution if you plan to replicate.",2025-12-01T10:21:17Z,"['artificial lagoon city', 'brightside', 'brightsideglobal', 'curiosities', 'desert construction', 'desert engineering', 'earth', 'future cities', 'infrastructure megaprojects', 'kuwait megaproject', 'mega project', 'middle east projects', 'mystery', 'neom project', 'planet', 'sabah al ahmad sea city', 'saudi arabia the line', 'saudi megaproject fail', 'sea city kuwait', 'the line megacity', 'urban engineering', 'why megaprojects fail', 'world']",27,en,en-US,https://i.ytimg.com/vi/LaewAg_LnH4/default.jpg,https://i.ytimg.com/vi/LaewAg_LnH4/hqdefault.jpg,PT17M54S,8278,180,7,public,UC4rlAVgAK0SGk-yTfe48Qpw,BRIGHT SIDE,"Whether you’re into recent discoveries, space exploration, true stories, fitness, fun tests, and riddles, or useful tips for self-improvement, psychology, gadgets, or just your day-to-day routine, there’s something for everyone!

You can expect all that and more coming at you in 3 top-quality videos every single day. If you’ve got a thirst for knowledge that never quits, then join a community of tens of millions and growing! We have a good time, so take your shoes off, kick back, and make yourself at home here on the Bright Side of life!

Good news! We launched a new app for you 👉 http://bit.ly/Bs3App7
Join the world's largest community of good people! 😉

For brand partnership enquires: brands@thesoul-publishing.com",,https://yt3.ggpht.com/BimIuq2UYH1h-GQDEiV89I1dUEtpWVR8Mp_Q516vPN8rLw488Ap1G9ALhPUyqN8_HTPMbawTBDk=s88-c-k-c0x00ffffff-no-rj,44700000,10844,"The Museum of Bad Art, or MOA in short, used to be located in an old basement in Daam, Massachusetts. And currently, you can find it in Somerville, Massachusetts. It only accepts art pieces that are so bad you just can't ignore them. Their collection includes portraits. Get it? That's the name they use for portraits and some really outrageous landscapes. There's also the Moa Zoo featuring really unfortunate depictions of our furry friends. Like any self-respecting museum, they also have a gift shop where you can purchase some prints, postcards, or even a coffee mug with your favorite bad art. Speaking of really unique experiences, how would you like to spend time in jail without actually having to break the law? In Scotland, there's a place called Inver Jail. It's an actual former prison that dates back to the 1800s where tourists can experience 19th century jail life. There are characters dressed in authentic costumes that make it even more realistic. You can participate in courtroom trials and work with other inmates. In Suan, South Korea, visitors can check out a theme park built around the history and culture of toilets. It was opened in memory of the former city mayor. He dedicated a lot of time and local resources to improving the city's public toilets and sewer system. It goes without saying that this place has a lot of toilet themed art documenting the world's restroom culture. You'll find everything here from men's and women's bathroom signs from around the globe to photographs of public toilets and information about the importance of sanitary facilities. a designer store in the middle of the desert. If you happen to pass by Texas, you'll find a Prada store on an empty stretch of US90 outside of the small town of Valentine, about 150 mi from El Paso. Two Berlin artists wanted to offer Texans the high-end experience, sort of. That's because the Curious Store has no door to access it and its 20 left foot shoes and six purses set on display. Surprisingly, the store was built with the blessing of Miuchia Prada herself, the head designer of the brand. Can you imagine living in a city where you have your own beach access to a lagoon that leads directly into the sea? That might be possible in the near future if you don't mind relocating to Sabah Almad Sea City in Kiran, Kuwait. This engineering masterpiece was inaugurated in 2016. Its canals form 120 m of artificial shoreline. All those human-made islands were built by excavating large channels in the desert rather than using reclaimed land as was done previously in similar conditions. Before visiting this museum, you have to take off the shoes you've been wearing and put on special slippers that won't damage the artwork because it's everywhere. It's called the Electric Ladyland and it's the world's first museum of fluorescent art. The owner, Nick Paladino, exhibits here a lot of his own sculptures and even naturally luminescent rocks along with other human-made glowing objects. One portion of this art gallery features paintings that shift color under UV light. The soundtrack is awesome, too. You'll hear a lot of the Beatles and Jimmyi Hendris. Upside down houses seem to be quite a tourist attraction. You can find them in many countries such as Japan, Poland, Germany, and Austria. One of the best ones to visit is located in Malaysia. It's called Ruma Turbo Upside Down House. It uses recycled wood and other natural materials to recreate a local atmosphere. It was opened back in 2012 and soon became a popular tourist attraction with its upside down furniture and wacky household appliances. There's even an upside down car parked in the garage. A spa- themed park located in Hakon, Japan, provides tourists with an interesting array of hot springs. Some of them are quite unusual, especially the unique noodle bar, where visitors can literally swim in a bowl of ramen. It's not for tasting, though, since it's still a public space. The Dead Marsh in Namibia offers a cool experience, which makes you think you're frozen in time. Since there's no water here and temperatures are really high, this sparse forest is made out of skeleton trees that haven't been alive for more than 600 years. Since there's little to no humidity, the remaining vegetation cannot fall apart, leaving behind this odd natural landscape, it even became the set for some sci-fi movies. Spoiler alert. But the paper house located north of Boston, Massachusetts, is actually a house made completely out of paper furniture and all. It was built by Ellis F. Stenman, the man behind the machine that makes paper clips. Back in the 1920s, he basically wanted a two room summer home for him and his family. It took him over 20 years to complete since the house was made of about 100,000 newspapers. Just make sure you don't bring any lighters. Capidoshia Cave Hotel in Turkey is a great place to stay for both history buffs and people who are into modern and luxurious decor. All of the rooms and suites are located inside the local cave dwellings dating back to the Roman and Byzantine periods. Capidoshia is also famous for its hot air balloon tours. One of the reasons is because it's not very windy here and the view of the city is really beautiful, especially during sunset. The small Indian town of Deshnock certainly wouldn't be on your vacation list if you don't like rats. A 14th century legend has it that the rats living here are to be protected and nurtured. Over 20,000 rats live inside this famous location these days. Since they've been living there for so long, the rats are quite friendly with both locals and tourists. The Battle of the Oranges is a local festival happening each year in late February in a small Italian town of Iria. The local myth has it that the carnival de Iria started back in the Middle Ages. That's when locals stood against a hated ruler by throwing oranges at him in protest. It sounds like fun to join thousands of participants gathering there for 3 days to throw some oranges. Just don't forget to duck. Sucatra Island in Yemen was separated from mainland Africa more than 6 million years ago. That's probably one of the reasons why this secluded island looks more like the set of a fantasy movie than a real location. The island has some incredible and unique flora. Most of the plants and trees that grow here are not found anywhere else in the world. Like for example, the ancient twisted dragon's blood tree or the bulbous bottle tree. Japan's Tashiroima is rightly nicknamed Cat Island since it has a population of 100,000 humans and almost four times as many felines. The cats were initially brought here since the island produced a lot of silk and mice like silk worms a lot. More so, the cats were seen as a sign of good luck. There are even cat-shaped cabins for tourists to settle in. And it probably goes without saying that dogs aren't allowed there. There are about 1,700 weirdly shaped hills in the middle of Bohal Island in the Philippines. They're so unique that you might easily mistake them for humanmade. They are however part of the UNESCO heritage since they are naturally made out of coral deposits and shaped by rainwater erosion. Because of their quirky look, they earned the nickname of chocolate hills. Since during the dry season, their exterior goes from lush green to brown. Big fan of cascading pools? Then make sure to check out another UNESCO World Heritage site located in Pumacali, Turkey. The name means cotton castle in Turkish. It's set in the ancient ruins of Hiereropoulos, a city that was built around the pools. Their crystal clear waters cascade from natural springs down to white travertine terraces. The view is so beautiful that you won't know what to do at first. Take a picture or jump in. You're standing in the middle of a vast empty desert in Saudi Arabia. But in the middle of that emptiness, two enormous mirrored skyscrapers rise side by side in perfect parallel to each other. This isn't just some sci-fi concept. It's the line. The centerpiece of Saudi Arabia's boldest urban project yet. Now, Saudi Arabia is already home to some of the most ambitious architecture in the world. From Riyad's King Abdullah financial district to the iconic Abra Albade powers in Mecca, they've been working hard for years. But the line is in a league of its own. This project was announced in 2021 and it is part of a larger vision for the country's future called NEO. A $500 billion mega project designed to redefine how people live, work, and interact with the environment. I mean, what could go wrong, right? Well, I don't know, but Nadmi al-Naser, the longtime chief executive of the ambitious project, has recently departed. Suspicious. Even more so because Neom's statement issued soon after did not give any plausible reason for his departure. Then the line project itself was originally expected to cost around $200 billion. But by 2024, that number had skyrocketed to a mind-blowing $2 trillion. That's about twice Saudi Arabia's entire GDP. And if you ask independent experts, they think it could end up costing even more. At first, the plan was to build about 10 mi of the project and have 1 and a2 million people living there by 2030. By now, the expectations are way more modest. Only just under 1.5 m are likely to be done by 2030 with fewer than 300,000 residents. The project has come across a lot of problems along the way. Engineering issues and management problems have caused major delays, and progress hasn't been as fast as hoped. And now, let's figure out what exactly is the line. It's a literal city made up of two parallel skyscrapers, each towering 1,640 ft high. That's higher than almost all the tallest skyscrapers in the world. These skyscrapers are 656 ft wide and stretch for a mind-boggling 106 mi across the northwest of Saudi Arabia, right near the Red Sea. The most astounding thing, the entire city is actually within this one structure. There are no cars, no roads, no emissions, but we'll go into detail a bit later. The complex is supposed to house 9 million people. And all of this running entirely on clean energy. Such a project aligns perfectly with Saudi Arabia's ambitious vision 2030 plan. The outside of the skyscrapers will be covered in mirrors that will reflect the surrounding desert landscape, creating an almost seamless blend between the city and its surroundings. Inside, there will be lush parks, cascading waterfalls, flying taxis, and even robot helpers to take care of everyday tasks. They're also planning to make an artificial moon as part of the city's design. One more thing that makes the line so unique is its design. Unlike traditional cities that spread out horizontally, the line is vertical. Everything, homes, offices, parks, schools, shopping centers are stacked on top of each other in layers. This means that residents won't need to travel long distances to get what they need. In fact, the designers promise that all amenities will be within a 5-minute walk from anywhere in the city. And while it's compact in width, the city's vertically layered structure means it can comfortably fit all 9 million residents while leaving plenty of room for parks, natural spaces, and modern conveniences. There's even a plan for year round climate control, keeping both indoor and outdoor spaces at comfortable temperatures. No matter how harsh the desert weather gets. Of course, even with everything close by, people will still need to get around the city. Worry not, the line has it covered in the most futuristic way possible. It features a high-speed train system that will travel from one end of the city to the other in just 20 minutes. That's 106 mi in 20 minutes with only four stops along the way. Imagine being able to get anywhere in the city faster than you could drive across town in most places today. Besides the train, the line will also have autonomous vehicles. Those will be cars and shuttles driving themselves with the help of advanced technology. They will handle everything from parking to going around obstacles. Even cooler, in the line, every car, train, and any other piece of infrastructure will be connected in a huge network called the Internet of Things. Sensors and real-time data will allow traffic to flow smoothly, preventing delays and reducing congestion. They first spoke about the Neon project in 2017. Besides the line, NEOM is supposed to include an octagon-shaped floating industrial city and a posh mountain ski resort. There, Saudi Arabia will host the Asian Winter Games in 2029. Plus, there will be the world's largest green energy plant, which will make the region self-sufficient and sustainable. The goal of NEOM is to attract people from around the world, not just to visit, but to live there. residents will even be given their own identity. Naomians, not everyone thinks this construction is a good idea. Some urban planners and architects have pointed out pretty big flaws in the city's straight line layout. You see, in a regular city like Johannesburg, which covers way more ground than the line, two random people are usually only about 20 m apart. But in the line, the average distance between two random people would be 35 miles. That's almost double. Even though the line's overall area is way smaller, this setup could make it harder for people to connect socially and might be a pain to navigate, even with a high-speed train zipping through it. Now, they promise that every resident will have everything they need within a 5-minute walk. But there are doubts, too. People wonder if living in a super compact stacked up design might end up feeling claustrophobic or even too much to handle. As for the whole mirrored exterior idea, it looks pretty cool in renderings, but there's an opinion it could actually mess with the environment. Reflecting all that sunlight in a desert might disturb local wildlife or create unexpected heat issues. The line's high-tech features sound amazing, but they come with their own set of headaches. The city is supposed to run on the internet of things tech and autonomous vehicles. Sounds awesome, right? But how are they going to pull that off for a 106 m long city? For things to run smoothly, every piece of tech, cars, trains, infrastructure needs to be perfectly in sync, sharing tons of realtime data. If there's even a tiny glitch, it could throw a wrench into daily life for millions of people. Then there's that high-speed train. It does sound like a dream, but actually building and keeping it running in the middle of a desert is not so easy. The heat, shifting sands, and wear and tear on the tracks could cause big delays and rack up costs pretty quickly. People around the world are questioning if the line is even doable. The first inhabitants were supposed to start living there by 2030, but there are reports about scaling the project back, so that deadline feels like a big stretch. There's also a sustainability issue. The line is supposed to have zero emissions and 100% clean energy, but building something so massive is bound to take tons of resources. With all these challenges, Saudi Arabia is looking into new ways to fund the line and figure out which parts of their vision 2030 projects to prioritize. An insider has recently said that some projects might go ahead as planned, while others could be delayed or scaled down. This lines up with what Ali Shahhabi, who's on NEM's advisory board, has said. He admitted that the vision 2030 goals were always meant to be super ambitious, like almost too ambitious. But he argued that even if they only pull off part of it in time, it'll still be a big deal. That's it for today. So hey, if you pacified your curiosity, then give the video a like and share it with your friends. Or if you want more, just click on these",,,,,,,,,,,,,,,,,,,,,,,,1074.0,why kuwait built this 5b city in the middle of the desert,the museum of bad art or moa in short used to be located in an old basement in daam massachusetts and currently you can find it in somerville massachusetts it only accepts art pieces that are so bad you just can t ignore them their collection includes portraits get it that s the name they use for portraits and some really outrageous landscapes there s also the moa zoo featuring really unfortunate depictions of our furry friends like any self respecting museum they also have a gift shop where you can purchase some prints postcards or even a coffee mug with your favorite bad art speaking of really unique experiences how would you like to spend time in jail without actually having to break the law in scotland there s a place called inver jail it s an actual former prison that dates back to the 1800s where tourists can experience 19th century jail life there are characters dressed in authentic costumes that make it even more realistic you can participate in courtroom trials and work with other inmates in suan south korea visitors can check out a theme park built around the history and culture of toilets it was opened in memory of the former city mayor he dedicated a lot of time and local resources to improving the city s public toilets and sewer system it goes without saying that this place has a lot of toilet themed art documenting the world s restroom culture you ll find everything here from men s and women s bathroom signs from around the globe to photographs of public toilets and information about the importance of sanitary facilities a designer store in the middle of the desert if you happen to pass by texas you ll find a prada store on an empty stretch of us90 outside of the small town of valentine about 150 mi from el paso two berlin artists wanted to offer texans the high end experience sort of that s because the curious store has no door to access it and its 20 left foot shoes and six purses set on display surprisingly the store was built with the blessing of miuchia prada herself the head designer of the brand can you imagine living in a city where you have your own beach access to a lagoon that leads directly into the sea that might be possible in the near future if you don t mind relocating to sabah almad sea city in kiran kuwait this engineering masterpiece was inaugurated in 2016 its canals form 120 m of artificial shoreline all those human made islands were built by excavating large channels in the desert rather than using reclaimed land as was done previously in similar conditions before visiting this museum you have to take off the shoes you ve been wearing and put on special slippers that won t damage the artwork because it s everywhere it s called the electric ladyland and it s the world s first museum of fluorescent art the owner nick paladino exhibits here a lot of his own sculptures and even naturally luminescent rocks along with other human made glowing objects one portion of this art gallery features paintings that shift color under uv light the soundtrack is awesome too you ll hear a lot of the beatles and jimmyi hendris upside down houses seem to be quite a tourist attraction you can find them in many countries such as japan poland germany and austria one of the best ones to visit is located in malaysia it s called ruma turbo upside down house it uses recycled wood and other natural materials to recreate a local atmosphere it was opened back in 2012 and soon became a popular tourist attraction with its upside down furniture and wacky household appliances there s even an upside down car parked in the garage a spa themed park located in hakon japan provides tourists with an interesting array of hot springs some of them are quite unusual especially the unique noodle bar where visitors can literally swim in a bowl of ramen it s not for tasting though since it s still a public space the dead marsh in namibia offers a cool experience which makes you think you re frozen in time since there s no water here and temperatures are really high this sparse forest is made out of skeleton trees that haven t been alive for more than 600 years since there s little to no humidity the remaining vegetation cannot fall apart leaving behind this odd natural landscape it even became the set for some sci fi movies spoiler alert but the paper house located north of boston massachusetts is actually a house made completely out of paper furniture and all it was built by ellis f stenman the man behind the machine that makes paper clips back in the 1920s he basically wanted a two room summer home for him and his family it took him over 20 years to complete since the house was made of about 100 000 newspapers just make sure you don t bring any lighters capidoshia cave hotel in turkey is a great place to stay for both history buffs and people who are into modern and luxurious decor all of the rooms and suites are located inside the local cave dwellings dating back to the roman and byzantine periods capidoshia is also famous for its hot air balloon tours one of the reasons is because it s not very windy here and the view of the city is really beautiful especially during sunset the small indian town of deshnock certainly wouldn t be on your vacation list if you don t like rats a 14th century legend has it that the rats living here are to be protected and nurtured over 20 000 rats live inside this famous location these days since they ve been living there for so long the rats are quite friendly with both locals and tourists the battle of the oranges is a local festival happening each year in late february in a small italian town of iria the local myth has it that the carnival de iria started back in the middle ages that s when locals stood against a hated ruler by throwing oranges at him in protest it sounds like fun to join thousands of participants gathering there for 3 days to throw some oranges just don t forget to duck sucatra island in yemen was separated from mainland africa more than 6 million years ago that s probably one of the reasons why this secluded island looks more like the set of a fantasy movie than a real location the island has some incredible and unique flora most of the plants and trees that grow here are not found anywhere else in the world like for example the ancient twisted dragon s blood tree or the bulbous bottle tree japan s tashiroima is rightly nicknamed cat island since it has a population of 100 000 humans and almost four times as many felines the cats were initially brought here since the island produced a lot of silk and mice like silk worms a lot more so the cats were seen as a sign of good luck there are even cat shaped cabins for tourists to settle in and it probably goes without saying that dogs aren t allowed there there are about 1 700 weirdly shaped hills in the middle of bohal island in the philippines they re so unique that you might easily mistake them for humanmade they are however part of the unesco heritage since they are naturally made out of coral deposits and shaped by rainwater erosion because of their quirky look they earned the nickname of chocolate hills since during the dry season their exterior goes from lush green to brown big fan of cascading pools then make sure to check out another unesco world heritage site located in pumacali turkey the name means cotton castle in turkish it s set in the ancient ruins of hiereropoulos a city that was built around the pools their crystal clear waters cascade from natural springs down to white travertine terraces the view is so beautiful that you won t know what to do at first take a picture or jump in you re standing in the middle of a vast empty desert in saudi arabia but in the middle of that emptiness two enormous mirrored skyscrapers rise side by side in perfect parallel to each other this isn t just some sci fi concept it s the line the centerpiece of saudi arabia s boldest urban project yet now saudi arabia is already home to some of the most ambitious architecture in the world from riyad s king abdullah financial district to the iconic abra albade powers in mecca they ve been working hard for years but the line is in a league of its own this project was announced in 2021 and it is part of a larger vision for the country s future called neo a 500 billion mega project designed to redefine how people live work and interact with the environment i mean what could go wrong right well i don t know but nadmi al naser the longtime chief executive of the ambitious project has recently departed suspicious even more so because neom s statement issued soon after did not give any plausible reason for his departure then the line project itself was originally expected to cost around 200 billion but by 2024 that number had skyrocketed to a mind blowing 2 trillion that s about twice saudi arabia s entire gdp and if you ask independent experts they think it could end up costing even more at first the plan was to build about 10 mi of the project and have 1 and a2 million people living there by 2030 by now the expectations are way more modest only just under 1 5 m are likely to be done by 2030 with fewer than 300 000 residents the project has come across a lot of problems along the way engineering issues and management problems have caused major delays and progress hasn t been as fast as hoped and now let s figure out what exactly is the line it s a literal city made up of two parallel skyscrapers each towering 1 640 ft high that s higher than almost all the tallest skyscrapers in the world these skyscrapers are 656 ft wide and stretch for a mind boggling 106 mi across the northwest of saudi arabia right near the red sea the most astounding thing the entire city is actually within this one structure there are no cars no roads no emissions but we ll go into detail a bit later the complex is supposed to house 9 million people and all of this running entirely on clean energy such a project aligns perfectly with saudi arabia s ambitious vision 2030 plan the outside of the skyscrapers will be covered in mirrors that will reflect the surrounding desert landscape creating an almost seamless blend between the city and its surroundings inside there will be lush parks cascading waterfalls flying taxis and even robot helpers to take care of everyday tasks they re also planning to make an artificial moon as part of the city s design one more thing that makes the line so unique is its design unlike traditional cities that spread out horizontally the line is vertical everything homes offices parks schools shopping centers are stacked on top of each other in layers this means that residents won t need to travel long distances to get what they need in fact the designers promise that all amenities will be within a 5 minute walk from anywhere in the city and while it s compact in width the city s vertically layered structure means it can comfortably fit all 9 million residents while leaving plenty of room for parks natural spaces and modern conveniences there s even a plan for year round climate control keeping both indoor and outdoor spaces at comfortable temperatures no matter how harsh the desert weather gets of course even with everything close by people will still need to get around the city worry not the line has it covered in the most futuristic way possible it features a high speed train system that will travel from one end of the city to the other in just 20 minutes that s 106 mi in 20 minutes with only four stops along the way imagine being able to get anywhere in the city faster than you could drive across town in most places today besides the train the line will also have autonomous vehicles those will be cars and shuttles driving themselves with the help of advanced technology they will handle everything from parking to going around obstacles even cooler in the line every car train and any other piece of infrastructure will be connected in a huge network called the internet of things sensors and real time data will allow traffic to flow smoothly preventing delays and reducing congestion they first spoke about the neon project in 2017 besides the line neom is supposed to include an octagon shaped floating industrial city and a posh mountain ski resort there saudi arabia will host the asian winter games in 2029 plus there will be the world s largest green energy plant which will make the region self sufficient and sustainable the goal of neom is to attract people from around the world not just to visit but to live there residents will even be given their own identity naomians not everyone thinks this construction is a good idea some urban planners and architects have pointed out pretty big flaws in the city s straight line layout you see in a regular city like johannesburg which covers way more ground than the line two random people are usually only about 20 m apart but in the line the average distance between two random people would be 35 miles that s almost double even though the line s overall area is way smaller this setup could make it harder for people to connect socially and might be a pain to navigate even with a high speed train zipping through it now they promise that every resident will have everything they need within a 5 minute walk but there are doubts too people wonder if living in a super compact stacked up design might end up feeling claustrophobic or even too much to handle as for the whole mirrored exterior idea it looks pretty cool in renderings but there s an opinion it could actually mess with the environment reflecting all that sunlight in a desert might disturb local wildlife or create unexpected heat issues the line s high tech features sound amazing but they come with their own set of headaches the city is supposed to run on the internet of things tech and autonomous vehicles sounds awesome right but how are they going to pull that off for a 106 m long city for things to run smoothly every piece of tech cars trains infrastructure needs to be perfectly in sync sharing tons of realtime data if there s even a tiny glitch it could throw a wrench into daily life for millions of people then there s that high speed train it does sound like a dream but actually building and keeping it running in the middle of a desert is not so easy the heat shifting sands and wear and tear on the tracks could cause big delays and rack up costs pretty quickly people around the world are questioning if the line is even doable the first inhabitants were supposed to start living there by 2030 but there are reports about scaling the project back so that deadline feels like a big stretch there s also a sustainability issue the line is supposed to have zero emissions and 100 clean energy but building something so massive is bound to take tons of resources with all these challenges saudi arabia is looking into new ways to fund the line and figure out which parts of their vision 2030 projects to prioritize an insider has recently said that some projects might go ahead as planned while others could be delayed or scaled down this lines up with what ali shahhabi who s on nem s advisory board has said he admitted that the vision 2030 goals were always meant to be super ambitious like almost too ambitious but he argued that even if they only pull off part of it in time it ll still be a big deal that s it for today so hey if you pacified your curiosity then give the video a like and share it with your friends or if you want more just click on these
DdfBR-nSZ2g,Scientists Create the First Model That Could Allow Time Travel,"Scientists have just revealed a theoretical model that sounds like it was ripped straight out of science fiction — but it’s real physics, not fantasy. This new idea suggests there might be a way to bend spacetime so intensely that you could loop back and revisit a moment in the past. It’s not a time machine yet, but it’s the closest we’ve ever come to a roadmap. And the craziest part? The equations don’t break the laws of physics… at least not the ones we know today. In this video, we dive into how this mind-bending model works, why it’s blowing scientists’ minds, and what it would mean if time travel stopped being fiction and started becoming a possibility.
Credit:
Justice League / Warner Bros.
Back to the Future Part II / Universal Pictures
Back to the Future / Universal Pictures
Stargate / Canal+
Synchronic / Patriot Pictures
The Langoliers / Alliance Films
Loki / Marvel Studios
Clockstoppers / Paramount Pictures
The Flash / DC Films
Lost in Space / New Line Cinema
Star Trek Into Darkness / Paramount Pictures
Star Trek Beyond / Paramount Pictures
The Terminator / Hemdale
CC BY 2.0 https://creativecommons.org/licenses/by/2.0:
Miguel Alcubierre Moya: By Campus Party Mexico powered by MoviStar (alviseni) - https://flic.kr/p/a6jLQc, CC BY 2.0, https://commons.wikimedia.org/w/index.php?curid=19087552
CC BY-SA 3.0 https://creativecommons.org/licenses/by-sa/3.0/:
Moebiusband wikipedia animation: By MatthiasKabel, https://commons.wikimedia.org/wiki/File:Moebiusband_wikipedia_animation.ogv
CC BY-SA 4.0 https://creativecommons.org/licenses/by-sa/4.0:
Animation is created by Bright Side.

---------------------------------------------------------------------------------------- 
Music from TheSoul Sound: https://thesoul-sound.com/ 

Check our Bright Side podcast on Spotify and leave a positive review! https://open.spotify.com/show/0hUkPxD34jRLrMrJux4VxV 
Subscribe to Bright Side: https://goo.gl/rQTJZz 
---------------------------------------------------------------------------------------- 
Our Social Media: 
Facebook: https://www.facebook.com/brightplanet/ 
Instagram: https://www.instagram.com/brightside.official 
TikTok: https://www.tiktok.com/@brightside.official?lang=en 

Stock materials (photos, footages and other): 
https://www.depositphotos.com 
https://www.shutterstock.com 
https://www.eastnews.ru 
---------------------------------------------------------------------------------------- 
For more videos and articles visit: http://www.brightside.me 
---------------------------------------------------------------------------------------- 
This video is made for entertainment purposes. We do not make any warranties about the completeness, safety and reliability. Any action you take upon the information in this video is strictly at your own risk, and we will not be liable for any damages or losses. It is the viewer's responsibility to use judgement, care and precaution if you plan to replicate.",2025-12-01T00:00:30Z,"['brightside', 'closed timelike curves', 'cosmic mysteries', 'future science concepts', 'impossible science', 'mystery', 'new physics breakthrough', 'quantum physics ideas', 'science breakthroughs', 'scientific discovery 2025', 'scientists discover time travel', 'space and time explained', 'spacetime bending theory', 'spacetime theory', 'time loop physics', 'time machine theory', 'time paradox ideas', 'time travel', 'time travel documentary', 'time travel model', 'time travel science', 'timelike curves', 'wormhole theory']",24,en-US,en-US,https://i.ytimg.com/vi/DdfBR-nSZ2g/default.jpg,https://i.ytimg.com/vi/DdfBR-nSZ2g/hqdefault.jpg,PT9M16S,33863,603,79,public,UC4rlAVgAK0SGk-yTfe48Qpw,BRIGHT SIDE,"Whether you’re into recent discoveries, space exploration, true stories, fitness, fun tests, and riddles, or useful tips for self-improvement, psychology, gadgets, or just your day-to-day routine, there’s something for everyone!

You can expect all that and more coming at you in 3 top-quality videos every single day. If you’ve got a thirst for knowledge that never quits, then join a community of tens of millions and growing! We have a good time, so take your shoes off, kick back, and make yourself at home here on the Bright Side of life!

Good news! We launched a new app for you 👉 http://bit.ly/Bs3App7
Join the world's largest community of good people! 😉

For brand partnership enquires: brands@thesoul-publishing.com",,https://yt3.ggpht.com/BimIuq2UYH1h-GQDEiV89I1dUEtpWVR8Mp_Q516vPN8rLw488Ap1G9ALhPUyqN8_HTPMbawTBDk=s88-c-k-c0x00ffffff-no-rj,44700000,10844,,,,,,,,,,,,,,,,,,,,,,,,,556.0,scientists create the first model that could allow time travel,nan
bx-aREM0HeA,Disturbing Truth About Profiting from the Titanic Wreck,"Step into one of the most controversial chapters of maritime history. The Titanic wreck isn’t just a tragedy frozen in time — it’s become a source of profit, debate, and ethical questions. Many people don’t realize how much money has quietly circulated around its artifacts, expeditions, and exhibitions. In this video, we uncover how the world turned a disaster into a multi-million-dollar industry. And trust me, the deeper you go, the stranger it gets. Let’s explore the disturbing truth behind profiting from the Titanic’s grave.
Credit:
Rosarito-titanic: By Winstonlee, FAL, https://commons.wikimedia.org/w/index.php?curid=2219175
CC BY 3.0 https://creativecommons.org/licenses/by/3.0:
Titanic Museum 2021: By Sathiya's Vlog / YouTube, https://commons.wikimedia.org/wiki/File:Inside_the_Titanic_Museum_2021_in_Tamil_--_Branson_--_Missouri_--_USA.webm
CC BY 2.0 https://creativecommons.org/licenses/by/2.0:
Dr Robert Ballard: By Titanic Belfast - https://flic.kr/p/CLhVVn, https://commons.wikimedia.org/w/index.php?curid=85383233
Titanic's Marconi appartus: By Cliff1066, https://commons.wikimedia.org/w/index.php?curid=10317211
CC BY-SA 3.0 https://creativecommons.org/licenses/by-sa/3.0/:
James Cameron October 2012: By Angela George, https://commons.wikimedia.org/w/index.php?curid=65001758
Titanic's bolts: By User 699, https://commons.wikimedia.org/w/index.php?curid=33988402
CC BY-SA 2.0 https://creativecommons.org/licenses/by-sa/2.0:
Titanic watch: By Digiblue, https://commons.wikimedia.org/w/index.php?curid=18465481
CC BY 4.0 https://creativecommons.org/licenses/by/4.0:
Mir-2: By Иркутский научный центр СО РАН, https://commons.wikimedia.org/w/index.php?curid=103492646
Sidney Goodwin’s Shoes: By Piratesswoop, https://commons.wikimedia.org/w/index.php?curid=150181151
Animation is created by Bright Side.

----------------------------------------------------------------------------------------
Music from TheSoul Sound: https://thesoul-sound.com/
 
Check our Bright Side podcast on Spotify and leave a positive review! https://open.spotify.com/show/0hUkPxD34jRLrMrJux4VxV
 
Subscribe to Bright Side: https://goo.gl/rQTJZz
----------------------------------------------------------------------------------------
Our Social Media:
Facebook: https://www.facebook.com/brightside
Instagram: https://www.instagram.com/brightside.official
TikTok: https://www.tiktok.com/@brightside.official?lang=en
Telegram: https://t.me/bright_side_official
 
Stock materials (photos, footages and other):
https://www.depositphotos.com
https://www.shutterstock.com
https://www.eastnews.ru
----------------------------------------------------------------------------------------
 For more videos and articles visit:
http://www.brightside.me
 ----------------------------------------------------------------------------------------
This video is made for entertainment purposes. We do not make any warranties about the completeness, safety and reliability. Any action you take upon the information in this video is strictly at your own risk, and we will not be liable for any damages or losses. It is the viewer's responsibility to use judgement, care and precaution if you plan to replicate.",2025-11-30T23:00:49Z,"['brightside', 'brightsideglobal', 'deep ocean truth', 'deep sea mysteries', 'expedition controversy', 'great shipwrecks', 'lost ship secrets', 'maritime history', 'mystery', 'ocean graveyard', 'ocean secrets', 'planet', 'real titanic story', 'shipwreck industry', 'shipwreck secrets', 'sunken ship mysteries', 'titanic', 'titanic artifacts', 'titanic documentary', 'titanic ethics', 'titanic money trail', 'titanic museum', 'titanic profit scandal', 'titanic treasures', 'underwater exploration', 'wreck discovery']",24,en-US,en-US,https://i.ytimg.com/vi/bx-aREM0HeA/default.jpg,https://i.ytimg.com/vi/bx-aREM0HeA/hqdefault.jpg,PT9M31S,3997,81,8,public,UC4rlAVgAK0SGk-yTfe48Qpw,BRIGHT SIDE,"Whether you’re into recent discoveries, space exploration, true stories, fitness, fun tests, and riddles, or useful tips for self-improvement, psychology, gadgets, or just your day-to-day routine, there’s something for everyone!

You can expect all that and more coming at you in 3 top-quality videos every single day. If you’ve got a thirst for knowledge that never quits, then join a community of tens of millions and growing! We have a good time, so take your shoes off, kick back, and make yourself at home here on the Bright Side of life!

Good news! We launched a new app for you 👉 http://bit.ly/Bs3App7
Join the world's largest community of good people! 😉

For brand partnership enquires: brands@thesoul-publishing.com",,https://yt3.ggpht.com/BimIuq2UYH1h-GQDEiV89I1dUEtpWVR8Mp_Q516vPN8rLw488Ap1G9ALhPUyqN8_HTPMbawTBDk=s88-c-k-c0x00ffffff-no-rj,44700000,10844,,,,,,,,,,,,,,,,,,,,,,,,,571.0,disturbing truth about profiting from the titanic wreck,nan
