id,title,description,publishedAt,tags,categoryId,defaultLanguage,defaultAudioLanguage,thumbnail_default,thumbnail_high,duration,viewCount,likeCount,commentCount,privacyStatus,channel_id,channel_title,channel_description,channel_country,channel_thumbnail,channel_subscriberCount,channel_videoCount
y4Ht2-Bir_M,Worst Flying Cars Ever Built (And Their Horrible Ends),"Flying cars sound futuristic and exciting, but some of the worst ones ever built ended in disaster because designers pushed wild ideas way past what engineering—and common sense—could handle. A few early inventors strapped wings onto regular cars, only to watch them crash, stall, or fall apart mid-air during their very first tests. Others tried bizarre hybrid designs that couldn’t decide if they wanted to be airplanes or automobiles, creating machines that failed at both and terrified anyone brave enough to try them. Even companies with big budgets learned the hard way that mixing road safety with flight physics can lead to fiery landings, snapped wings, and spectacularly bad prototypes.

Credit:
CBCNL / YouTube https://www.youtube.com/@CBCNL
flyhighsometimes / Reddit https://www.reddit.com/r/aviation/comments/11hfng6/when_a_ford_pinto_and_a_cessna_skymaster_had_a/
Beneficial-Cucumber1 / Reddit https://www.reddit.com/r/AbandonedPorn/comments/m0nyzm/raccoon_in_an_abandoned_ford_pinto/
Hot Rod Hoarder / YouTube https://www.youtube.com/watch?v=4AYdMUmRSZE
Animation is created by Bright Side.

----------------------------------------------------------------------------------------
Music from TheSoul Sound: https://thesoul-sound.com/
 
Check our Bright Side podcast on Spotify and leave a positive review! https://open.spotify.com/show/0hUkPxD34jRLrMrJux4VxV
 
Subscribe to Bright Side: https://goo.gl/rQTJZz
----------------------------------------------------------------------------------------
Our Social Media:
Facebook: https://www.facebook.com/brightside
Instagram: https://www.instagram.com/brightside.official
TikTok: https://www.tiktok.com/@brightside.official?lang=en
Telegram: https://t.me/bright_side_official
 
Stock materials (photos, footages and other):
https://www.depositphotos.com
https://www.shutterstock.com
https://www.eastnews.ru
----------------------------------------------------------------------------------------
 For more videos and articles visit:
http://www.brightside.me
 ----------------------------------------------------------------------------------------
This video is made for entertainment purposes. We do not make any warranties about the completeness, safety and reliability. Any action you take upon the information in this video is strictly at your own risk, and we will not be liable for any damages or losses. It is the viewer's responsibility to use judgement, care and precaution if you plan to replicate.",2025-12-10T00:01:12Z,"['aviation fails', 'bizarre aircraft designs', 'brightside', 'dangerous prototype vehicles', 'disastrous engineering attempts', 'engineering gone wrong', 'failed flying car designs', 'failed inventions history', 'flying car crashes', 'flying car disasters', 'flying car documentary', 'flying car failures', 'flying car history', 'horrible flying car prototypes', 'invention fails video', 'mystery', 'strange vehicle ideas', 'transportation fails', 'weird vehicle inventions', 'worst flying cars']",24,en-US,en-US,https://i.ytimg.com/vi/y4Ht2-Bir_M/default.jpg,https://i.ytimg.com/vi/y4Ht2-Bir_M/hqdefault.jpg,PT8M42S,2878,57,4,public,UC4rlAVgAK0SGk-yTfe48Qpw,BRIGHT SIDE,"Whether you’re into recent discoveries, space exploration, true stories, fitness, fun tests, and riddles, or useful tips for self-improvement, psychology, gadgets, or just your day-to-day routine, there’s something for everyone!

You can expect all that and more coming at you in 3 top-quality videos every single day. If you’ve got a thirst for knowledge that never quits, then join a community of tens of millions and growing! We have a good time, so take your shoes off, kick back, and make yourself at home here on the Bright Side of life!

Good news! We launched a new app for you 👉 http://bit.ly/Bs3App7
Join the world's largest community of good people! 😉

For brand partnership enquires: brands@thesoul-publishing.com",,https://yt3.ggpht.com/BimIuq2UYH1h-GQDEiV89I1dUEtpWVR8Mp_Q516vPN8rLw488Ap1G9ALhPUyqN8_HTPMbawTBDk=s88-c-k-c0x00ffffff-no-rj,44700000,10844
3PPZ55Y-Xz4,NASA Discovers a “Sister” Comet of 3I/ATLAS Racing Toward Earth,"NASA just spotted what looks like a “sister” comet to 3I/ATLAS racing through our solar system, and the discovery shocked astronomers because both objects seem to come from the same mysterious region of interstellar space. This new comet follows a similar path, moves at incredible speed, and behaves like it was formed under the exact same conditions as ATLAS, which was only the second confirmed interstellar comet ever found. Scientists say its trajectory brings it closer to Earth’s neighborhood than expected, giving us a rare chance to study material that didn’t form in our solar system at all. The strange chemistry, unusual brightness patterns, and odd behavior of both comets hint at secrets about how planets form around other stars.

Credit:
CC BY-SA 4.0 https://creativecommons.org/licenses/by-sa/4.0/deed.en
Gennady Borisov: by Topp https://commons.wikimedia.org/wiki/File:Gennady_Borisov.jpg
1I/'Oumuamua and 2I/Borisov: by ESO https://commons.wikimedia.org/wiki/File:ESOcast_224.webm
Rubin Oort Cloud and Kuiper Belt Illustration: by RubinObs / NOIRLab / SLAC / NSF / DOE / AURA https://commons.wikimedia.org/wiki/File:Rubin_Oort_Cloud_and_Kuiper_Belt_Illustration_(rubin-Oort-Cloud-and-Kuiper-Belt).jpg
Interstellar objects: by Tony873004 https://commons.wikimedia.org/wiki/File:A_comparison_of_two_interstellar_objects_passing_through_our_solar_system.gif
Comet 3I ATLAS Moon: by Raysastrophotograhy https://commons.wikimedia.org/wiki/File:Comet_3I_ATLAS_Moon_16Nov2025.webm
3I ATLAS animation: by CSS, D. Rankin; Video recorded and edited by User:Renerpho https://commons.wikimedia.org/wiki/File:3I_ATLAS_animation1.webm
Oumuamua: by ESO / M.Kornmesser https://commons.wikimedia.org/wiki/File:Animation_of_artist%27s_concept_of_%60Oumuamua.webm
3I ATLAS animation: by CSS, D. Rankin; Video recorded and edited by User:Renerpho https://commons.wikimedia.org/wiki/File:3I_ATLAS_animation_3.webm
Comet 3I before passing Mars: by Filipp Romanov https://commons.wikimedia.org/wiki/File:Comet_3I_before_passing_Mars.jpg
Interstellar Visitor: by NASA's Scientific Visualization Studio - eMITS / Paul Morris https://commons.wikimedia.org/wiki/File:Interstellar_Visitor_is_Fastest_Comet_Ever_Recorded_(SVS14882_ATLAS_WIDE_MP4).webm
El Viaje de Bennu: by NASA https://commons.wikimedia.org/wiki/File:El_Viaje_de_Bennu.webm
Alien Composition of 2I-Borisov, 1st Interstellar Comet: by NASA https://commons.wikimedia.org/wiki/File:NASA_Reveals_Alien_Composition_of_2I-Borisov,_1st_Interstellar_Comet_NNOb3xrjOhE.webm
Animation is created by Bright Side.
---------------------------------------------------------------------------------------- 
Music from TheSoul Sound: https://thesoul-sound.com/ 

Check our Bright Side podcast on Spotify and leave a positive review! https://open.spotify.com/show/0hUkPxD34jRLrMrJux4VxV 
Subscribe to Bright Side: https://goo.gl/rQTJZz 
---------------------------------------------------------------------------------------- 
Our Social Media: 
Facebook: https://www.facebook.com/brightplanet/ 
Instagram: https://www.instagram.com/brightside.official 
TikTok: https://www.tiktok.com/@brightside.official?lang=en 

Stock materials (photos, footages and other): 
https://www.depositphotos.com 
https://www.shutterstock.com 
https://www.eastnews.ru 
---------------------------------------------------------------------------------------- 
For more videos and articles visit: http://www.brightside.me 
---------------------------------------------------------------------------------------- 
This video is made for entertainment purposes. We do not make any warranties about the completeness, safety and reliability. Any action you take upon the information in this video is strictly at your own risk, and we will not be liable for any damages or losses. It is the viewer's responsibility to use judgement, care and precaution if you plan to replicate.",2025-12-09T22:00:05Z,"['3i atlas sister comet', 'astronomy news', 'brightside', 'brightsideglobal', 'comet racing toward earth', 'comet study nasa', 'comet trajectory earth', 'cosmic mystery object', 'curiosities', 'deep space comet', 'earth', 'interstellar comet', 'interstellar object explained', 'interstellar travel objects', 'mystery', 'nasa comet discovery', 'nasa space update', 'new comet discovery', 'planet', 'rare comet event', 'solar system visitor', 'space science documentary', 'space visitors', 'unusual comet behavior', 'world']",24,en-US,en-US,https://i.ytimg.com/vi/3PPZ55Y-Xz4/default.jpg,https://i.ytimg.com/vi/3PPZ55Y-Xz4/hqdefault.jpg,PT9M54S,8497,94,8,public,UC4rlAVgAK0SGk-yTfe48Qpw,BRIGHT SIDE,"Whether you’re into recent discoveries, space exploration, true stories, fitness, fun tests, and riddles, or useful tips for self-improvement, psychology, gadgets, or just your day-to-day routine, there’s something for everyone!

You can expect all that and more coming at you in 3 top-quality videos every single day. If you’ve got a thirst for knowledge that never quits, then join a community of tens of millions and growing! We have a good time, so take your shoes off, kick back, and make yourself at home here on the Bright Side of life!

Good news! We launched a new app for you 👉 http://bit.ly/Bs3App7
Join the world's largest community of good people! 😉

For brand partnership enquires: brands@thesoul-publishing.com",,https://yt3.ggpht.com/BimIuq2UYH1h-GQDEiV89I1dUEtpWVR8Mp_Q516vPN8rLw488Ap1G9ALhPUyqN8_HTPMbawTBDk=s88-c-k-c0x00ffffff-no-rj,44700000,10844
aTJ8-1j5BhA,Scientists Uncover a Lost Ghost World Under Antarctica’s Ice,"Two fascinating discoveries push our understanding of Antarctica far beyond the icy surface we know. One reveals a preserved ancient landscape - rivers, valleys, and entire blocks of land frozen in place for more than 30 million years. The other uncovers strange signals rising from deep beneath the ice, hinting at hidden activity in one of the most remote and mysterious regions on Earth.
Animation is created by Bright Side. 
---------------------------------------------------------------------------------------- 
Music from TheSoul Sound: https://thesoul-sound.com/ 

Check our Bright Side podcast on Spotify and leave a positive review! https://open.spotify.com/show/0hUkPxD34jRLrMrJux4VxV 
Subscribe to Bright Side: https://goo.gl/rQTJZz 
---------------------------------------------------------------------------------------- 
Our Social Media: 
Facebook: https://www.facebook.com/brightplanet/ 
Instagram: https://www.instagram.com/brightside.official 
TikTok: https://www.tiktok.com/@brightside.official?lang=en 

Stock materials (photos, footages and other): 
https://www.depositphotos.com 
https://www.shutterstock.com 
https://www.eastnews.ru 
---------------------------------------------------------------------------------------- 
For more videos and articles visit: http://www.brightside.me 
---------------------------------------------------------------------------------------- 
This video is made for entertainment purposes. We do not make any warranties about the completeness, safety and reliability. Any action you take upon the information in this video is strictly at your own risk, and we will not be liable for any damages or losses. It is the viewer's responsibility to use judgement, care and precaution if you plan to replicate.",2025-12-09T18:00:02Z,"['amazing discoveries', 'ancient world', 'antarctica', 'brightside', 'brightsideglobal', 'cold places', 'curiosities', 'deep earth', 'earth', 'earth mysteries', 'frozen continent', 'green antarctica', 'hidden secrets', 'ice discoveries', 'mysterious places', 'mystery', 'nature facts', 'planet', 'planet earth', 'science facts', 'south pole', 'strange signals', 'subglacial secrets', 'surprising facts', 'under the ice', 'unknown worlds', 'weird science', 'world']",24,en,en,https://i.ytimg.com/vi/aTJ8-1j5BhA/default.jpg,https://i.ytimg.com/vi/aTJ8-1j5BhA/hqdefault.jpg,PT18M24S,6349,154,11,public,UC4rlAVgAK0SGk-yTfe48Qpw,BRIGHT SIDE,"Whether you’re into recent discoveries, space exploration, true stories, fitness, fun tests, and riddles, or useful tips for self-improvement, psychology, gadgets, or just your day-to-day routine, there’s something for everyone!

You can expect all that and more coming at you in 3 top-quality videos every single day. If you’ve got a thirst for knowledge that never quits, then join a community of tens of millions and growing! We have a good time, so take your shoes off, kick back, and make yourself at home here on the Bright Side of life!

Good news! We launched a new app for you 👉 http://bit.ly/Bs3App7
Join the world's largest community of good people! 😉

For brand partnership enquires: brands@thesoul-publishing.com",,https://yt3.ggpht.com/BimIuq2UYH1h-GQDEiV89I1dUEtpWVR8Mp_Q516vPN8rLw488Ap1G9ALhPUyqN8_HTPMbawTBDk=s88-c-k-c0x00ffffff-no-rj,44700000,10844
3Bls-1ZCL3w,The Pacific’s Most Dangerous Underwater Volcano Is Ready to Erupt,"The Pacific’s most dangerous underwater volcano looks like it’s gearing up for a major eruption, and scientists are watching it closely because the pressure building beneath the seafloor keeps rising. This volcano hides miles below the waves where sensors detect strange tremors, gas bursts, and sudden temperature spikes that usually mean magma is on the move. An eruption here could trigger massive steam explosions, underwater shockwaves, and even tsunamis depending on how the seafloor collapses. The region surrounding the volcano has a long history of violent activity, so every new signal raises the stakes and the urgency to understand what’s happening down there.

Animation is created by Bright Side. 
---------------------------------------------------------------------------------------- 
Music from TheSoul Sound: https://thesoul-sound.com/ 

Check our Bright Side podcast on Spotify and leave a positive review! https://open.spotify.com/show/0hUkPxD34jRLrMrJux4VxV 
Subscribe to Bright Side: https://goo.gl/rQTJZz 
---------------------------------------------------------------------------------------- 
Our Social Media: 
Facebook: https://www.facebook.com/brightplanet/ 
Instagram: https://www.instagram.com/brightside.official 
TikTok: https://www.tiktok.com/@brightside.official?lang=en 

Stock materials (photos, footages and other): 
https://www.depositphotos.com 
https://www.shutterstock.com 
https://www.eastnews.ru 
---------------------------------------------------------------------------------------- 
For more videos and articles visit: http://www.brightside.me 
---------------------------------------------------------------------------------------- 
This video is made for entertainment purposes. We do not make any warranties about the completeness, safety and reliability. Any action you take upon the information in this video is strictly at your own risk, and we will not be liable for any damages or losses. It is the viewer's responsibility to use judgement, care and precaution if you plan to replicate.",2025-12-09T16:00:04Z,"['brightside', 'brightsideglobal', 'curiosities', 'dangerous seafloor volcano', 'deep sea magma movement', 'earth', 'marine earthquake zone', 'mystery', 'ocean science documentary', 'ocean volcano activity', 'oceanic eruption danger', 'pacific ring of fire', 'pacific underwater volcano', 'planet', 'seafloor collapse signs', 'submarine volcano eruption', 'tsunami risk volcano', 'underwater eruption warning', 'underwater geology explained', 'volcanic activity underwater', 'volcanic tremors pacific', 'world']",24,en-US,en-US,https://i.ytimg.com/vi/3Bls-1ZCL3w/default.jpg,https://i.ytimg.com/vi/3Bls-1ZCL3w/hqdefault.jpg,PT18M40S,11204,242,17,public,UC4rlAVgAK0SGk-yTfe48Qpw,BRIGHT SIDE,"Whether you’re into recent discoveries, space exploration, true stories, fitness, fun tests, and riddles, or useful tips for self-improvement, psychology, gadgets, or just your day-to-day routine, there’s something for everyone!

You can expect all that and more coming at you in 3 top-quality videos every single day. If you’ve got a thirst for knowledge that never quits, then join a community of tens of millions and growing! We have a good time, so take your shoes off, kick back, and make yourself at home here on the Bright Side of life!

Good news! We launched a new app for you 👉 http://bit.ly/Bs3App7
Join the world's largest community of good people! 😉

For brand partnership enquires: brands@thesoul-publishing.com",,https://yt3.ggpht.com/BimIuq2UYH1h-GQDEiV89I1dUEtpWVR8Mp_Q516vPN8rLw488Ap1G9ALhPUyqN8_HTPMbawTBDk=s88-c-k-c0x00ffffff-no-rj,44700000,10844
C5rR-d47JRI,Huge Hole Rips Open in Yellowstone - Is It Starting?,"A massive hole suddenly opened in Yellowstone overnight, and people can’t stop wondering if this is the first sign of something much bigger happening beneath the park. Yellowstone already sits on top of one of the most powerful supervolcanoes on Earth, so any new crack, collapse, or ground deformation instantly grabs scientists’ attention. Geologists say shifting magma, hydrothermal explosions, or underground steam pressure could all create surprise openings like this, and each possibility raises new questions about what’s brewing below. Park officials rushed to investigate, but until they confirm the cause, the mystery is fueling fears, theories, and a whole lot of curiosity. And in this video, you’ll explore what triggered the giant hole and whether it hints at the beginning of something Yellowstone has been holding back for thousands of years.
Animation is created by Bright Side. 
---------------------------------------------------------------------------------------- 
Music from TheSoul Sound: https://thesoul-sound.com/ 

Check our Bright Side podcast on Spotify and leave a positive review! https://open.spotify.com/show/0hUkPxD34jRLrMrJux4VxV 
Subscribe to Bright Side: https://goo.gl/rQTJZz 
---------------------------------------------------------------------------------------- 
Our Social Media: 
Facebook: https://www.facebook.com/brightplanet/ 
Instagram: https://www.instagram.com/brightside.official 
TikTok: https://www.tiktok.com/@brightside.official?lang=en 

Stock materials (photos, footages and other): 
https://www.depositphotos.com 
https://www.shutterstock.com 
https://www.eastnews.ru 
---------------------------------------------------------------------------------------- 
For more videos and articles visit: http://www.brightside.me 
---------------------------------------------------------------------------------------- 
This video is made for entertainment purposes. We do not make any warranties about the completeness, safety and reliability. Any action you take upon the information in this video is strictly at your own risk, and we will not be liable for any damages or losses. It is the viewer's responsibility to use judgement, care and precaution if you plan to replicate.",2025-12-09T10:26:17Z,"['brightside', 'brightsideglobal', 'curiosities', 'earth', 'earth science documentary', 'geological mystery', 'ground collapse yellowstone', 'hydrothermal explosion clues', 'mystery', 'planet', 'shifting magma signs', 'strange earth phenomena', 'supervolcano fears', 'supervolcano warning', 'volcanic activity explained', 'world', 'yellowstone eruption signs', 'yellowstone giant hole', 'yellowstone news update', 'yellowstone overnight crack', 'yellowstone park anomaly']",24,en,en-US,https://i.ytimg.com/vi/C5rR-d47JRI/default.jpg,https://i.ytimg.com/vi/C5rR-d47JRI/hqdefault.jpg,PT19M4S,9524,300,17,public,UC4rlAVgAK0SGk-yTfe48Qpw,BRIGHT SIDE,"Whether you’re into recent discoveries, space exploration, true stories, fitness, fun tests, and riddles, or useful tips for self-improvement, psychology, gadgets, or just your day-to-day routine, there’s something for everyone!

You can expect all that and more coming at you in 3 top-quality videos every single day. If you’ve got a thirst for knowledge that never quits, then join a community of tens of millions and growing! We have a good time, so take your shoes off, kick back, and make yourself at home here on the Bright Side of life!

Good news! We launched a new app for you 👉 http://bit.ly/Bs3App7
Join the world's largest community of good people! 😉

For brand partnership enquires: brands@thesoul-publishing.com",,https://yt3.ggpht.com/BimIuq2UYH1h-GQDEiV89I1dUEtpWVR8Mp_Q516vPN8rLw488Ap1G9ALhPUyqN8_HTPMbawTBDk=s88-c-k-c0x00ffffff-no-rj,44700000,10844
sKrOaW_9SWU,New Zealand Is Building Something That Could Make It Richer Than Ever,"Some places hide opportunities so powerful they could completely reshape a nation’s future. What looks ordinary at first glance turns out to hold enormous value - enough to change economies, launch new industries, and rewrite long-term plans for entire regions. From unexpected natural advantages to discoveries that open the door to massive wealth, these stories show how quickly everything can shift once the right potential is uncovered.
Animation is created by Bright Side. 
---------------------------------------------------------------------------------------- 
Music from TheSoul Sound: https://thesoul-sound.com/ 

Check our Bright Side podcast on Spotify and leave a positive review! https://open.spotify.com/show/0hUkPxD34jRLrMrJux4VxV 
Subscribe to Bright Side: https://goo.gl/rQTJZz 
---------------------------------------------------------------------------------------- 
Our Social Media: 
Facebook: https://www.facebook.com/brightplanet/ 
Instagram: https://www.instagram.com/brightside.official 
TikTok: https://www.tiktok.com/@brightside.official?lang=en 

Stock materials (photos, footages and other): 
https://www.depositphotos.com 
https://www.shutterstock.com 
https://www.eastnews.ru 
---------------------------------------------------------------------------------------- 
For more videos and articles visit: http://www.brightside.me 
---------------------------------------------------------------------------------------- 
This video is made for entertainment purposes. We do not make any warranties about the completeness, safety and reliability. Any action you take upon the information in this video is strictly at your own risk, and we will not be liable for any damages or losses. It is the viewer's responsibility to use judgement, care and precaution if you plan to replicate.",2025-12-09T10:01:41Z,"['big discovery', 'brightside', 'brightsideglobal', 'clean power', 'curiosities', 'earth', 'economic growth', 'energy', 'future energy', 'global economy', 'green future', 'hidden potential', 'innovation', 'mystery', 'natural resources', 'new technology', 'planet', 'power industry', 'renewables', 'science news', 'sustainability', 'world']",24,en,en-US,https://i.ytimg.com/vi/sKrOaW_9SWU/default_live.jpg,https://i.ytimg.com/vi/sKrOaW_9SWU/hqdefault_live.jpg,P0D,0,28,0,public,UC4rlAVgAK0SGk-yTfe48Qpw,BRIGHT SIDE,"Whether you’re into recent discoveries, space exploration, true stories, fitness, fun tests, and riddles, or useful tips for self-improvement, psychology, gadgets, or just your day-to-day routine, there’s something for everyone!

You can expect all that and more coming at you in 3 top-quality videos every single day. If you’ve got a thirst for knowledge that never quits, then join a community of tens of millions and growing! We have a good time, so take your shoes off, kick back, and make yourself at home here on the Bright Side of life!

Good news! We launched a new app for you 👉 http://bit.ly/Bs3App7
Join the world's largest community of good people! 😉

For brand partnership enquires: brands@thesoul-publishing.com",,https://yt3.ggpht.com/BimIuq2UYH1h-GQDEiV89I1dUEtpWVR8Mp_Q516vPN8rLw488Ap1G9ALhPUyqN8_HTPMbawTBDk=s88-c-k-c0x00ffffff-no-rj,44700000,10844
4jipEAUH7Ws,17 Short Riddles That Will Totally Trick Your Brain,"Get ready for 17 short riddles that seem super simple at first, but each one hides a twist that will totally trick your brain. Some of them play with logic, others mess with wording, and a few use visual clues that force you to slow down and really think. You can pause after each riddle to test yourself, compete with friends, or see how fast you can solve them before the answer pops up. By the end, you’ll realize how easily your mind jumps to the wrong conclusion, even when the solution was right in front of you. 

Animation is created by Bright Side. 
---------------------------------------------------------------------------------------- 
Music from TheSoul Sound: https://thesoul-sound.com/ 

Check our Bright Side podcast on Spotify and leave a positive review! https://open.spotify.com/show/0hUkPxD34jRLrMrJux4VxV 
Subscribe to Bright Side: https://goo.gl/rQTJZz 
---------------------------------------------------------------------------------------- 
Our Social Media: 
Facebook: https://www.facebook.com/brightplanet/ 
Instagram: https://www.instagram.com/brightside.official 
TikTok: https://www.tiktok.com/@brightside.official?lang=en 

Stock materials (photos, footages and other): 
https://www.depositphotos.com 
https://www.shutterstock.com 
https://www.eastnews.ru 
---------------------------------------------------------------------------------------- 
For more videos and articles visit: http://www.brightside.me 
---------------------------------------------------------------------------------------- 
This video is made for entertainment purposes. We do not make any warranties about the completeness, safety and reliability. Any action you take upon the information in this video is strictly at your own risk, and we will not be liable for any damages or losses. It is the viewer's responsibility to use judgement, care and precaution if you plan to replicate.",2025-12-09T00:00:06Z,"['brain teasers', 'brain training riddles', 'brain workout video', 'brightside', 'brightsideglobal', 'can you solve this', 'clever riddles', 'curiosities', 'earth', 'family riddle game', 'fun quiz video', 'hard riddles with answers', 'lateral thinking puzzles', 'logic puzzles', 'mystery', 'party riddles', 'planet', 'puzzle game video', 'quick riddles', 'riddle challenge', 'riddle compilation', 'riddles that trick your brain', 'short riddles', 'test your brain', 'tricky questions', 'tricky riddles', 'world']",24,en-US,en-US,https://i.ytimg.com/vi/4jipEAUH7Ws/default.jpg,https://i.ytimg.com/vi/4jipEAUH7Ws/hqdefault.jpg,PT11M42S,9110,95,47,public,UC4rlAVgAK0SGk-yTfe48Qpw,BRIGHT SIDE,"Whether you’re into recent discoveries, space exploration, true stories, fitness, fun tests, and riddles, or useful tips for self-improvement, psychology, gadgets, or just your day-to-day routine, there’s something for everyone!

You can expect all that and more coming at you in 3 top-quality videos every single day. If you’ve got a thirst for knowledge that never quits, then join a community of tens of millions and growing! We have a good time, so take your shoes off, kick back, and make yourself at home here on the Bright Side of life!

Good news! We launched a new app for you 👉 http://bit.ly/Bs3App7
Join the world's largest community of good people! 😉

For brand partnership enquires: brands@thesoul-publishing.com",,https://yt3.ggpht.com/BimIuq2UYH1h-GQDEiV89I1dUEtpWVR8Mp_Q516vPN8rLw488Ap1G9ALhPUyqN8_HTPMbawTBDk=s88-c-k-c0x00ffffff-no-rj,44700000,10844
fi41OMwRLq8,Something Fell From the Sky in Argentina - Investigators Left Baffled,"Something strange fell out of the sky in Argentina, and investigators still can’t figure out what it was because the impact site refuses to match anything they expected. Witnesses saw a bright flash, heard a huge boom, and felt a shockwave—yet when officials reached the spot, they found no meteor fragments, no metal debris, and no obvious clues. The ground showed scorch marks and melted patches like something extremely hot slammed into it, but whatever hit either vanished instantly or came from something we don’t understand yet. Scientists are torn between theories: a tiny meteor that vaporized on impact, a rare atmospheric explosion, or something far more mysterious.

Animation is created by Bright Side. 
---------------------------------------------------------------------------------------- 
Music from TheSoul Sound: https://thesoul-sound.com/ 

Check our Bright Side podcast on Spotify and leave a positive review! https://open.spotify.com/show/0hUkPxD34jRLrMrJux4VxV 
Subscribe to Bright Side: https://goo.gl/rQTJZz 
---------------------------------------------------------------------------------------- 
Our Social Media: 
Facebook: https://www.facebook.com/brightplanet/ 
Instagram: https://www.instagram.com/brightside.official 
TikTok: https://www.tiktok.com/@brightside.official?lang=en 

Stock materials (photos, footages and other): 
https://www.depositphotos.com 
https://www.shutterstock.com 
https://www.eastnews.ru 
---------------------------------------------------------------------------------------- 
For more videos and articles visit: http://www.brightside.me 
---------------------------------------------------------------------------------------- 
This video is made for entertainment purposes. We do not make any warranties about the completeness, safety and reliability. Any action you take upon the information in this video is strictly at your own risk, and we will not be liable for any damages or losses. It is the viewer's responsibility to use judgement, care and precaution if you plan to replicate.",2025-12-08T22:00:57Z,"['argentina sky mystery', 'atmospheric anomaly', 'baffling sky event', 'brightside', 'brightsideglobal', 'curiosities', 'earth', 'investigators baffled', 'meteor that vanished', 'meteor vaporization', 'mysterious boom argentina', 'mystery', 'planet', 'sky flash explosion', 'something fell from the sky', 'strange earth events', 'strange impact site', 'unexplained explosion argentina', 'unexplained fall from sky', 'unexplained science event', 'weird global phenomena', 'world']",24,en-US,en-US,https://i.ytimg.com/vi/fi41OMwRLq8/default.jpg,https://i.ytimg.com/vi/fi41OMwRLq8/hqdefault.jpg,PT9M5S,7628,108,8,public,UC4rlAVgAK0SGk-yTfe48Qpw,BRIGHT SIDE,"Whether you’re into recent discoveries, space exploration, true stories, fitness, fun tests, and riddles, or useful tips for self-improvement, psychology, gadgets, or just your day-to-day routine, there’s something for everyone!

You can expect all that and more coming at you in 3 top-quality videos every single day. If you’ve got a thirst for knowledge that never quits, then join a community of tens of millions and growing! We have a good time, so take your shoes off, kick back, and make yourself at home here on the Bright Side of life!

Good news! We launched a new app for you 👉 http://bit.ly/Bs3App7
Join the world's largest community of good people! 😉

For brand partnership enquires: brands@thesoul-publishing.com",,https://yt3.ggpht.com/BimIuq2UYH1h-GQDEiV89I1dUEtpWVR8Mp_Q516vPN8rLw488Ap1G9ALhPUyqN8_HTPMbawTBDk=s88-c-k-c0x00ffffff-no-rj,44700000,10844
Ed3dBJ6hkbA,Discovery of a Lost Megacity Forces Us to Rethink History,"Archaeologists just uncovered groundbreaking evidence about Eridu, a lost megacity once thought to be more legend than reality, and the discovery is forcing experts to rethink the entire timeline of early civilization. Eridu wasn’t just a small ancient settlement—it was a massive, organized urban center with temples, water systems, and trade links that appeared far earlier than historians believed cities could exist. Researchers now think this place may have been one of the world’s very first megacities, shaping culture, religion, and technology across the ancient Near East. The new findings reveal that people built complex societies much sooner and more efficiently than textbooks ever suggested, opening the door to even more hidden chapters of human history. 

Animation is created by Bright Side. 
---------------------------------------------------------------------------------------- 
Music from TheSoul Sound: https://thesoul-sound.com/ 

Check our Bright Side podcast on Spotify and leave a positive review! https://open.spotify.com/show/0hUkPxD34jRLrMrJux4VxV 
Subscribe to Bright Side: https://goo.gl/rQTJZz 
---------------------------------------------------------------------------------------- 
Our Social Media: 
Facebook: https://www.facebook.com/brightplanet/ 
Instagram: https://www.instagram.com/brightside.official 
TikTok: https://www.tiktok.com/@brightside.official?lang=en 

Stock materials (photos, footages and other): 
https://www.depositphotos.com 
https://www.shutterstock.com 
https://www.eastnews.ru 
---------------------------------------------------------------------------------------- 
For more videos and articles visit: http://www.brightside.me 
---------------------------------------------------------------------------------------- 
This video is made for entertainment purposes. We do not make any warranties about the completeness, safety and reliability. Any action you take upon the information in this video is strictly at your own risk, and we will not be liable for any damages or losses. It is the viewer's responsibility to use judgement, care and precaution if you plan to replicate.",2025-12-08T18:00:18Z,"['ancient eridu explained', 'ancient near east archaeology', 'ancient urban development', 'archaeology breakthrough', 'brightside', 'brightsideglobal', 'cradle of civilization story', 'curiosities', 'earliest city in history', 'earth', 'eridu megacity discovery', 'first cities revealed', 'forgotten ancient cities', 'historical discovery eridu', 'lost megacity found', 'mystery', 'planet', 'rewriting civilization history', 'sumerian civilization origins', 'world']",24,en-US,en-US,https://i.ytimg.com/vi/Ed3dBJ6hkbA/default.jpg,https://i.ytimg.com/vi/Ed3dBJ6hkbA/hqdefault.jpg,PT18M49S,15577,211,15,public,UC4rlAVgAK0SGk-yTfe48Qpw,BRIGHT SIDE,"Whether you’re into recent discoveries, space exploration, true stories, fitness, fun tests, and riddles, or useful tips for self-improvement, psychology, gadgets, or just your day-to-day routine, there’s something for everyone!

You can expect all that and more coming at you in 3 top-quality videos every single day. If you’ve got a thirst for knowledge that never quits, then join a community of tens of millions and growing! We have a good time, so take your shoes off, kick back, and make yourself at home here on the Bright Side of life!

Good news! We launched a new app for you 👉 http://bit.ly/Bs3App7
Join the world's largest community of good people! 😉

For brand partnership enquires: brands@thesoul-publishing.com",,https://yt3.ggpht.com/BimIuq2UYH1h-GQDEiV89I1dUEtpWVR8Mp_Q516vPN8rLw488Ap1G9ALhPUyqN8_HTPMbawTBDk=s88-c-k-c0x00ffffff-no-rj,44700000,10844
PPvNPUgV6yA,How People Actually Survived the Brutal Winters of the Past,"A closer look at how humans endure extreme cold. From medieval families battling freezing winters with primitive heating and food preservation, to a modern-day survivor trapped in his car for two months, both stories reveal how resilience, resourcefulness, and a bit of luck can mean the difference between life and death in harsh winter conditions.
Animation is created by Bright Side. 
---------------------------------------------------------------------------------------- 
Music from TheSoul Sound: https://thesoul-sound.com/ 

Check our Bright Side podcast on Spotify and leave a positive review! https://open.spotify.com/show/0hUkPxD34jRLrMrJux4VxV 
Subscribe to Bright Side: https://goo.gl/rQTJZz 
---------------------------------------------------------------------------------------- 
Our Social Media: 
Facebook: https://www.facebook.com/brightplanet/ 
Instagram: https://www.instagram.com/brightside.official 
TikTok: https://www.tiktok.com/@brightside.official?lang=en 

Stock materials (photos, footages and other): 
https://www.depositphotos.com 
https://www.shutterstock.com 
https://www.eastnews.ru 
---------------------------------------------------------------------------------------- 
For more videos and articles visit: http://www.brightside.me 
---------------------------------------------------------------------------------------- 
This video is made for entertainment purposes. We do not make any warranties about the completeness, safety and reliability. Any action you take upon the information in this video is strictly at your own risk, and we will not be liable for any damages or losses. It is the viewer's responsibility to use judgement, care and precaution if you plan to replicate.",2025-12-08T16:00:44Z,"['ancient survival', 'brightside', 'brightsideglobal', 'cold weather challenges', 'curiosities', 'earth', 'extreme cold', 'food preservation', 'freezing temperatures', 'harsh winters', 'historic hardships', 'historic winters', 'history facts', 'human endurance', 'medieval life', 'mystery', 'nature vs humans', 'planet', 'real survival stories', 'resilience', 'snow and ice', 'survival skills', 'true stories', 'unexpected survival', 'winter dangers', 'winter survival', 'world']",24,en,en,https://i.ytimg.com/vi/PPvNPUgV6yA/default.jpg,https://i.ytimg.com/vi/PPvNPUgV6yA/hqdefault.jpg,PT17M42S,6903,183,4,public,UC4rlAVgAK0SGk-yTfe48Qpw,BRIGHT SIDE,"Whether you’re into recent discoveries, space exploration, true stories, fitness, fun tests, and riddles, or useful tips for self-improvement, psychology, gadgets, or just your day-to-day routine, there’s something for everyone!

You can expect all that and more coming at you in 3 top-quality videos every single day. If you’ve got a thirst for knowledge that never quits, then join a community of tens of millions and growing! We have a good time, so take your shoes off, kick back, and make yourself at home here on the Bright Side of life!

Good news! We launched a new app for you 👉 http://bit.ly/Bs3App7
Join the world's largest community of good people! 😉

For brand partnership enquires: brands@thesoul-publishing.com",,https://yt3.ggpht.com/BimIuq2UYH1h-GQDEiV89I1dUEtpWVR8Mp_Q516vPN8rLw488Ap1G9ALhPUyqN8_HTPMbawTBDk=s88-c-k-c0x00ffffff-no-rj,44700000,10844
REifhuJpjCc,The Milky Way Seems to Be Sending Us Morse Signals,"Strange structures and unexpected signals detected near the center of the Milky Way are challenging what scientists thought they knew about our galaxy. Researchers have identified unusual Morse-like patterns and ancient signals that may be hundreds of millions of years old. These discoveries offer new clues about the extreme processes happening around the galactic core and bring us closer to understanding what really lies deep inside the Milky Way.
Animation is created by Bright Side. 
---------------------------------------------------------------------------------------- 
Music from TheSoul Sound: https://thesoul-sound.com/ 

Check our Bright Side podcast on Spotify and leave a positive review! https://open.spotify.com/show/0hUkPxD34jRLrMrJux4VxV 
Subscribe to Bright Side: https://goo.gl/rQTJZz 
---------------------------------------------------------------------------------------- 
Our Social Media: 
Facebook: https://www.facebook.com/brightplanet/ 
Instagram: https://www.instagram.com/brightside.official 
TikTok: https://www.tiktok.com/@brightside.official?lang=en 

Stock materials (photos, footages and other): 
https://www.depositphotos.com 
https://www.shutterstock.com 
https://www.eastnews.ru 
---------------------------------------------------------------------------------------- 
For more videos and articles visit: http://www.brightside.me 
---------------------------------------------------------------------------------------- 
This video is made for entertainment purposes. We do not make any warranties about the completeness, safety and reliability. Any action you take upon the information in this video is strictly at your own risk, and we will not be liable for any damages or losses. It is the viewer's responsibility to use judgement, care and precaution if you plan to replicate.",2025-12-08T10:21:34Z,"['astronomy', 'astrophysics', 'black hole region', 'brightside', 'brightsideglobal', 'cosmic discoveries', 'cosmic phenomena', 'curiosities', 'deep space', 'earth', 'galactic secrets', 'galaxy center', 'milky way', 'mystery', 'mystery signals', 'planet', 'radio waves', 'scientific findings', 'signal from space', 'space anomalies', 'space facts', 'space research', 'strange signals', 'world']",24,en,en-US,https://i.ytimg.com/vi/REifhuJpjCc/default.jpg,https://i.ytimg.com/vi/REifhuJpjCc/hqdefault.jpg,PT17M55S,7322,266,12,public,UC4rlAVgAK0SGk-yTfe48Qpw,BRIGHT SIDE,"Whether you’re into recent discoveries, space exploration, true stories, fitness, fun tests, and riddles, or useful tips for self-improvement, psychology, gadgets, or just your day-to-day routine, there’s something for everyone!

You can expect all that and more coming at you in 3 top-quality videos every single day. If you’ve got a thirst for knowledge that never quits, then join a community of tens of millions and growing! We have a good time, so take your shoes off, kick back, and make yourself at home here on the Bright Side of life!

Good news! We launched a new app for you 👉 http://bit.ly/Bs3App7
Join the world's largest community of good people! 😉

For brand partnership enquires: brands@thesoul-publishing.com",,https://yt3.ggpht.com/BimIuq2UYH1h-GQDEiV89I1dUEtpWVR8Mp_Q516vPN8rLw488Ap1G9ALhPUyqN8_HTPMbawTBDk=s88-c-k-c0x00ffffff-no-rj,44700000,10844
AiCvUNTaCBY,Leaving Your Key in the Lock Could Get You in Trouble - Here's Why,"Leaving your key in the lock sounds harmless, but it can actually cause way more trouble than most people realize because burglars know exactly how to use that mistake against you. A key left inside can jam some locks from the outside, but in many modern doors it actually makes break-ins easier by giving thieves leverage for bumping, snapping, or using special tools to turn the mechanism. It also tells anyone watching your home that the door is likely unlocked or the homeowner is distracted, which makes your place an instant target. Even worse, emergency responders might not be able to get in during a crisis if the inside key blocks their entry tools.

Animation is created by Bright Side. 
---------------------------------------------------------------------------------------- 
Music from TheSoul Sound: https://thesoul-sound.com/ 

Check our Bright Side podcast on Spotify and leave a positive review! https://open.spotify.com/show/0hUkPxD34jRLrMrJux4VxV 
Subscribe to Bright Side: https://goo.gl/rQTJZz 
---------------------------------------------------------------------------------------- 
Our Social Media: 
Facebook: https://www.facebook.com/brightplanet/ 
Instagram: https://www.instagram.com/brightside.official 
TikTok: https://www.tiktok.com/@brightside.official?lang=en 

Stock materials (photos, footages and other): 
https://www.depositphotos.com 
https://www.shutterstock.com 
https://www.eastnews.ru 
---------------------------------------------------------------------------------------- 
For more videos and articles visit: http://www.brightside.me 
---------------------------------------------------------------------------------------- 
This video is made for entertainment purposes. We do not make any warranties about the completeness, safety and reliability. Any action you take upon the information in this video is strictly at your own risk, and we will not be liable for any damages or losses. It is the viewer's responsibility to use judgement, care and precaution if you plan to replicate.",2025-12-08T00:00:21Z,"['avoid break in mistakes', 'brightside', 'brightsideglobal', 'burglary prevention tips', 'common home security errors', 'curiosities', 'door lock safety', 'earth', 'home safety video', 'home security mistakes', 'key in door problem explained', 'key left in lock danger', 'lock snapping risk', 'mystery', 'planet', 'prevent burglars', 'safety tips for homeowners', 'security expert advice', 'why not leave key in lock', 'world']",24,en-US,en-US,https://i.ytimg.com/vi/AiCvUNTaCBY/default.jpg,https://i.ytimg.com/vi/AiCvUNTaCBY/hqdefault.jpg,PT8M20S,5035,69,9,public,UC4rlAVgAK0SGk-yTfe48Qpw,BRIGHT SIDE,"Whether you’re into recent discoveries, space exploration, true stories, fitness, fun tests, and riddles, or useful tips for self-improvement, psychology, gadgets, or just your day-to-day routine, there’s something for everyone!

You can expect all that and more coming at you in 3 top-quality videos every single day. If you’ve got a thirst for knowledge that never quits, then join a community of tens of millions and growing! We have a good time, so take your shoes off, kick back, and make yourself at home here on the Bright Side of life!

Good news! We launched a new app for you 👉 http://bit.ly/Bs3App7
Join the world's largest community of good people! 😉

For brand partnership enquires: brands@thesoul-publishing.com",,https://yt3.ggpht.com/BimIuq2UYH1h-GQDEiV89I1dUEtpWVR8Mp_Q516vPN8rLw488Ap1G9ALhPUyqN8_HTPMbawTBDk=s88-c-k-c0x00ffffff-no-rj,44700000,10844
sT_0vDLlxDY,Archaeologists Have Found the Lost City of Alexander the Great,"Archaeologists say they’ve finally uncovered the long-lost city linked to Alexander the Great, and the discovery is blowing everyone’s mind because it matches ancient descriptions that historians chased for centuries. Researchers found massive ruins, fortress walls, workshops, and artifacts that line up perfectly with the period when Alexander’s empire stretched across three continents. The site reveals how people lived, traded, and built their world during one of history’s most powerful military expansions, giving us details textbooks never had. Even more exciting, the discovery hints that other legendary locations tied to Alexander might still be out there, buried and waiting. 

Animation is created by Bright Side. 
---------------------------------------------------------------------------------------- 
Music from TheSoul Sound: https://thesoul-sound.com/ 

Check our Bright Side podcast on Spotify and leave a positive review! https://open.spotify.com/show/0hUkPxD34jRLrMrJux4VxV 
Subscribe to Bright Side: https://goo.gl/rQTJZz 
---------------------------------------------------------------------------------------- 
Our Social Media: 
Facebook: https://www.facebook.com/brightplanet/ 
Instagram: https://www.instagram.com/brightside.official 
TikTok: https://www.tiktok.com/@brightside.official?lang=en 

Stock materials (photos, footages and other): 
https://www.depositphotos.com 
https://www.shutterstock.com 
https://www.eastnews.ru 
---------------------------------------------------------------------------------------- 
For more videos and articles visit: http://www.brightside.me 
---------------------------------------------------------------------------------------- 
This video is made for entertainment purposes. We do not make any warranties about the completeness, safety and reliability. Any action you take upon the information in this video is strictly at your own risk, and we will not be liable for any damages or losses. It is the viewer's responsibility to use judgement, care and precaution if you plan to replicate.",2025-12-07T23:01:20Z,"['alexander empire ruins', 'alexander the great history', 'alexander the great lost city', 'ancient artifacts uncovered', 'ancient city found', 'ancient fortress ruins', 'ancient world mysteries', 'archaeological breakthrough', 'archaeologists discovery', 'archaeology documentary', 'brightside', 'brightsideglobal', 'curiosities', 'earth', 'historical discovery 2025', 'historical mysteries explained', 'legendary city found', 'lost city archaeology', 'lost civilization discovery', 'mystery', 'planet', 'world']",24,en-US,en-US,https://i.ytimg.com/vi/sT_0vDLlxDY/default.jpg,https://i.ytimg.com/vi/sT_0vDLlxDY/hqdefault.jpg,PT9M5S,16504,183,21,public,UC4rlAVgAK0SGk-yTfe48Qpw,BRIGHT SIDE,"Whether you’re into recent discoveries, space exploration, true stories, fitness, fun tests, and riddles, or useful tips for self-improvement, psychology, gadgets, or just your day-to-day routine, there’s something for everyone!

You can expect all that and more coming at you in 3 top-quality videos every single day. If you’ve got a thirst for knowledge that never quits, then join a community of tens of millions and growing! We have a good time, so take your shoes off, kick back, and make yourself at home here on the Bright Side of life!

Good news! We launched a new app for you 👉 http://bit.ly/Bs3App7
Join the world's largest community of good people! 😉

For brand partnership enquires: brands@thesoul-publishing.com",,https://yt3.ggpht.com/BimIuq2UYH1h-GQDEiV89I1dUEtpWVR8Mp_Q516vPN8rLw488Ap1G9ALhPUyqN8_HTPMbawTBDk=s88-c-k-c0x00ffffff-no-rj,44700000,10844
QSBT2oQDCOE,He Zoomed In on Google Earth and Found What Scientists Missed for Decades,"Two different discoveries shed light on Earth’s hidden past. One began with an ordinary Google Maps search that revealed a strange circular structure in Quebec - possibly a long-lost impact crater. The other centers on an ancient geological scar that may predate the continents themselves, offering clues to the violent forces that shaped the early planet. Both cases show how much of Earth’s history is still buried in plain sight or hidden deep beneath its surface.
Animation is created by Bright Side. 
---------------------------------------------------------------------------------------- 
Music from TheSoul Sound: https://thesoul-sound.com/ 

Check our Bright Side podcast on Spotify and leave a positive review! https://open.spotify.com/show/0hUkPxD34jRLrMrJux4VxV 
Subscribe to Bright Side: https://goo.gl/rQTJZz 
---------------------------------------------------------------------------------------- 
Our Social Media: 
Facebook: https://www.facebook.com/brightplanet/ 
Instagram: https://www.instagram.com/brightside.official 
TikTok: https://www.tiktok.com/@brightside.official?lang=en 

Stock materials (photos, footages and other): 
https://www.depositphotos.com 
https://www.shutterstock.com 
https://www.eastnews.ru 
---------------------------------------------------------------------------------------- 
For more videos and articles visit: http://www.brightside.me 
---------------------------------------------------------------------------------------- 
This video is made for entertainment purposes. We do not make any warranties about the completeness, safety and reliability. Any action you take upon the information in this video is strictly at your own risk, and we will not be liable for any damages or losses. It is the viewer's responsibility to use judgement, care and precaution if you plan to replicate.",2025-12-07T18:00:30Z,"['ancient earth', 'brightside', 'brightsideglobal', 'craton studies', 'curiosities', 'deep time', 'earth', 'earth evolution', 'earth exploration', 'earth science', 'geological evidence', 'geology', 'google earth discoveries', 'hidden structures', 'impact craters', 'meteor impacts', 'mystery', 'mystery landscapes', 'natural mysteries', 'planet', 'planet history', 'remote sensing', 'rock formations', 'space rocks', 'terrestrial anomalies', 'world']",24,en,en,https://i.ytimg.com/vi/QSBT2oQDCOE/default.jpg,https://i.ytimg.com/vi/QSBT2oQDCOE/hqdefault.jpg,PT9M44S,72171,901,51,public,UC4rlAVgAK0SGk-yTfe48Qpw,BRIGHT SIDE,"Whether you’re into recent discoveries, space exploration, true stories, fitness, fun tests, and riddles, or useful tips for self-improvement, psychology, gadgets, or just your day-to-day routine, there’s something for everyone!

You can expect all that and more coming at you in 3 top-quality videos every single day. If you’ve got a thirst for knowledge that never quits, then join a community of tens of millions and growing! We have a good time, so take your shoes off, kick back, and make yourself at home here on the Bright Side of life!

Good news! We launched a new app for you 👉 http://bit.ly/Bs3App7
Join the world's largest community of good people! 😉

For brand partnership enquires: brands@thesoul-publishing.com",,https://yt3.ggpht.com/BimIuq2UYH1h-GQDEiV89I1dUEtpWVR8Mp_Q516vPN8rLw488Ap1G9ALhPUyqN8_HTPMbawTBDk=s88-c-k-c0x00ffffff-no-rj,44700000,10844
jv0THjrQh54,This Project Will Bring Us Limitless Energy From the Moon,"Scientists are developing a wild new idea that could one day give us practically limitless energy from the Moon, and it all revolves around a giant “catapult”-style launch system that works like a hammer throw. Chinese researchers recently proposed this concept: a massive fifty-meter-long spinning arm on the lunar surface that whips capsules fast enough to reach the Moon’s escape velocity. Instead of using rockets, the system would build up speed, release the payload at just the right moment, and send it flying straight into space. If this works, it could launch materials, fuel, or even harvested lunar resources incredibly cheaply, opening the door to huge energy projects that aren’t possible on Earth because of gravity and cost. And in this video, you’ll see how this futuristic catapult could completely change how we power our civilization.

Animation is created by Bright Side. 
---------------------------------------------------------------------------------------- 
Music from TheSoul Sound: https://thesoul-sound.com/ 

Check our Bright Side podcast on Spotify and leave a positive review! https://open.spotify.com/show/0hUkPxD34jRLrMrJux4VxV 
Subscribe to Bright Side: https://goo.gl/rQTJZz 
---------------------------------------------------------------------------------------- 
Our Social Media: 
Facebook: https://www.facebook.com/brightplanet/ 
Instagram: https://www.instagram.com/brightside.official 
TikTok: https://www.tiktok.com/@brightside.official?lang=en 

Stock materials (photos, footages and other): 
https://www.depositphotos.com 
https://www.shutterstock.com 
https://www.eastnews.ru 
---------------------------------------------------------------------------------------- 
For more videos and articles visit: http://www.brightside.me 
---------------------------------------------------------------------------------------- 
This video is made for entertainment purposes. We do not make any warranties about the completeness, safety and reliability. Any action you take upon the information in this video is strictly at your own risk, and we will not be liable for any damages or losses. It is the viewer's responsibility to use judgement, care and precaution if you plan to replicate.",2025-12-07T16:01:14Z,"['advanced launch systems', 'brightside', 'brightsideglobal', 'chinese lunar launch concept', 'curiosities', 'earth', 'groundbreaking lunar tech', 'limitless energy from the moon', 'lunar catapult system', 'lunar engineering', 'lunar resources energy', 'moon energy project', 'moon escape velocity', 'moon mining future', 'moon power concepts', 'mystery', 'new space technology', 'off world energy production', 'planet', 'space energy ideas', 'space innovation', 'space science video', 'spinning launch arm moon', 'world']",24,en-US,en-US,https://i.ytimg.com/vi/jv0THjrQh54/default.jpg,https://i.ytimg.com/vi/jv0THjrQh54/hqdefault.jpg,PT17M24S,9383,182,18,public,UC4rlAVgAK0SGk-yTfe48Qpw,BRIGHT SIDE,"Whether you’re into recent discoveries, space exploration, true stories, fitness, fun tests, and riddles, or useful tips for self-improvement, psychology, gadgets, or just your day-to-day routine, there’s something for everyone!

You can expect all that and more coming at you in 3 top-quality videos every single day. If you’ve got a thirst for knowledge that never quits, then join a community of tens of millions and growing! We have a good time, so take your shoes off, kick back, and make yourself at home here on the Bright Side of life!

Good news! We launched a new app for you 👉 http://bit.ly/Bs3App7
Join the world's largest community of good people! 😉

For brand partnership enquires: brands@thesoul-publishing.com",,https://yt3.ggpht.com/BimIuq2UYH1h-GQDEiV89I1dUEtpWVR8Mp_Q516vPN8rLw488Ap1G9ALhPUyqN8_HTPMbawTBDk=s88-c-k-c0x00ffffff-no-rj,44700000,10844
BXNWuTUtRGg,There's A Huge Underground Ocean You've Never Heard Of,"Deep beneath Earth’s surface lies a hidden ocean so massive it could dwarf all the water in our rivers and seas, yet almost no one knows it exists. Scientists found it not as open water but trapped inside a blue, water-rich mineral called ringwoodite, buried hundreds of miles down in the mantle where pressure is intense enough to squeeze water into crystal form. This discovery completely changes how we think about Earth’s water cycle, because it means our planet has been storing and recycling water from the inside out for billions of years. Some researchers believe this underground ocean helped keep Earth’s surface oceans stable while other planets lost theirs, making life here possible. And in this video, you’ll explore how this hidden ocean works, what it reveals about Earth’s past, and why it might reshape our entire understanding of the planet we live on.
Animation is created by Bright Side. 
---------------------------------------------------------------------------------------- 
Music from TheSoul Sound: https://thesoul-sound.com/ 

Check our Bright Side podcast on Spotify and leave a positive review! https://open.spotify.com/show/0hUkPxD34jRLrMrJux4VxV 
Subscribe to Bright Side: https://goo.gl/rQTJZz 
---------------------------------------------------------------------------------------- 
Our Social Media: 
Facebook: https://www.facebook.com/brightplanet/ 
Instagram: https://www.instagram.com/brightside.official 
TikTok: https://www.tiktok.com/@brightside.official?lang=en 

Stock materials (photos, footages and other): 
https://www.depositphotos.com 
https://www.shutterstock.com 
https://www.eastnews.ru 
---------------------------------------------------------------------------------------- 
For more videos and articles visit: http://www.brightside.me 
---------------------------------------------------------------------------------------- 
This video is made for entertainment purposes. We do not make any warranties about the completeness, safety and reliability. Any action you take upon the information in this video is strictly at your own risk, and we will not be liable for any damages or losses. It is the viewer's responsibility to use judgement, care and precaution if you plan to replicate.",2025-12-07T10:25:09Z,"['brightside', 'brightsideglobal', 'deep earth research', 'deep earth secrets', 'earth', 'earth mantle explained', 'earth science discoveries', 'earth structure explained', 'geology mysteries', 'giant underground water reservoir', 'mantle hydration', 'mystery', 'planet', 'planet water origins', 'ringwoodite water', 'secret ocean discovery', 'surprising earth facts', 'underground ocean earth', 'underground water system', 'unusual earth phenomena', 'water cycle inside earth', 'water trapped in minerals', 'world']",24,en,en-US,https://i.ytimg.com/vi/BXNWuTUtRGg/default.jpg,https://i.ytimg.com/vi/BXNWuTUtRGg/hqdefault.jpg,PT19M,10902,218,4,public,UC4rlAVgAK0SGk-yTfe48Qpw,BRIGHT SIDE,"Whether you’re into recent discoveries, space exploration, true stories, fitness, fun tests, and riddles, or useful tips for self-improvement, psychology, gadgets, or just your day-to-day routine, there’s something for everyone!

You can expect all that and more coming at you in 3 top-quality videos every single day. If you’ve got a thirst for knowledge that never quits, then join a community of tens of millions and growing! We have a good time, so take your shoes off, kick back, and make yourself at home here on the Bright Side of life!

Good news! We launched a new app for you 👉 http://bit.ly/Bs3App7
Join the world's largest community of good people! 😉

For brand partnership enquires: brands@thesoul-publishing.com",,https://yt3.ggpht.com/BimIuq2UYH1h-GQDEiV89I1dUEtpWVR8Mp_Q516vPN8rLw488Ap1G9ALhPUyqN8_HTPMbawTBDk=s88-c-k-c0x00ffffff-no-rj,44700000,10844
Foead3YcqqU,Scientists Found a 'Bermuda Triangle' in Space - It’s Messing With Satellites,"Scientists discovered a bizarre “Bermuda Triangle” in space where satellites glitch, shut down, or lose data for no clear reason, and it’s freaking out engineers. This strange zone, called the South Atlantic Anomaly, sits above part of South America and Africa, where Earth’s magnetic field dips unusually low and lets high-energy radiation slam into orbiting spacecraft. Satellites that pass through it experience weird failures, scrambled signals, and sudden resets, forcing space agencies to redesign hardware just to survive the trip. Some researchers even think the anomaly might be growing or shifting, which could cause even bigger problems for future missions. And in this video, you’ll explore why this cosmic danger zone exists and how it keeps messing with our most important satellites.

Credit:
New Magnetic Process: By NASA Goddard/Mary Pat Hrybyk-Keith; NASA Goddard's Conceptual Image Lab/Josh Masters - https://svs.gsfc.nasa.gov/12901, https://commons.wikimedia.org/wiki/File:NASA_Spacecraft_Finds_New_Magnetic_Process_in_Turbulent_Space.webm
Supercharging the Radiation Belts: By NASA's Goddard Space Flight Center - https://svs.gsfc.nasa.gov/12328, https://commons.wikimedia.org/wiki/File:Supercharging_the_Radiation_Belts.webm
Magnetic 'Dent: By NASA Goddard / YouTube, https://commons.wikimedia.org/wiki/File:NASA_Explores_Earth%27s_Magnetic_%27Dent%27_qpdQcw_52iM.webm
NASA’s LEXI: By NASA's Scientific Visualization Studio - eMITS/Lacey Young, eMITS/Beth Anthony, eMITS/Vanessa Thomas, NASA/Hyunju Connor - https://svs.gsfc.nasa.gov/14739, https://commons.wikimedia.org/wiki/File:From_the_Moon,_NASA%E2%80%99s_LEXI_Will_Reveal_[…]E2%80%99s_Magnetic_Shield_(SVS14739_LEXI_1080_ProRes).webm
Martian Magnetosphere: By NASA's Scientific Visualization Studio - SSAI/Andrew J Christensen, eMITS/Joy Ng, UCLA/Yingjuan Ma, University of California, Berkeley/Robert Lillis - https://svs.gsfc.nasa.gov/5502, https://commons.wikimedia.org/wiki/File:Solar_Storm_Excites_Martian_Magnetosphere_(SVS5[…]Extended_10-8-2024a_jmag_normal_flightB_noAnnotation).webm
Earth: Making of a Planet / Handel Productions
Geomagnetic Storm: By NASA's Scientific Visualization Studio - SSAI/Andrew J Christensen, Global Science and Technology, Inc./Tom Bridgman, ADNET Systems, Inc./Laurence Schuler, ADNET Systems, Inc./Ian Jones, Johns Hopkins University/APL/Slava Merkin, Johns Hopkins University/APL/Eric L. Winter - https://svs.gsfc.nasa.gov/5193, https://commons.wikimedia.org/wiki/File:Geomagnetic_Storm_Causes_Satellite_Loss_(SVS5193).webm
Solar Maximum Period: By NASA's Scientific Visualization Studio - eMITS/Beth Anthony, ADNET Systems, Inc./Abbey A. Interrante, SGT/Sarah Frazier - https://svs.gsfc.nasa.gov/14683, https://commons.wikimedia.org/wiki/File:NASA,_NOAA_Announce_That_the_Sun_Has_Reached_th[…]ar_Maximum_Period_(SVS14683_-_010_SEP-spacecraft_v01).webm
Atmospheric Response: By NASA's Scientific Visualization Studio - SSAI/Andrew J Christensen, ADNET Systems, Inc./Laurence Schuler, ADNET Systems, Inc./Ian Jones, Johns Hopkins University/APL/Slava Merkin, NASA/GSFC/Douglas E. Rowland, Catholic University of America/Katherine Garcia-Sage, ADNET Systems, Inc./Rachel Lense, eMITS/Lacey Young - https://svs.gsfc.nasa.gov/5435, https://commons.wikimedia.org/wiki/File:Geomagnetic_and_Atmospheric_Response_to_May_2024_Solar_Storm_(SVS5435).webm
CC BY-SA 3.0 https://creativecommons.org/licenses/by-sa/3.0/:
Dickinsonia costata: By Ghedoghedo, https://commons.wikimedia.org/w/index.php?curid=16252838
CC BY-SA 4.0 https://creativecommons.org/licenses/by-sa/4.0:
Dickinsonia observed: By Citronnel, https://commons.wikimedia.org/w/index.php?curid=150266782
CC BY-SA 2.0 https://creativecommons.org/licenses/by-sa/2.0:
Life in the Ediacaran sea: By Ryan Somma, FunkMonk, https://commons.wikimedia.org/w/index.php?curid=24277381
CC BY 4.0 https://creativecommons.org/licenses/by/4.0:
Hubblecast 77: By ESA/Hubble - http://spacetelescope.org/videos/hubblecast77a/, https://commons.wikimedia.org/wiki/File:Hubblecast_77.webm
Entstehung und Quellen: By ZDF/Terra X/Faszination Erde/C. Götz-Sobel/O. Rötz/M. Zimmermann/Maximilian Mohr - https://www.zdf.de/dokumentation/terra-x/entstehung-und-quellen-des-himalaya-gebirges-creative-commons-clip-100.html, https://commons.wikimedia.org/wiki/File:Entstehung_und_Quellen_des_Himalaya-Gebirges.webm
CC BY 2.5 https://creativecommons.org/licenses/by/2.5:
DickinsoniaCostata: By Verisimilus, https://commons.wikimedia.org/w/index.php?curid=3262792
Animation is created by Bright Side.",2025-12-07T01:00:20Z,"['bermuda triangle in space', 'bizarre space events', 'brightside', 'cosmic danger zone', 'earth', 'earth magnetic field anomaly', 'magnetic field dip', 'mystery', 'nasa satellite issues', 'orbital hazards', 'planet', 'radiation belt anomaly', 'satellite engineering challenges', 'satellite failures explained', 'satellite glitches', 'satellite malfunction area', 'south atlantic anomaly', 'space mysteries', 'space radiation danger', 'space science documentary', 'strange science space', 'weird space phenomenon']",24,en-US,en-US,https://i.ytimg.com/vi/Foead3YcqqU/default.jpg,https://i.ytimg.com/vi/Foead3YcqqU/hqdefault.jpg,PT9M13S,11340,250,11,public,UC4rlAVgAK0SGk-yTfe48Qpw,BRIGHT SIDE,"Whether you’re into recent discoveries, space exploration, true stories, fitness, fun tests, and riddles, or useful tips for self-improvement, psychology, gadgets, or just your day-to-day routine, there’s something for everyone!

You can expect all that and more coming at you in 3 top-quality videos every single day. If you’ve got a thirst for knowledge that never quits, then join a community of tens of millions and growing! We have a good time, so take your shoes off, kick back, and make yourself at home here on the Bright Side of life!

Good news! We launched a new app for you 👉 http://bit.ly/Bs3App7
Join the world's largest community of good people! 😉

For brand partnership enquires: brands@thesoul-publishing.com",,https://yt3.ggpht.com/BimIuq2UYH1h-GQDEiV89I1dUEtpWVR8Mp_Q516vPN8rLw488Ap1G9ALhPUyqN8_HTPMbawTBDk=s88-c-k-c0x00ffffff-no-rj,44700000,10844
vg-X1IWVzo0,4 Luxury Ship Disasters Caused by Pure Stupidity,"Four luxury ships met disaster not because of bad luck or storms, but because of pure human stupidity—including the infamous Costa Concordia, where the captain sailed too close to shore just to “show off” and ended up sinking a $570 million vessel. Other ships faced the same fate for ridiculous reasons: crews ignored warnings, pushed unsafe speeds, or made ego-driven decisions that put thousands of passengers at risk. These disasters didn’t come from nature—they came from people who thought rules didn’t apply to them. Every case shows how one careless choice can destroy a ship, endanger lives, and cost fortunes. And in this video, you’ll dive into four unbelievable luxury ship failures that never should have happened in the first place.

Animation is created by Bright Side. 
---------------------------------------------------------------------------------------- 
Music from TheSoul Sound: https://thesoul-sound.com/ 

Check our Bright Side podcast on Spotify and leave a positive review! https://open.spotify.com/show/0hUkPxD34jRLrMrJux4VxV 
Subscribe to Bright Side: https://goo.gl/rQTJZz 
---------------------------------------------------------------------------------------- 
Our Social Media: 
Facebook: https://www.facebook.com/brightplanet/ 
Instagram: https://www.instagram.com/brightside.official 
TikTok: https://www.tiktok.com/@brightside.official?lang=en 

Stock materials (photos, footages and other): 
https://www.depositphotos.com 
https://www.shutterstock.com 
https://www.eastnews.ru 
---------------------------------------------------------------------------------------- 
For more videos and articles visit: http://www.brightside.me 
---------------------------------------------------------------------------------------- 
This video is made for entertainment purposes. We do not make any warranties about the completeness, safety and reliability. Any action you take upon the information in this video is strictly at your own risk, and we will not be liable for any damages or losses. It is the viewer's responsibility to use judgement, care and precaution if you plan to replicate.",2025-12-07T00:01:12Z,"['brightside', 'brightsideglobal', 'captain mistakes shipwreck', 'costa concordia disaster', 'cruise ship accidents', 'cruise ship incidents', 'curiosities', 'earth', 'famous ship disasters', 'human error disasters', 'luxury cruise fails', 'luxury ship disasters', 'maritime fail stories', 'maritime safety fails', 'mystery', 'nautical negligence', 'ocean disaster documentary', 'planet', 'real ship disasters explained', 'shipwrecks caused by stupidity', 'unbelievable shipwrecks', 'world']",24,en-US,en-US,https://i.ytimg.com/vi/vg-X1IWVzo0/default.jpg,https://i.ytimg.com/vi/vg-X1IWVzo0/hqdefault.jpg,PT9M41S,6508,103,15,public,UC4rlAVgAK0SGk-yTfe48Qpw,BRIGHT SIDE,"Whether you’re into recent discoveries, space exploration, true stories, fitness, fun tests, and riddles, or useful tips for self-improvement, psychology, gadgets, or just your day-to-day routine, there’s something for everyone!

You can expect all that and more coming at you in 3 top-quality videos every single day. If you’ve got a thirst for knowledge that never quits, then join a community of tens of millions and growing! We have a good time, so take your shoes off, kick back, and make yourself at home here on the Bright Side of life!

Good news! We launched a new app for you 👉 http://bit.ly/Bs3App7
Join the world's largest community of good people! 😉

For brand partnership enquires: brands@thesoul-publishing.com",,https://yt3.ggpht.com/BimIuq2UYH1h-GQDEiV89I1dUEtpWVR8Mp_Q516vPN8rLw488Ap1G9ALhPUyqN8_HTPMbawTBDk=s88-c-k-c0x00ffffff-no-rj,44700000,10844
doQqHByCRUQ,This Village Is Haunted - Solve the Riddles to Get Out of It!,"This creepy little village feels totally normal at first, but the moment you step inside, the doors slam shut behind you and the only way out is by solving the riddles the place keeps throwing at you. Every street hides a new puzzle—strange symbols carved into walls, whispers coming from empty houses, and clues buried in places you really don’t want to look. The villagers vanished long ago, but something here still watches, waiting to see if you’re smart enough—or lucky enough—to escape. Each riddle gets harder, twisting your logic and messing with your nerves until the whole village feels alive. And in this video, you’ll test your brain against this haunted maze and see if you can escape before the village decides you’re staying forever.

Animation is created by Bright Side.
----------------------------------------------------------------------------------------
Music from TheSoul Sound: https://thesoul-sound.com/
 
Check our Bright Side podcast on Spotify and leave a positive review! https://open.spotify.com/show/0hUkPxD34jRLrMrJux4VxV
 
Subscribe to Bright Side: https://goo.gl/rQTJZz
----------------------------------------------------------------------------------------
Our Social Media:
Facebook: https://www.facebook.com/brightside
Instagram: https://www.instagram.com/brightside.official
TikTok: https://www.tiktok.com/@brightside.official?lang=en
Telegram: https://t.me/bright_side_official
 
Stock materials (photos, footages and other):
https://www.depositphotos.com
https://www.shutterstock.com
https://www.eastnews.ru
----------------------------------------------------------------------------------------
 For more videos and articles visit:
http://www.brightside.me
 ----------------------------------------------------------------------------------------
This video is made for entertainment purposes. We do not make any warranties about the completeness, safety and reliability. Any action you take upon the information in this video is strictly at your own risk, and we will not be liable for any damages or losses. It is the viewer's responsibility to use judgement, care and precaution if you plan to replicate.",2025-12-06T22:00:42Z,"['brain teasers horror theme', 'brightside', 'brightsideglobal', 'creepy escape challenge', 'creepy puzzle village', 'curiosities', 'earth', 'escape room riddles', 'escape the village challenge', 'haunted escape challenge', 'haunted village riddles', 'horror riddle adventure', 'mystery', 'mystery riddles video', 'planet', 'scary brain games', 'scary riddles game', 'scary story puzzles', 'solve clues to escape', 'solve the mystery riddles', 'spooky logic riddles', 'spooky riddles', 'village mystery game', 'world']",24,en-US,en-US,https://i.ytimg.com/vi/doQqHByCRUQ/default.jpg,https://i.ytimg.com/vi/doQqHByCRUQ/hqdefault.jpg,PT9M18S,8627,103,5,public,UC4rlAVgAK0SGk-yTfe48Qpw,BRIGHT SIDE,"Whether you’re into recent discoveries, space exploration, true stories, fitness, fun tests, and riddles, or useful tips for self-improvement, psychology, gadgets, or just your day-to-day routine, there’s something for everyone!

You can expect all that and more coming at you in 3 top-quality videos every single day. If you’ve got a thirst for knowledge that never quits, then join a community of tens of millions and growing! We have a good time, so take your shoes off, kick back, and make yourself at home here on the Bright Side of life!

Good news! We launched a new app for you 👉 http://bit.ly/Bs3App7
Join the world's largest community of good people! 😉

For brand partnership enquires: brands@thesoul-publishing.com",,https://yt3.ggpht.com/BimIuq2UYH1h-GQDEiV89I1dUEtpWVR8Mp_Q516vPN8rLw488Ap1G9ALhPUyqN8_HTPMbawTBDk=s88-c-k-c0x00ffffff-no-rj,44700000,10844
ATtEgal_mOI,This Underground Lake In Antarctica Changes All We Know About Life on Earth,"Deep under Antarctica’s ice lies an underground lake that completely flips what we thought we knew about life on Earth, because organisms survive there without sunlight, in freezing temperatures, and under pressures strong enough to crush metal. Scientists discovered microbes living off chemical reactions in the dark, proving life doesn’t need warmth or light—it just needs the right chemistry. The lake stayed sealed off from the surface for millions of years, creating an isolated world that evolved on its own, like a hidden time capsule from ancient Earth. This strange ecosystem now helps researchers imagine what life might look like on icy moons like Europa or Enceladus, where oceans hide beneath thick shells of frozen crust. 

Animation is created by Bright Side. 
---------------------------------------------------------------------------------------- 
Music from TheSoul Sound: https://thesoul-sound.com/ 

Check our Bright Side podcast on Spotify and leave a positive review! https://open.spotify.com/show/0hUkPxD34jRLrMrJux4VxV 
Subscribe to Bright Side: https://goo.gl/rQTJZz 
---------------------------------------------------------------------------------------- 
Our Social Media: 
Facebook: https://www.facebook.com/brightplanet/ 
Instagram: https://www.instagram.com/brightside.official 
TikTok: https://www.tiktok.com/@brightside.official?lang=en 

Stock materials (photos, footages and other): 
https://www.depositphotos.com 
https://www.shutterstock.com 
https://www.eastnews.ru 
---------------------------------------------------------------------------------------- 
For more videos and articles visit: http://www.brightside.me 
---------------------------------------------------------------------------------------- 
This video is made for entertainment purposes. We do not make any warranties about the completeness, safety and reliability. Any action you take upon the information in this video is strictly at your own risk, and we will not be liable for any damages or losses. It is the viewer's responsibility to use judgement, care and precaution if you plan to replicate.",2025-12-06T18:00:10Z,"['antarctic microbes', 'antarctica underground lake', 'astrobiology research', 'brightside', 'brightsideglobal', 'deep ice science', 'earth’s hidden worlds', 'enceladus ocean', 'europa life clues', 'extreme environment biology', 'extreme life on earth', 'frozen world mysteries', 'hidden lake antarctica', 'icy moon comparison', 'isolated ecosystems', 'life in darkness explained', 'life without sunlight', 'mystery', 'planet', 'scientific discovery antarctica', 'subglacial lake discovery', 'unusual life forms']",24,en-US,en-US,https://i.ytimg.com/vi/ATtEgal_mOI/default.jpg,https://i.ytimg.com/vi/ATtEgal_mOI/hqdefault.jpg,PT17M2S,6821,161,9,public,UC4rlAVgAK0SGk-yTfe48Qpw,BRIGHT SIDE,"Whether you’re into recent discoveries, space exploration, true stories, fitness, fun tests, and riddles, or useful tips for self-improvement, psychology, gadgets, or just your day-to-day routine, there’s something for everyone!

You can expect all that and more coming at you in 3 top-quality videos every single day. If you’ve got a thirst for knowledge that never quits, then join a community of tens of millions and growing! We have a good time, so take your shoes off, kick back, and make yourself at home here on the Bright Side of life!

Good news! We launched a new app for you 👉 http://bit.ly/Bs3App7
Join the world's largest community of good people! 😉

For brand partnership enquires: brands@thesoul-publishing.com",,https://yt3.ggpht.com/BimIuq2UYH1h-GQDEiV89I1dUEtpWVR8Mp_Q516vPN8rLw488Ap1G9ALhPUyqN8_HTPMbawTBDk=s88-c-k-c0x00ffffff-no-rj,44700000,10844
Vq0bDxwYv7M,Astronomers Discover Enormous Water Cloud in Deep Space,"A distant quasar hosts an enormous cloud of water vapor containing far more water than all oceans on Earth. Deep inside our own planet, researchers have identified a vast reservoir of water stored within mantle minerals far below the surface. Both discoveries highlight how water can exist in places that are difficult to observe directly.
Animation is created by Bright Side. 
---------------------------------------------------------------------------------------- 
Music from TheSoul Sound: https://thesoul-sound.com/ 

Check our Bright Side podcast on Spotify and leave a positive review! https://open.spotify.com/show/0hUkPxD34jRLrMrJux4VxV 
Subscribe to Bright Side: https://goo.gl/rQTJZz 
---------------------------------------------------------------------------------------- 
Our Social Media: 
Facebook: https://www.facebook.com/brightplanet/ 
Instagram: https://www.instagram.com/brightside.official 
TikTok: https://www.tiktok.com/@brightside.official?lang=en 

Stock materials (photos, footages and other): 
https://www.depositphotos.com 
https://www.shutterstock.com 
https://www.eastnews.ru 
---------------------------------------------------------------------------------------- 
For more videos and articles visit: http://www.brightside.me 
---------------------------------------------------------------------------------------- 
This video is made for entertainment purposes. We do not make any warranties about the completeness, safety and reliability. Any action you take upon the information in this video is strictly at your own risk, and we will not be liable for any damages or losses. It is the viewer's responsibility to use judgement, care and precaution if you plan to replicate.",2025-12-06T16:01:01Z,"['amazing space', 'astronomy explained', 'astronomy facts', 'black holes', 'brightside', 'brightsideglobal', 'cosmic mystery', 'curiosities', 'deep space', 'earth', 'earth mysteries', 'galaxies', 'hidden oceans', 'mind blowing science', 'mystery', 'planet', 'planet science', 'science discoveries', 'science facts', 'space discoveries', 'space facts', 'space wonders', 'stars and planets', 'universe secrets', 'water in space', 'what lies beyond', 'world']",24,en,en,https://i.ytimg.com/vi/Vq0bDxwYv7M/default.jpg,https://i.ytimg.com/vi/Vq0bDxwYv7M/hqdefault.jpg,PT10M44S,9785,249,16,public,UC4rlAVgAK0SGk-yTfe48Qpw,BRIGHT SIDE,"Whether you’re into recent discoveries, space exploration, true stories, fitness, fun tests, and riddles, or useful tips for self-improvement, psychology, gadgets, or just your day-to-day routine, there’s something for everyone!

You can expect all that and more coming at you in 3 top-quality videos every single day. If you’ve got a thirst for knowledge that never quits, then join a community of tens of millions and growing! We have a good time, so take your shoes off, kick back, and make yourself at home here on the Bright Side of life!

Good news! We launched a new app for you 👉 http://bit.ly/Bs3App7
Join the world's largest community of good people! 😉

For brand partnership enquires: brands@thesoul-publishing.com",,https://yt3.ggpht.com/BimIuq2UYH1h-GQDEiV89I1dUEtpWVR8Mp_Q516vPN8rLw488Ap1G9ALhPUyqN8_HTPMbawTBDk=s88-c-k-c0x00ffffff-no-rj,44700000,10844
Ft2MGFtRWYk,Huge Volcano Near Oregon Is Reaching Breaking Point,"A powerful underwater volcano in the Pacific is showing clear signs of increasing activity, with rising seafloor levels and growing magma pressure indicating a possible eruption in the near future. At the same time, researchers are tracking shifts along major fault zones that point to the buildup of stress capable of triggering a future megaquake. These events reflect the ongoing movement of Earth’s crust and the intense geological forces shaping the planet’s most active regions.
Animation is created by Bright Side. 
---------------------------------------------------------------------------------------- 
Music from TheSoul Sound: https://thesoul-sound.com/ 

Check our Bright Side podcast on Spotify and leave a positive review! https://open.spotify.com/show/0hUkPxD34jRLrMrJux4VxV 
Subscribe to Bright Side: https://goo.gl/rQTJZz 
---------------------------------------------------------------------------------------- 
Our Social Media: 
Facebook: https://www.facebook.com/brightplanet/ 
Instagram: https://www.instagram.com/brightside.official 
TikTok: https://www.tiktok.com/@brightside.official?lang=en 

Stock materials (photos, footages and other): 
https://www.depositphotos.com 
https://www.shutterstock.com 
https://www.eastnews.ru 
---------------------------------------------------------------------------------------- 
For more videos and articles visit: http://www.brightside.me 
---------------------------------------------------------------------------------------- 
This video is made for entertainment purposes. We do not make any warranties about the completeness, safety and reliability. Any action you take upon the information in this video is strictly at your own risk, and we will not be liable for any damages or losses. It is the viewer's responsibility to use judgement, care and precaution if you plan to replicate.",2025-12-06T10:23:19Z,"['brightside', 'brightsideglobal', 'cascadia', 'crust movement', 'curiosities', 'earth', 'earthquakes', 'eruption signs', 'fault lines', 'future events', 'megaquake', 'mystery', 'natural disaster', 'natural hazards', 'naturap phenomena', 'pacific region', 'planet', 'seafloor rise', 'tectonic forces', 'tectonic plates', 'underwater volcano', 'volcano', 'world']",24,en,en-US,https://i.ytimg.com/vi/Ft2MGFtRWYk/default.jpg,https://i.ytimg.com/vi/Ft2MGFtRWYk/hqdefault.jpg,PT18M34S,103856,711,49,public,UC4rlAVgAK0SGk-yTfe48Qpw,BRIGHT SIDE,"Whether you’re into recent discoveries, space exploration, true stories, fitness, fun tests, and riddles, or useful tips for self-improvement, psychology, gadgets, or just your day-to-day routine, there’s something for everyone!

You can expect all that and more coming at you in 3 top-quality videos every single day. If you’ve got a thirst for knowledge that never quits, then join a community of tens of millions and growing! We have a good time, so take your shoes off, kick back, and make yourself at home here on the Bright Side of life!

Good news! We launched a new app for you 👉 http://bit.ly/Bs3App7
Join the world's largest community of good people! 😉

For brand partnership enquires: brands@thesoul-publishing.com",,https://yt3.ggpht.com/BimIuq2UYH1h-GQDEiV89I1dUEtpWVR8Mp_Q516vPN8rLw488Ap1G9ALhPUyqN8_HTPMbawTBDk=s88-c-k-c0x00ffffff-no-rj,44700000,10844
o6eNmm8j4Pw,Airlines Save Millions by Switching Planes on the Same Route,"Airlines save millions by switching planes on the same route. Find out how the airline industry load factor, flight time calculators, and fuel-efficiency strategies influence aircraft choice and route profitability. See why planners rely on flight distance calculators and air miles data to match the right plane to every route and cut the operating cost per seat.
Discover how seasonal demand, aircraft load factor in aviation, and airport limits force fleet changes that slash fuel use and boost profits. Learn how using flight planner tools and optimizing route distance helps airlines save millions while making flights more efficient and ticket prices more competitive.

Credit:
NSH Aviation / YouTube https://www.youtube.com/watch?v=2QT_bRoTty0
PlaneMad / YouTube https://www.youtube.com/watch?v=QtskFPihsH4
Noel Philips / YouTube https://www.youtube.com/watch?v=s6Mb8NzCb94&t=292s
Boeing / YouTube https://www.youtube.com/watch?v=09Tn_vqJY7A
Airbus / YouTube https://www.youtube.com/watch?v=5ES-teTIw7k
ETC wings / YouTube https://www.youtube.com/watch?v=JL_Y6lwSEPI
Aviation & Military Adventures by Tufan Sevincel / YouTube https://www.youtube.com/watch?v=6pK9uqF4y7c
Sam Chui / YouTube https://www.youtube.com/watch?v=IulF2NnBqXM
Animation is created by Bright Side.

---------------------------------------------------------------------------------------- 
Music from TheSoul Sound: https://thesoul-sound.com/ 

Check our Bright Side podcast on Spotify and leave a positive review! https://open.spotify.com/show/0hUkPxD34jRLrMrJux4VxV 
Subscribe to Bright Side: https://goo.gl/rQTJZz 
---------------------------------------------------------------------------------------- 
Our Social Media: 
Facebook: https://www.facebook.com/brightplanet/ 
Instagram: https://www.instagram.com/brightside.official 
TikTok: https://www.tiktok.com/@brightside.official?lang=en 

Stock materials (photos, footages and other): 
https://www.depositphotos.com 
https://www.shutterstock.com 
https://www.eastnews.ru 
---------------------------------------------------------------------------------------- 
For more videos and articles visit: http://www.brightside.me 
---------------------------------------------------------------------------------------- 
This video is made for entertainment purposes. We do not make any warranties about the completeness, safety and reliability. Any action you take upon the information in this video is strictly at your own risk, and we will not be liable for any damages or losses. It is the viewer's responsibility to use judgement, care and precaution if you plan to replicate.",2025-12-06T01:01:17Z,"['aircraft efficiency', 'aircraft performance differences', 'aircraft rotation strategy', 'airline business video', 'airline cost cutting', 'airline fuel savings', 'airline route planning', 'airlines save money', 'aviation documentary', 'aviation secrets', 'behind the scenes airlines', 'brightside', 'curiosities', 'flight efficiency explained', 'fuel economy planes', 'fuel efficient aircraft', 'how airlines save money', 'mystery', 'plane swap strategy', 'planet', 'smarter flight operations', 'world']",24,en-US,en-US,https://i.ytimg.com/vi/o6eNmm8j4Pw/default.jpg,https://i.ytimg.com/vi/o6eNmm8j4Pw/hqdefault.jpg,PT8M51S,6947,148,8,public,UC4rlAVgAK0SGk-yTfe48Qpw,BRIGHT SIDE,"Whether you’re into recent discoveries, space exploration, true stories, fitness, fun tests, and riddles, or useful tips for self-improvement, psychology, gadgets, or just your day-to-day routine, there’s something for everyone!

You can expect all that and more coming at you in 3 top-quality videos every single day. If you’ve got a thirst for knowledge that never quits, then join a community of tens of millions and growing! We have a good time, so take your shoes off, kick back, and make yourself at home here on the Bright Side of life!

Good news! We launched a new app for you 👉 http://bit.ly/Bs3App7
Join the world's largest community of good people! 😉

For brand partnership enquires: brands@thesoul-publishing.com",,https://yt3.ggpht.com/BimIuq2UYH1h-GQDEiV89I1dUEtpWVR8Mp_Q516vPN8rLw488Ap1G9ALhPUyqN8_HTPMbawTBDk=s88-c-k-c0x00ffffff-no-rj,44700000,10844
Uq9d18Kibpw,What Really Happened in the Biggest Heist in Louvre History,"The biggest heist in Louvre history shook the world in October 2025, and people still can’t believe how the thieves pulled it off right under the noses of one of the most secure museums on the planet. The whole thing unfolded like a movie: alarms never tripped, guards saw nothing unusual, and by the time anyone realized what happened, priceless pieces had vanished without leaving a single obvious trace. Investigators discovered that the thieves exploited tiny timing gaps in the museum’s overnight routines and used insider knowledge that suggested someone on the outside had help from someone on the inside. The case quickly spiraled into a tangle of suspects, secret communications, forged access badges, and technology clever enough to fool even advanced security systems. 

Animation is created by Bright Side. 
---------------------------------------------------------------------------------------- 
Music from TheSoul Sound: https://thesoul-sound.com/ 

Check our Bright Side podcast on Spotify and leave a positive review! https://open.spotify.com/show/0hUkPxD34jRLrMrJux4VxV 
Subscribe to Bright Side: https://goo.gl/rQTJZz 
---------------------------------------------------------------------------------------- 
Our Social Media: 
Facebook: https://www.facebook.com/brightplanet/ 
Instagram: https://www.instagram.com/brightside.official 
TikTok: https://www.tiktok.com/@brightside.official?lang=en 

Stock materials (photos, footages and other): 
https://www.depositphotos.com 
https://www.shutterstock.com 
https://www.eastnews.ru 
---------------------------------------------------------------------------------------- 
For more videos and articles visit: http://www.brightside.me 
---------------------------------------------------------------------------------------- 
This video is made for entertainment purposes. We do not make any warranties about the completeness, safety and reliability. Any action you take upon the information in this video is strictly at your own risk, and we will not be liable for any damages or losses. It is the viewer's responsibility to use judgement, care and precaution if you plan to replicate.",2025-12-06T00:00:46Z,"['brightside', 'earth', 'mystery', 'planet', 'world', 'louvre heist 2025', 'biggest museum theft', 'art heist mystery', 'stolen art louvre', '2025 robbery louvre', 'museum security breach', 'art crime documentary', 'unsolved heist', 'international art theft', 'high tech heist', 'priceless art stolen', 'louvre investigation', 'shocking art theft', 'mysterious robbery paris', 'art world scandal', 'criminal mastermind heist', 'undercover art crime', 'famous museum heist', 'stolen masterpieces', 'true crime art story']",24,en-US,en-US,https://i.ytimg.com/vi/Uq9d18Kibpw/default.jpg,https://i.ytimg.com/vi/Uq9d18Kibpw/hqdefault.jpg,PT9M4S,4682,68,2,public,UC4rlAVgAK0SGk-yTfe48Qpw,BRIGHT SIDE,"Whether you’re into recent discoveries, space exploration, true stories, fitness, fun tests, and riddles, or useful tips for self-improvement, psychology, gadgets, or just your day-to-day routine, there’s something for everyone!

You can expect all that and more coming at you in 3 top-quality videos every single day. If you’ve got a thirst for knowledge that never quits, then join a community of tens of millions and growing! We have a good time, so take your shoes off, kick back, and make yourself at home here on the Bright Side of life!

Good news! We launched a new app for you 👉 http://bit.ly/Bs3App7
Join the world's largest community of good people! 😉

For brand partnership enquires: brands@thesoul-publishing.com",,https://yt3.ggpht.com/BimIuq2UYH1h-GQDEiV89I1dUEtpWVR8Mp_Q516vPN8rLw488Ap1G9ALhPUyqN8_HTPMbawTBDk=s88-c-k-c0x00ffffff-no-rj,44700000,10844
AtVs9_dFBOs,Mystery of This Lighthouse Is Unresolved for 120 Years,"The mystery surrounding the Flannan Isles Lighthouse has stayed unsolved for more than 120 years, and the story still gives people chills. In 1900, three lighthouse keepers—Thomas Marshall, James Ducat, and Donald MacArthur—vanished from a remote station off the west coast of Scotland under unbelievably strange circumstances. A fourth keeper normally rotated in from shore, and when he arrived on December 26, he found the lighthouse completely empty with no sign of the men anywhere. The only clue he spotted was a single overturned chair by the kitchen table, as if someone left in a hurry. With no bodies recovered and no clear explanation, the theories exploded: maybe the men drowned, maybe foreign spies abducted them, maybe a ghost ship appeared, or maybe something far more terrifying came out of the ocean. 

Animation is created by Bright Side.
----------------------------------------------------------------------------------------
Music from TheSoul Sound: https://thesoul-sound.com/
 
Check our Bright Side podcast on Spotify and leave a positive review! https://open.spotify.com/show/0hUkPxD34jRLrMrJux4VxV
 
Subscribe to Bright Side: https://goo.gl/rQTJZz
----------------------------------------------------------------------------------------
Our Social Media:
Facebook: https://www.facebook.com/brightside
Instagram: https://www.instagram.com/brightside.official
TikTok: https://www.tiktok.com/@brightside.official?lang=en
Telegram: https://t.me/bright_side_official
 
Stock materials (photos, footages and other):
https://www.depositphotos.com
https://www.shutterstock.com
https://www.eastnews.ru
----------------------------------------------------------------------------------------
 For more videos and articles visit:
http://www.brightside.me
 ----------------------------------------------------------------------------------------
This video is made for entertainment purposes. We do not make any warranties about the completeness, safety and reliability. Any action you take upon the information in this video is strictly at your own risk, and we will not be liable for any damages or losses. It is the viewer's responsibility to use judgement, care and precaution if you plan to replicate.",2025-12-05T23:00:13Z,"['1900 lighthouse case', 'brightside', 'brightsideglobal', 'creepy lighthouse story', 'disappearance theories', 'eerie historical events', 'flannan isles unsolved', 'ghost ship theories', 'historical disappearance', 'lighthouse legends', 'maritime mystery', 'mysterious scotland stories', 'mystery', 'planet', 'scottish islands mystery', 'sea monster mystery', 'strange disappearances', 'true mystery story', 'unexplained lighthouse case', 'unsolved mysteries documentary', 'unsolved scottish mystery']",24,en-US,en-US,https://i.ytimg.com/vi/AtVs9_dFBOs/default.jpg,https://i.ytimg.com/vi/AtVs9_dFBOs/hqdefault.jpg,PT10M45S,3328,59,1,public,UC4rlAVgAK0SGk-yTfe48Qpw,BRIGHT SIDE,"Whether you’re into recent discoveries, space exploration, true stories, fitness, fun tests, and riddles, or useful tips for self-improvement, psychology, gadgets, or just your day-to-day routine, there’s something for everyone!

You can expect all that and more coming at you in 3 top-quality videos every single day. If you’ve got a thirst for knowledge that never quits, then join a community of tens of millions and growing! We have a good time, so take your shoes off, kick back, and make yourself at home here on the Bright Side of life!

Good news! We launched a new app for you 👉 http://bit.ly/Bs3App7
Join the world's largest community of good people! 😉

For brand partnership enquires: brands@thesoul-publishing.com",,https://yt3.ggpht.com/BimIuq2UYH1h-GQDEiV89I1dUEtpWVR8Mp_Q516vPN8rLw488Ap1G9ALhPUyqN8_HTPMbawTBDk=s88-c-k-c0x00ffffff-no-rj,44700000,10844
M3rs886Imgk,Anonymous Millionaire Is Building an Underwater City in England,"Two major futuristic projects are shaping discussions about the future of urban development. One is a privately funded attempt to create an underwater living environment in the UK, supported by a secret investor. The other is Saudi Arabia’s multi-trillion-dollar linear city, facing growing challenges despite its scale and ambition. Both topics reveal how visionary ideas interact with engineering limits, economic pressures, and the realities of turning ambitious concepts into functioning places.
Animation is created by Bright Side. 
---------------------------------------------------------------------------------------- 
Music from TheSoul Sound: https://thesoul-sound.com/ 

Check our Bright Side podcast on Spotify and leave a positive review! https://open.spotify.com/show/0hUkPxD34jRLrMrJux4VxV 
Subscribe to Bright Side: https://goo.gl/rQTJZz 
---------------------------------------------------------------------------------------- 
Our Social Media: 
Facebook: https://www.facebook.com/brightplanet/ 
Instagram: https://www.instagram.com/brightside.official 
TikTok: https://www.tiktok.com/@brightside.official?lang=en 

Stock materials (photos, footages and other): 
https://www.depositphotos.com 
https://www.shutterstock.com 
https://www.eastnews.ru 
---------------------------------------------------------------------------------------- 
For more videos and articles visit: http://www.brightside.me 
---------------------------------------------------------------------------------------- 
This video is made for entertainment purposes. We do not make any warranties about the completeness, safety and reliability. Any action you take upon the information in this video is strictly at your own risk, and we will not be liable for any damages or losses. It is the viewer's responsibility to use judgement, care and precaution if you plan to replicate.",2025-12-05T18:00:33Z,"['architecture', 'brightside', 'brightsideglobal', 'city planning', 'curiosities', 'earth', 'economic challenges', 'engineering', 'future cities', 'futuristic design', 'global projects', 'infrastructure', 'innovation', 'megaprojects', 'modern engineering', 'mystery', 'ocean engineering', 'planet', 'saudi arabia', 'sustainable living', 'technology', 'the line', 'underwater city', 'urban development', 'world']",24,en,en,https://i.ytimg.com/vi/M3rs886Imgk/default.jpg,https://i.ytimg.com/vi/M3rs886Imgk/hqdefault.jpg,PT18M5S,5194,129,14,public,UC4rlAVgAK0SGk-yTfe48Qpw,BRIGHT SIDE,"Whether you’re into recent discoveries, space exploration, true stories, fitness, fun tests, and riddles, or useful tips for self-improvement, psychology, gadgets, or just your day-to-day routine, there’s something for everyone!

You can expect all that and more coming at you in 3 top-quality videos every single day. If you’ve got a thirst for knowledge that never quits, then join a community of tens of millions and growing! We have a good time, so take your shoes off, kick back, and make yourself at home here on the Bright Side of life!

Good news! We launched a new app for you 👉 http://bit.ly/Bs3App7
Join the world's largest community of good people! 😉

For brand partnership enquires: brands@thesoul-publishing.com",,https://yt3.ggpht.com/BimIuq2UYH1h-GQDEiV89I1dUEtpWVR8Mp_Q516vPN8rLw488Ap1G9ALhPUyqN8_HTPMbawTBDk=s88-c-k-c0x00ffffff-no-rj,44700000,10844
1wWknJ2tlB0,You Won’t See These Snow Hazards Coming - Until It’s Too Late,"Snow isn’t always white, and when it changes color, it can reveal hidden dangers that most people walk right over without noticing. Red snow, often called “watermelon snow,” gets its color from algae that can release toxins and make melting snow unsafe to drink. Yellow snow can signal chemical contamination from vehicles or industrial areas, while black snow often contains soot and particles that are harmful to breathe. Even green or orange snow can appear after unusual algal blooms or pollution events that warn scientists something is seriously off in the environment. And in this video, you’ll learn how each color of snow forms and why paying attention to it could actually keep you safe outdoors.

Animation is created by Bright Side. 
---------------------------------------------------------------------------------------- 
Music from TheSoul Sound: https://thesoul-sound.com/ 

Check our Bright Side podcast on Spotify and leave a positive review! https://open.spotify.com/show/0hUkPxD34jRLrMrJux4VxV 
Subscribe to Bright Side: https://goo.gl/rQTJZz 
---------------------------------------------------------------------------------------- 
Our Social Media: 
Facebook: https://www.facebook.com/brightplanet/ 
Instagram: https://www.instagram.com/brightside.official 
TikTok: https://www.tiktok.com/@brightside.official?lang=en 

Stock materials (photos, footages and other): 
https://www.depositphotos.com 
https://www.shutterstock.com 
https://www.eastnews.ru 
---------------------------------------------------------------------------------------- 
For more videos and articles visit: http://www.brightside.me 
---------------------------------------------------------------------------------------- 
This video is made for entertainment purposes. We do not make any warranties about the completeness, safety and reliability. Any action you take upon the information in this video is strictly at your own risk, and we will not be liable for any damages or losses. It is the viewer's responsibility to use judgement, care and precaution if you plan to replicate.",2025-12-05T16:00:03Z,"['brightside', 'brightsideglobal', 'colored snow explained', 'curiosities', 'dangerous snow types', 'dangerous winter phenomena', 'earth', 'environmental warning signs', 'mystery', 'outdoor safety winter', 'planet', 'polluted snow effects', 'snow algae toxins', 'snow color meanings', 'snow safety tips', 'strange snow colors', 'toxic snow colors', 'unusual snow facts', 'watermelon snow danger', 'winter hazards', 'winter science video', 'world', 'yellow snow contamination']",24,en-US,en-US,https://i.ytimg.com/vi/1wWknJ2tlB0/default.jpg,https://i.ytimg.com/vi/1wWknJ2tlB0/hqdefault.jpg,PT18M35S,6153,121,6,public,UC4rlAVgAK0SGk-yTfe48Qpw,BRIGHT SIDE,"Whether you’re into recent discoveries, space exploration, true stories, fitness, fun tests, and riddles, or useful tips for self-improvement, psychology, gadgets, or just your day-to-day routine, there’s something for everyone!

You can expect all that and more coming at you in 3 top-quality videos every single day. If you’ve got a thirst for knowledge that never quits, then join a community of tens of millions and growing! We have a good time, so take your shoes off, kick back, and make yourself at home here on the Bright Side of life!

Good news! We launched a new app for you 👉 http://bit.ly/Bs3App7
Join the world's largest community of good people! 😉

For brand partnership enquires: brands@thesoul-publishing.com",,https://yt3.ggpht.com/BimIuq2UYH1h-GQDEiV89I1dUEtpWVR8Mp_Q516vPN8rLw488Ap1G9ALhPUyqN8_HTPMbawTBDk=s88-c-k-c0x00ffffff-no-rj,44700000,10844
YaT1XFQc8-8,This Invisible Line Stops Animals — Here’s the Reason,"There’s an invisible line running through Indonesia that animals refuse to cross, and it splits the wildlife of Asia and Australia like two different worlds.
This boundary, known as the Wallace Line, marks where species suddenly change — tigers, elephants, and monkeys on one side, and kangaroos, cockatoos, and marsupials on the other.
Scientists discovered that deep ocean trenches and ancient sea levels kept these animal groups separated for millions of years, even when humans could cross freely by boat.
The line still affects evolution today, shaping ecosystems and creating one of the most dramatic natural divides on Earth.
And in this video, you’ll find out why this invisible barrier exists, how it formed, and what it reveals about the wild history of our planet.
Animation is created by Bright Side. 
---------------------------------------------------------------------------------------- 
Music from TheSoul Sound: https://thesoul-sound.com/ 

Check our Bright Side podcast on Spotify and leave a positive review! https://open.spotify.com/show/0hUkPxD34jRLrMrJux4VxV 
Subscribe to Bright Side: https://goo.gl/rQTJZz 
---------------------------------------------------------------------------------------- 
Our Social Media: 
Facebook: https://www.facebook.com/brightplanet/ 
Instagram: https://www.instagram.com/brightside.official 
TikTok: https://www.tiktok.com/@brightside.official?lang=en 

Stock materials (photos, footages and other): 
https://www.depositphotos.com 
https://www.shutterstock.com 
https://www.eastnews.ru 
---------------------------------------------------------------------------------------- 
For more videos and articles visit: http://www.brightside.me 
---------------------------------------------------------------------------------------- 
This video is made for entertainment purposes. We do not make any warranties about the completeness, safety and reliability. Any action you take upon the information in this video is strictly at your own risk, and we will not be liable for any damages or losses. It is the viewer's responsibility to use judgement, care and precaution if you plan to replicate.",2025-12-05T10:21:01Z,"['alfred russel wallace', 'ancient sea levels', 'animal distribution mystery', 'asian vs australian wildlife', 'australian species line', 'biodiversity boundary', 'biogeography explained', 'brightside', 'brightsideglobal', 'curiosities', 'deep ocean trench biology', 'earth', 'earth science video', 'evolution barrier', 'evolutionary history', 'geological divide', 'island biogeography', 'mystery', 'natural selection clues', 'planet', 'southeast asia wildlife', 'species divide indonesia', 'wallace line', 'world']",24,en,en-US,https://i.ytimg.com/vi/YaT1XFQc8-8/default.jpg,https://i.ytimg.com/vi/YaT1XFQc8-8/hqdefault.jpg,PT17M31S,7399,136,10,public,UC4rlAVgAK0SGk-yTfe48Qpw,BRIGHT SIDE,"Whether you’re into recent discoveries, space exploration, true stories, fitness, fun tests, and riddles, or useful tips for self-improvement, psychology, gadgets, or just your day-to-day routine, there’s something for everyone!

You can expect all that and more coming at you in 3 top-quality videos every single day. If you’ve got a thirst for knowledge that never quits, then join a community of tens of millions and growing! We have a good time, so take your shoes off, kick back, and make yourself at home here on the Bright Side of life!

Good news! We launched a new app for you 👉 http://bit.ly/Bs3App7
Join the world's largest community of good people! 😉

For brand partnership enquires: brands@thesoul-publishing.com",,https://yt3.ggpht.com/BimIuq2UYH1h-GQDEiV89I1dUEtpWVR8Mp_Q516vPN8rLw488Ap1G9ALhPUyqN8_HTPMbawTBDk=s88-c-k-c0x00ffffff-no-rj,44700000,10844
Ql__HaCi9r4,Scientists Detect Water on Uranus’s Moon,"Scientists have detected signs of water on one of Uranus’s moons, revealing that this frozen world might be far more active than anyone expected. New data from telescopes show chemical fingerprints that hint at salty liquid water rising from below the surface, a clue that the moon could hide a subsurface ocean. If that’s true, it places Uranus’s moons alongside Europa and Enceladus as surprising contenders in the search for life within our own solar system. Researchers think tidal forces — the same stretching and squeezing that heats other ocean worlds — might be keeping this moon warm enough for liquid water to exist. And in this video, you’ll explore what this discovery means for future missions and why scientists now believe Uranus may be hiding multiple ocean worlds in plain sight.

Animation is created by Bright Side. 
---------------------------------------------------------------------------------------- 
Music from TheSoul Sound: https://thesoul-sound.com/ 

Check our Bright Side podcast on Spotify and leave a positive review! https://open.spotify.com/show/0hUkPxD34jRLrMrJux4VxV 
Subscribe to Bright Side: https://goo.gl/rQTJZz 
---------------------------------------------------------------------------------------- 
Our Social Media: 
Facebook: https://www.facebook.com/brightplanet/ 
Instagram: https://www.instagram.com/brightside.official 
TikTok: https://www.tiktok.com/@brightside.official?lang=en 

Stock materials (photos, footages and other): 
https://www.depositphotos.com 
https://www.shutterstock.com 
https://www.eastnews.ru 
---------------------------------------------------------------------------------------- 
For more videos and articles visit: http://www.brightside.me 
---------------------------------------------------------------------------------------- 
This video is made for entertainment purposes. We do not make any warranties about the completeness, safety and reliability. Any action you take upon the information in this video is strictly at your own risk, and we will not be liable for any damages or losses. It is the viewer's responsibility to use judgement, care and precaution if you plan to replicate.",2025-12-05T01:00:41Z,"['astrobiology clues', 'astronomy discoveries', 'brightside', 'brightsideglobal', 'curiosities', 'earth', 'hidden ocean moons', 'icy moon research', 'icy moon water', 'mystery', 'nasa future missions', 'ocean worlds solar system', 'planet', 'planetary science documentary', 'search for life moons', 'space discovery 2024', 'space science video', 'subsurface ocean uranus', 'telescope water detection', 'tidal heating ocean worlds', 'uranus exploration', 'uranus moons explained', 'world']",24,en-US,en-US,https://i.ytimg.com/vi/Ql__HaCi9r4/default.jpg,https://i.ytimg.com/vi/Ql__HaCi9r4/hqdefault.jpg,PT9M38S,7548,171,18,public,UC4rlAVgAK0SGk-yTfe48Qpw,BRIGHT SIDE,"Whether you’re into recent discoveries, space exploration, true stories, fitness, fun tests, and riddles, or useful tips for self-improvement, psychology, gadgets, or just your day-to-day routine, there’s something for everyone!

You can expect all that and more coming at you in 3 top-quality videos every single day. If you’ve got a thirst for knowledge that never quits, then join a community of tens of millions and growing! We have a good time, so take your shoes off, kick back, and make yourself at home here on the Bright Side of life!

Good news! We launched a new app for you 👉 http://bit.ly/Bs3App7
Join the world's largest community of good people! 😉

For brand partnership enquires: brands@thesoul-publishing.com",,https://yt3.ggpht.com/BimIuq2UYH1h-GQDEiV89I1dUEtpWVR8Mp_Q516vPN8rLw488Ap1G9ALhPUyqN8_HTPMbawTBDk=s88-c-k-c0x00ffffff-no-rj,44700000,10844
PNS2BMpDm78,The Oldest Tree on Earth Is Kept Hidden in the U.S. But Why,"The oldest known tree on Earth is quietly growing somewhere in the U.S., but its exact location stays secret to protect it from vandalism and curious tourists.
This ancient bristlecone pine has survived for nearly 5,000 years, outlasting entire civilizations, ice-cold winters, scorching droughts, and storms that would level most other trees. Scientists discovered its age by analyzing tree rings, which work like a natural timeline showing every year the tree has lived through. The forest where it stands also holds other trees almost as old, making the region one of the most extraordinary living museums on the planet. And in this video, you’ll see why researchers hide its location and what this tree can teach us about climate history, resilience, and the passage of deep time.

Animation is created by Bright Side. 
---------------------------------------------------------------------------------------- 
Music from TheSoul Sound: https://thesoul-sound.com/ 

Check our Bright Side podcast on Spotify and leave a positive review! https://open.spotify.com/show/0hUkPxD34jRLrMrJux4VxV 
Subscribe to Bright Side: https://goo.gl/rQTJZz 
---------------------------------------------------------------------------------------- 
Our Social Media: 
Facebook: https://www.facebook.com/brightplanet/ 
Instagram: https://www.instagram.com/brightside.official 
TikTok: https://www.tiktok.com/@brightside.official?lang=en 

Stock materials (photos, footages and other): 
https://www.depositphotos.com 
https://www.shutterstock.com 
https://www.eastnews.ru 
---------------------------------------------------------------------------------------- 
For more videos and articles visit: http://www.brightside.me 
---------------------------------------------------------------------------------------- 
This video is made for entertainment purposes. We do not make any warranties about the completeness, safety and reliability. Any action you take upon the information in this video is strictly at your own risk, and we will not be liable for any damages or losses. It is the viewer's responsibility to use judgement, care and precaution if you plan to replicate.",2025-12-04T22:00:27Z,"['ancient pine secrets', 'brightside', 'brightsideglobal', 'climate history tree', 'curiosities', 'dendrochronology explained', 'earth', 'extreme tree longevity', 'forest science', 'hidden oldest tree', 'long living organisms', 'mystery', 'natural history video', 'oldest living organism', 'oldest tree documentary', 'oldest tree on earth', 'planet', 'protected natural wonders', 'rare ancient trees', 'secret tree location', 'tree ring science', 'us ancient forest', 'us national forests', 'world']",24,en-US,en-US,https://i.ytimg.com/vi/PNS2BMpDm78/default.jpg,https://i.ytimg.com/vi/PNS2BMpDm78/hqdefault.jpg,PT8M56S,104262,1097,49,public,UC4rlAVgAK0SGk-yTfe48Qpw,BRIGHT SIDE,"Whether you’re into recent discoveries, space exploration, true stories, fitness, fun tests, and riddles, or useful tips for self-improvement, psychology, gadgets, or just your day-to-day routine, there’s something for everyone!

You can expect all that and more coming at you in 3 top-quality videos every single day. If you’ve got a thirst for knowledge that never quits, then join a community of tens of millions and growing! We have a good time, so take your shoes off, kick back, and make yourself at home here on the Bright Side of life!

Good news! We launched a new app for you 👉 http://bit.ly/Bs3App7
Join the world's largest community of good people! 😉

For brand partnership enquires: brands@thesoul-publishing.com",,https://yt3.ggpht.com/BimIuq2UYH1h-GQDEiV89I1dUEtpWVR8Mp_Q516vPN8rLw488Ap1G9ALhPUyqN8_HTPMbawTBDk=s88-c-k-c0x00ffffff-no-rj,44700000,10844
AxfR6mfxIMw,This Lake In Antarctica Changes All We Know About Life on Earth,"Hidden beneath Antarctica’s ice is a strange lake that flips our understanding of life on Earth by thriving in complete darkness, crushing pressure, and freezing temperatures.
Scientists discovered that microbes living here survive without sunlight by feeding on minerals and chemical reactions deep below the ice.
The water itself has been sealed off from the surface for millions of years, creating an isolated ecosystem unlike anything found elsewhere on the planet.
Researchers now believe this environment could mimic conditions on icy moons like Europa and Enceladus, making it a blueprint for discovering life beyond Earth.
And in this video, you’ll see how this mysterious Antarctic lake is rewriting what we thought was possible for life to endure.

Animation is created by Bright Side. 
---------------------------------------------------------------------------------------- 
Music from TheSoul Sound: https://thesoul-sound.com/ 

Check our Bright Side podcast on Spotify and leave a positive review! https://open.spotify.com/show/0hUkPxD34jRLrMrJux4VxV 
Subscribe to Bright Side: https://goo.gl/rQTJZz 
---------------------------------------------------------------------------------------- 
Our Social Media: 
Facebook: https://www.facebook.com/brightplanet/ 
Instagram: https://www.instagram.com/brightside.official 
TikTok: https://www.tiktok.com/@brightside.official?lang=en 

Stock materials (photos, footages and other): 
https://www.depositphotos.com 
https://www.shutterstock.com 
https://www.eastnews.ru 
---------------------------------------------------------------------------------------- 
For more videos and articles visit: http://www.brightside.me 
---------------------------------------------------------------------------------------- 
This video is made for entertainment purposes. We do not make any warranties about the completeness, safety and reliability. Any action you take upon the information in this video is strictly at your own risk, and we will not be liable for any damages or losses. It is the viewer's responsibility to use judgement, care and precaution if you plan to replicate.",2025-12-04T18:00:13Z,"['antarctic microbes', 'antarctica mysterious lake', 'antarctica secrets', 'astrobiology research', 'brightside', 'brightsideglobal', 'curiosities', 'deep ice science', 'earth', 'earth’s hidden ecosystems', 'europa analog', 'extreme life on earth', 'extreme microbes', 'frozen lake discoveries', 'frozen world mysteries', 'hidden lake antarctica', 'life in darkness', 'life without sunlight', 'mystery', 'planet', 'scientific discovery antarctica', 'subglacial lake life', 'unusual ecosystems', 'world']",24,en-US,en-US,https://i.ytimg.com/vi/AxfR6mfxIMw/default.jpg,https://i.ytimg.com/vi/AxfR6mfxIMw/hqdefault.jpg,PT20M46S,6001,99,6,public,UC4rlAVgAK0SGk-yTfe48Qpw,BRIGHT SIDE,"Whether you’re into recent discoveries, space exploration, true stories, fitness, fun tests, and riddles, or useful tips for self-improvement, psychology, gadgets, or just your day-to-day routine, there’s something for everyone!

You can expect all that and more coming at you in 3 top-quality videos every single day. If you’ve got a thirst for knowledge that never quits, then join a community of tens of millions and growing! We have a good time, so take your shoes off, kick back, and make yourself at home here on the Bright Side of life!

Good news! We launched a new app for you 👉 http://bit.ly/Bs3App7
Join the world's largest community of good people! 😉

For brand partnership enquires: brands@thesoul-publishing.com",,https://yt3.ggpht.com/BimIuq2UYH1h-GQDEiV89I1dUEtpWVR8Mp_Q516vPN8rLw488Ap1G9ALhPUyqN8_HTPMbawTBDk=s88-c-k-c0x00ffffff-no-rj,44700000,10844
6wNjhPrEyRo,Astronomers Detect a Giant Wall at the Edge of the Universe,"Explore the biggest mysteries of our universe in this collection of mind-bending space stories. From a giant cosmic wall hiding at the edge of the observable universe to the largest planet ever discovered, these videos take you on a journey far beyond our solar system. Simple explanations, stunning visuals, and real scientific discoveries - perfect for anyone who loves space, whether you’re a beginner or a seasoned fan.
Animation is created by Bright Side. 
---------------------------------------------------------------------------------------- 
Music from TheSoul Sound: https://thesoul-sound.com/ 

Check our Bright Side podcast on Spotify and leave a positive review! https://open.spotify.com/show/0hUkPxD34jRLrMrJux4VxV 
Subscribe to Bright Side: https://goo.gl/rQTJZz 
---------------------------------------------------------------------------------------- 
Our Social Media: 
Facebook: https://www.facebook.com/brightplanet/ 
Instagram: https://www.instagram.com/brightside.official 
TikTok: https://www.tiktok.com/@brightside.official?lang=en 

Stock materials (photos, footages and other): 
https://www.depositphotos.com 
https://www.shutterstock.com 
https://www.eastnews.ru 
---------------------------------------------------------------------------------------- 
For more videos and articles visit: http://www.brightside.me 
---------------------------------------------------------------------------------------- 
This video is made for entertainment purposes. We do not make any warranties about the completeness, safety and reliability. Any action you take upon the information in this video is strictly at your own risk, and we will not be liable for any damages or losses. It is the viewer's responsibility to use judgement, care and precaution if you plan to replicate.",2025-12-04T16:00:11Z,"['brightside', 'brightsideglobal', 'curiosities', 'earth', 'mystery', 'planet', 'world']",26,en,en,https://i.ytimg.com/vi/6wNjhPrEyRo/default.jpg,https://i.ytimg.com/vi/6wNjhPrEyRo/hqdefault.jpg,PT19M16S,12178,281,31,public,UC4rlAVgAK0SGk-yTfe48Qpw,BRIGHT SIDE,"Whether you’re into recent discoveries, space exploration, true stories, fitness, fun tests, and riddles, or useful tips for self-improvement, psychology, gadgets, or just your day-to-day routine, there’s something for everyone!

You can expect all that and more coming at you in 3 top-quality videos every single day. If you’ve got a thirst for knowledge that never quits, then join a community of tens of millions and growing! We have a good time, so take your shoes off, kick back, and make yourself at home here on the Bright Side of life!

Good news! We launched a new app for you 👉 http://bit.ly/Bs3App7
Join the world's largest community of good people! 😉

For brand partnership enquires: brands@thesoul-publishing.com",,https://yt3.ggpht.com/BimIuq2UYH1h-GQDEiV89I1dUEtpWVR8Mp_Q516vPN8rLw488Ap1G9ALhPUyqN8_HTPMbawTBDk=s88-c-k-c0x00ffffff-no-rj,44700000,10844
QxOI6_Q7rH0,Places On Earth Which Are WAY Scarier Than the Bermuda Triangle,"Some places on Earth make the Bermuda Triangle look tame, with disappearances, violent weather, and strange natural forces that defy explanation. From volcanic lakes that can explode without warning to deserts where entire caravans vanished, these regions have frightened explorers for centuries. Scientists now know that many of these “cursed” places hide rare geological or atmospheric conditions that can flip from calm to deadly in seconds. Whether it's magnetic anomalies, toxic gases, or unpredictable storms, each location has a real, scientific danger behind the legends. And in this video, you’ll explore the most terrifying spots on the planet and learn why they’re far scarier than the Bermuda Triangle ever was.
Animation is created by Bright Side. 
---------------------------------------------------------------------------------------- 
Music from TheSoul Sound: https://thesoul-sound.com/ 

Check our Bright Side podcast on Spotify and leave a positive review! https://open.spotify.com/show/0hUkPxD34jRLrMrJux4VxV 
Subscribe to Bright Side: https://goo.gl/rQTJZz 
---------------------------------------------------------------------------------------- 
Our Social Media: 
Facebook: https://www.facebook.com/brightplanet/ 
Instagram: https://www.instagram.com/brightside.official 
TikTok: https://www.tiktok.com/@brightside.official?lang=en 

Stock materials (photos, footages and other): 
https://www.depositphotos.com 
https://www.shutterstock.com 
https://www.eastnews.ru 
---------------------------------------------------------------------------------------- 
For more videos and articles visit: http://www.brightside.me 
---------------------------------------------------------------------------------------- 
This video is made for entertainment purposes. We do not make any warranties about the completeness, safety and reliability. Any action you take upon the information in this video is strictly at your own risk, and we will not be liable for any damages or losses. It is the viewer's responsibility to use judgement, care and precaution if you plan to replicate.",2025-12-04T11:25:14Z,"['atmospheric oddities', 'brightside', 'curiosities', 'cursed places earth', 'dangerous places on earth', 'dangerous travel spots', 'deadly natural phenomena', 'earth', 'earth mysteries', 'extreme weather zones', 'geologic anomalies', 'magnetic anomalies', 'mysterious locations', 'mystery', 'natural hazards documentary', 'planet', 'real scary places', 'scary geography', 'strange earth facts', 'survival danger zones', 'terrifying natural wonders', 'toxic gas lakes', 'unexplained disappearances', 'world']",24,en,en-US,https://i.ytimg.com/vi/QxOI6_Q7rH0/default.jpg,https://i.ytimg.com/vi/QxOI6_Q7rH0/hqdefault.jpg,PT19M11S,7986,216,9,public,UC4rlAVgAK0SGk-yTfe48Qpw,BRIGHT SIDE,"Whether you’re into recent discoveries, space exploration, true stories, fitness, fun tests, and riddles, or useful tips for self-improvement, psychology, gadgets, or just your day-to-day routine, there’s something for everyone!

You can expect all that and more coming at you in 3 top-quality videos every single day. If you’ve got a thirst for knowledge that never quits, then join a community of tens of millions and growing! We have a good time, so take your shoes off, kick back, and make yourself at home here on the Bright Side of life!

Good news! We launched a new app for you 👉 http://bit.ly/Bs3App7
Join the world's largest community of good people! 😉

For brand partnership enquires: brands@thesoul-publishing.com",,https://yt3.ggpht.com/BimIuq2UYH1h-GQDEiV89I1dUEtpWVR8Mp_Q516vPN8rLw488Ap1G9ALhPUyqN8_HTPMbawTBDk=s88-c-k-c0x00ffffff-no-rj,44700000,10844
GhOpEzYriTo,Scientists Made a Terrifying New Discovery Hidden in Australia,"Strange natural glass discovered in southern Australia has turned out to be tektites from a massive asteroid impact that likely happened around 11 million years ago. Researchers found that their chemical makeup doesn’t match the famous Australasian tektite field, suggesting these pieces came from an entirely different collision. The glass was created when an asteroid slammed into Earth with such force that surface rock melted, blasted into the atmosphere, and rained back down as glassy droplets. This unexpected find hints at a long-missing impact crater somewhere in the region, one large enough to reshape landscapes and trigger global atmospheric effects. In this video, you’ll learn why these unusual tektites could rewrite part of Earth’s impact history and point to a mysterious event we never knew happened.

Animation is created by Bright Side. 
---------------------------------------------------------------------------------------- 
Music from TheSoul Sound: https://thesoul-sound.com/ 

Check our Bright Side podcast on Spotify and leave a positive review! https://open.spotify.com/show/0hUkPxD34jRLrMrJux4VxV 
Subscribe to Bright Side: https://goo.gl/rQTJZz 
---------------------------------------------------------------------------------------- 
Our Social Media: 
Facebook: https://www.facebook.com/brightplanet/ 
Instagram: https://www.instagram.com/brightside.official 
TikTok: https://www.tiktok.com/@brightside.official?lang=en 

Stock materials (photos, footages and other): 
https://www.depositphotos.com 
https://www.shutterstock.com 
https://www.eastnews.ru 
---------------------------------------------------------------------------------------- 
For more videos and articles visit: http://www.brightside.me 
---------------------------------------------------------------------------------------- 
This video is made for entertainment purposes. We do not make any warranties about the completeness, safety and reliability. Any action you take upon the information in this video is strictly at your own risk, and we will not be liable for any damages or losses. It is the viewer's responsibility to use judgement, care and precaution if you plan to replicate.",2025-12-04T01:00:31Z,"['11 million year impact', 'ancient asteroid strike', 'asteroid impact evidence', 'asteroid science', 'australian geology', 'australian tektites', 'brightside', 'brightsideglobal', 'curiosities', 'earth', 'earth history mysteries', 'earth impact events', 'earth’s past impacts', 'geological analysis', 'geology discoveries', 'impact crater search', 'meteorite collision history', 'meteorite evidence', 'mystery', 'natural glass formation', 'planet', 'planetary science', 'tektite research', 'unexplained tektites', 'world']",24,en-US,en-US,https://i.ytimg.com/vi/GhOpEzYriTo/default.jpg,https://i.ytimg.com/vi/GhOpEzYriTo/hqdefault.jpg,PT9M2S,47020,628,38,public,UC4rlAVgAK0SGk-yTfe48Qpw,BRIGHT SIDE,"Whether you’re into recent discoveries, space exploration, true stories, fitness, fun tests, and riddles, or useful tips for self-improvement, psychology, gadgets, or just your day-to-day routine, there’s something for everyone!

You can expect all that and more coming at you in 3 top-quality videos every single day. If you’ve got a thirst for knowledge that never quits, then join a community of tens of millions and growing! We have a good time, so take your shoes off, kick back, and make yourself at home here on the Bright Side of life!

Good news! We launched a new app for you 👉 http://bit.ly/Bs3App7
Join the world's largest community of good people! 😉

For brand partnership enquires: brands@thesoul-publishing.com",,https://yt3.ggpht.com/BimIuq2UYH1h-GQDEiV89I1dUEtpWVR8Mp_Q516vPN8rLw488Ap1G9ALhPUyqN8_HTPMbawTBDk=s88-c-k-c0x00ffffff-no-rj,44700000,10844
hSK6fzgM3_8,This Volcano Erupted So Fast That Tourists Had No Escape,"Forty-seven people were on New Zealand’s White Island, also known as Whakaari, when the stratovolcano erupted with almost no warning on December 9, 2019. Investigators discovered that pressure had been rising rapidly beneath the crater, creating a sudden steam-driven explosion that sent ash, gas, and rock blasting outward in seconds. The eruption unleashed a deadly pyroclastic surge that swept across the island so fast that tourists and guides had virtually no chance to escape.
Scientists now use this tragedy to better understand phreatic eruptions, the kind that show little or no clear signs before detonating with devastating force. And in this video, you’ll see how the disaster unfolded and what experts learned to help prevent similar volcanic catastrophes in the future.

Animation is created by Bright Side.
----------------------------------------------------------------------------------------
Music from TheSoul Sound: https://thesoul-sound.com/
 
Check our Bright Side podcast on Spotify and leave a positive review! https://open.spotify.com/show/0hUkPxD34jRLrMrJux4VxV
 
Subscribe to Bright Side: https://goo.gl/rQTJZz
----------------------------------------------------------------------------------------
Our Social Media:
Facebook: https://www.facebook.com/brightside
Instagram: https://www.instagram.com/brightside.official
TikTok: https://www.tiktok.com/@brightside.official?lang=en
Telegram: https://t.me/bright_side_official
 
Stock materials (photos, footages and other):
https://www.depositphotos.com
https://www.shutterstock.com
https://www.eastnews.ru
----------------------------------------------------------------------------------------
 For more videos and articles visit:
http://www.brightside.me
 ----------------------------------------------------------------------------------------
This video is made for entertainment purposes. We do not make any warranties about the completeness, safety and reliability. Any action you take upon the information in this video is strictly at your own risk, and we will not be liable for any damages or losses. It is the viewer's responsibility to use judgement, care and precaution if you plan to replicate.",2025-12-03T23:06:06Z,"['2019 white island', 'brightside', 'brightsideglobal', 'curiosities', 'deadly eruption facts', 'earth', 'earth science video', 'geologist insights', 'mystery', 'natural disaster analysis', 'new zealand volcano disaster', 'planet', 'pyroclastic surge', 'rapid eruption event', 'steam driven explosion', 'sudden volcanic eruption', 'tourists trapped volcano', 'volcanic hazards', 'volcanic risk zones', 'volcanic safety lessons', 'volcano documentary', 'whakaari volcano', 'white island eruption', 'world']",24,en-US,en-US,https://i.ytimg.com/vi/hSK6fzgM3_8/default.jpg,https://i.ytimg.com/vi/hSK6fzgM3_8/hqdefault.jpg,PT9M16S,12505,127,13,public,UC4rlAVgAK0SGk-yTfe48Qpw,BRIGHT SIDE,"Whether you’re into recent discoveries, space exploration, true stories, fitness, fun tests, and riddles, or useful tips for self-improvement, psychology, gadgets, or just your day-to-day routine, there’s something for everyone!

You can expect all that and more coming at you in 3 top-quality videos every single day. If you’ve got a thirst for knowledge that never quits, then join a community of tens of millions and growing! We have a good time, so take your shoes off, kick back, and make yourself at home here on the Bright Side of life!

Good news! We launched a new app for you 👉 http://bit.ly/Bs3App7
Join the world's largest community of good people! 😉

For brand partnership enquires: brands@thesoul-publishing.com",,https://yt3.ggpht.com/BimIuq2UYH1h-GQDEiV89I1dUEtpWVR8Mp_Q516vPN8rLw488Ap1G9ALhPUyqN8_HTPMbawTBDk=s88-c-k-c0x00ffffff-no-rj,44700000,10844
-qb-RPnWjDs,Giant Flood Changed The Earth's Landscape Forever,"A massive ancient flood once rushed across the planet with such force that it reshaped coastlines, carved valleys, and permanently altered Earth’s geography. Scientists believe that the Mediterranean Sea as we know it was formed when the Atlantic Ocean broke through the Strait of Gibraltar, triggering a gigantic waterfall unlike anything seen today. This cataclysmic event, known as the Zanclean Flood, may have filled the entire Mediterranean Basin in just a few years, creating roaring currents and walls of water hundreds of meters high. Geological evidence shows deep erosion, collapsed landscapes, and sudden sediment deposits that reveal how fast and violent this global transformation really was. And in this video, you’ll discover how this unbelievable flood shaped continents, ecosystems, and human history in ways we’re only beginning to understand.

Animation is created by Bright Side. 
---------------------------------------------------------------------------------------- 
Music from TheSoul Sound: https://thesoul-sound.com/ 

Check our Bright Side podcast on Spotify and leave a positive review! https://open.spotify.com/show/0hUkPxD34jRLrMrJux4VxV 
Subscribe to Bright Side: https://goo.gl/rQTJZz 
---------------------------------------------------------------------------------------- 
Our Social Media: 
Facebook: https://www.facebook.com/brightplanet/ 
Instagram: https://www.instagram.com/brightside.official 
TikTok: https://www.tiktok.com/@brightside.official?lang=en 

Stock materials (photos, footages and other): 
https://www.depositphotos.com 
https://www.shutterstock.com 
https://www.eastnews.ru 
---------------------------------------------------------------------------------------- 
For more videos and articles visit: http://www.brightside.me 
---------------------------------------------------------------------------------------- 
This video is made for entertainment purposes. We do not make any warranties about the completeness, safety and reliability. Any action you take upon the information in this video is strictly at your own risk, and we will not be liable for any damages or losses. It is the viewer's responsibility to use judgement, care and precaution if you plan to replicate.",2025-12-03T18:00:00Z,"['ancient earth mysteries', 'ancient erosion', 'ancient megaflood', 'brightside', 'catastrophic flood event', 'earth landscape changes', 'earth science video', 'earth transformation', 'earth’s past disasters', 'flood geology facts', 'geological evidence', 'giant flood earth history', 'global flood evidence', 'ice age meltwater', 'massive water events', 'megaflood landscape', 'megaflood science', 'mystery', 'natural disasters ancient times', 'planet', 'prehistoric floods', 'scientific documentary']",24,en-US,en-US,https://i.ytimg.com/vi/-qb-RPnWjDs/default.jpg,https://i.ytimg.com/vi/-qb-RPnWjDs/hqdefault.jpg,PT17M20S,4968,87,7,public,UC4rlAVgAK0SGk-yTfe48Qpw,BRIGHT SIDE,"Whether you’re into recent discoveries, space exploration, true stories, fitness, fun tests, and riddles, or useful tips for self-improvement, psychology, gadgets, or just your day-to-day routine, there’s something for everyone!

You can expect all that and more coming at you in 3 top-quality videos every single day. If you’ve got a thirst for knowledge that never quits, then join a community of tens of millions and growing! We have a good time, so take your shoes off, kick back, and make yourself at home here on the Bright Side of life!

Good news! We launched a new app for you 👉 http://bit.ly/Bs3App7
Join the world's largest community of good people! 😉

For brand partnership enquires: brands@thesoul-publishing.com",,https://yt3.ggpht.com/BimIuq2UYH1h-GQDEiV89I1dUEtpWVR8Mp_Q516vPN8rLw488Ap1G9ALhPUyqN8_HTPMbawTBDk=s88-c-k-c0x00ffffff-no-rj,44700000,10844
gZw_QIjVUZk,This Giant Supermachine Will Help Us Solve the Secrets of the Universe,"Deep underground in China sits a massive spherical structure that looks like a sci-fi portal, but it’s actually one of the world’s most advanced physics experiments.
This huge facility, called the Jiangmen Underground Neutrino Observatory or JUNO, is buried about 700 meters below the surface to shield it from cosmic interference.
Its mission is to detect neutrinos — the elusive “ghost particles” that stream through everything, including your body, by the trillions every second.
By studying how these particles behave, scientists hope to uncover clues about why matter exists, how the universe evolved, and whether our current physics models are missing something big.
And in this video, you’ll explore why JUNO could become one of the most important discoveries in the quest to understand the universe’s deepest mysteries.

Animation is created by Bright Side. 
---------------------------------------------------------------------------------------- 
Music from TheSoul Sound: https://thesoul-sound.com/ 

Check our Bright Side podcast on Spotify and leave a positive review! https://open.spotify.com/show/0hUkPxD34jRLrMrJux4VxV 
Subscribe to Bright Side: https://goo.gl/rQTJZz 
---------------------------------------------------------------------------------------- 
Our Social Media: 
Facebook: https://www.facebook.com/brightplanet/ 
Instagram: https://www.instagram.com/brightside.official 
TikTok: https://www.tiktok.com/@brightside.official?lang=en 

Stock materials (photos, footages and other): 
https://www.depositphotos.com 
https://www.shutterstock.com 
https://www.eastnews.ru 
---------------------------------------------------------------------------------------- 
For more videos and articles visit: http://www.brightside.me 
---------------------------------------------------------------------------------------- 
This video is made for entertainment purposes. We do not make any warranties about the completeness, safety and reliability. Any action you take upon the information in this video is strictly at your own risk, and we will not be liable for any damages or losses. It is the viewer's responsibility to use judgement, care and precaution if you plan to replicate.",2025-12-03T16:01:14Z,"['advanced observatory', 'astrophysics research', 'brightside', 'cosmic particles', 'deep underground science', 'earth', 'ghost particles explained', 'juno neutrino observatory', 'matter formation mystery', 'mysterious particles', 'mystery', 'neutrino detection', 'neutrino experiment china', 'neutrino oscillation study', 'neutrino science', 'particle physics documentary', 'physics breakthroughs', 'physics model upgrade', 'planet', 'underground physics lab', 'universe origins', 'universe puzzle clues', 'world']",24,en-US,en-US,https://i.ytimg.com/vi/gZw_QIjVUZk/default.jpg,https://i.ytimg.com/vi/gZw_QIjVUZk/hqdefault.jpg,PT19M43S,5945,154,15,public,UC4rlAVgAK0SGk-yTfe48Qpw,BRIGHT SIDE,"Whether you’re into recent discoveries, space exploration, true stories, fitness, fun tests, and riddles, or useful tips for self-improvement, psychology, gadgets, or just your day-to-day routine, there’s something for everyone!

You can expect all that and more coming at you in 3 top-quality videos every single day. If you’ve got a thirst for knowledge that never quits, then join a community of tens of millions and growing! We have a good time, so take your shoes off, kick back, and make yourself at home here on the Bright Side of life!

Good news! We launched a new app for you 👉 http://bit.ly/Bs3App7
Join the world's largest community of good people! 😉

For brand partnership enquires: brands@thesoul-publishing.com",,https://yt3.ggpht.com/BimIuq2UYH1h-GQDEiV89I1dUEtpWVR8Mp_Q516vPN8rLw488Ap1G9ALhPUyqN8_HTPMbawTBDk=s88-c-k-c0x00ffffff-no-rj,44700000,10844
r-4bA-76674,What Actually Happened in the World’s Worst Tornado,"Witness the raw power of tornadoes across centuries, from forgotten European disasters to the deadliest storms in U.S. history. Explore how entire towns vanished, how survivors endured the unimaginable, and how science uncovered what truly happened. See how tornado patterns are shifting today, moving into more populated regions and becoming increasingly dangerous. Learn why modern warning systems aren’t always enough and what experts believe is coming next.
Animation is created by Bright Side. 
---------------------------------------------------------------------------------------- 
Music from TheSoul Sound: https://thesoul-sound.com/ 

Check our Bright Side podcast on Spotify and leave a positive review! https://open.spotify.com/show/0hUkPxD34jRLrMrJux4VxV 
Subscribe to Bright Side: https://goo.gl/rQTJZz 
---------------------------------------------------------------------------------------- 
Our Social Media: 
Facebook: https://www.facebook.com/brightplanet/ 
Instagram: https://www.instagram.com/brightside.official 
TikTok: https://www.tiktok.com/@brightside.official?lang=en 

Stock materials (photos, footages and other): 
https://www.depositphotos.com 
https://www.shutterstock.com 
https://www.eastnews.ru 
---------------------------------------------------------------------------------------- 
For more videos and articles visit: http://www.brightside.me 
---------------------------------------------------------------------------------------- 
This video is made for entertainment purposes. We do not make any warranties about the completeness, safety and reliability. Any action you take upon the information in this video is strictly at your own risk, and we will not be liable for any damages or losses. It is the viewer's responsibility to use judgement, care and precaution if you plan to replicate.",2025-12-03T10:23:10Z,"['brightside', 'brightsideglobal', 'catastrophic events', 'climate change', 'curiosities', 'disaster footage', 'disaster science', 'earth', 'extreme weather', 'historical storms', 'meteorological phenomena', 'mystery', 'natural disasters', 'natural phenomena', 'nature power', 'planet', 'storm chasing', 'storm history', 'supercell storms', 'survival stories', 'tornado destruction', 'tornado formation', 'tornadoes', 'world']",24,en,en-US,https://i.ytimg.com/vi/r-4bA-76674/default.jpg,https://i.ytimg.com/vi/r-4bA-76674/hqdefault.jpg,PT18M34S,6917,192,6,public,UC4rlAVgAK0SGk-yTfe48Qpw,BRIGHT SIDE,"Whether you’re into recent discoveries, space exploration, true stories, fitness, fun tests, and riddles, or useful tips for self-improvement, psychology, gadgets, or just your day-to-day routine, there’s something for everyone!

You can expect all that and more coming at you in 3 top-quality videos every single day. If you’ve got a thirst for knowledge that never quits, then join a community of tens of millions and growing! We have a good time, so take your shoes off, kick back, and make yourself at home here on the Bright Side of life!

Good news! We launched a new app for you 👉 http://bit.ly/Bs3App7
Join the world's largest community of good people! 😉

For brand partnership enquires: brands@thesoul-publishing.com",,https://yt3.ggpht.com/BimIuq2UYH1h-GQDEiV89I1dUEtpWVR8Mp_Q516vPN8rLw488Ap1G9ALhPUyqN8_HTPMbawTBDk=s88-c-k-c0x00ffffff-no-rj,44700000,10844
sb9OyIxJVxU,Figure Out Who Did It Before It’s Too Late | Detective Riddles,"Figure out who did it before it’s too late with intense detective riddles, rapid-fire logic puzzles, and high-stakes mysteries designed to test your mind under pressure.
Uncover hidden clues, crack alibis, expose liars, and solve impossible cases using sharp observation skills and fast reasoning to outsmart every suspect.
Dive into thrilling crime scenarios, time-sensitive challenges, clever twists, and unpredictable outcomes that push your detective instincts to the limit.

Animation is created by Bright Side. 
---------------------------------------------------------------------------------------- 
Music from TheSoul Sound: https://thesoul-sound.com/ 

Check our Bright Side podcast on Spotify and leave a positive review! https://open.spotify.com/show/0hUkPxD34jRLrMrJux4VxV 
Subscribe to Bright Side: https://goo.gl/rQTJZz 
---------------------------------------------------------------------------------------- 
Our Social Media: 
Facebook: https://www.facebook.com/brightplanet/ 
Instagram: https://www.instagram.com/brightside.official 
TikTok: https://www.tiktok.com/@brightside.official?lang=en 

Stock materials (photos, footages and other): 
https://www.depositphotos.com 
https://www.shutterstock.com 
https://www.eastnews.ru 
---------------------------------------------------------------------------------------- 
For more videos and articles visit: http://www.brightside.me 
---------------------------------------------------------------------------------------- 
This video is made for entertainment purposes. We do not make any warranties about the completeness, safety and reliability. Any action you take upon the information in this video is strictly at your own risk, and we will not be liable for any damages or losses. It is the viewer's responsibility to use judgement, care and precaution if you plan to replicate.",2025-12-03T00:01:08Z,"['brain challenge', 'brain teasers', 'brightside', 'brightsideglobal', 'crime mystery quiz', 'crime riddles', 'crime solving puzzles', 'detective challenge', 'detective games', 'detective riddles', 'escape room riddles', 'figure out who did it', 'find the suspect', 'hardest riddles', 'impossible riddles', 'logic puzzles', 'mind puzzles', 'mystery', 'mystery challenge', 'mystery riddles', 'riddle challenge', 'riddle video', 'solve before time runs out', 'solve the mystery', 'who did it riddles']",24,en-US,en-US,https://i.ytimg.com/vi/sb9OyIxJVxU/default.jpg,https://i.ytimg.com/vi/sb9OyIxJVxU/hqdefault.jpg,PT11M,13533,168,14,public,UC4rlAVgAK0SGk-yTfe48Qpw,BRIGHT SIDE,"Whether you’re into recent discoveries, space exploration, true stories, fitness, fun tests, and riddles, or useful tips for self-improvement, psychology, gadgets, or just your day-to-day routine, there’s something for everyone!

You can expect all that and more coming at you in 3 top-quality videos every single day. If you’ve got a thirst for knowledge that never quits, then join a community of tens of millions and growing! We have a good time, so take your shoes off, kick back, and make yourself at home here on the Bright Side of life!

Good news! We launched a new app for you 👉 http://bit.ly/Bs3App7
Join the world's largest community of good people! 😉

For brand partnership enquires: brands@thesoul-publishing.com",,https://yt3.ggpht.com/BimIuq2UYH1h-GQDEiV89I1dUEtpWVR8Mp_Q516vPN8rLw488Ap1G9ALhPUyqN8_HTPMbawTBDk=s88-c-k-c0x00ffffff-no-rj,44700000,10844
1lcSXLPu63s,What They Don’t Tell You About the London Underground,"What they don’t tell you about the London Underground reveals hidden history, eerie secrets, abandoned stations, engineering wonders, and surprising truths buried beneath the city.
Discover untold stories of ghost platforms, wartime shelters, forgotten tunnels, mysterious legends, and the real challenges that shaped the world’s first underground railway.
Explore unusual facts about deep-level lines, ventilation puzzles, old infrastructure, unexpected design quirks, and the remarkable technology that keeps millions moving daily.
Learn shocking behind-the-scenes details, maintenance struggles, staff experiences, and the complex systems that passengers never see but rely on every single ride.

Animation is created by Bright Side.
----------------------------------------------------------------------------------------
Music from TheSoul Sound: https://thesoul-sound.com/
 
Check our Bright Side podcast on Spotify and leave a positive review! https://open.spotify.com/show/0hUkPxD34jRLrMrJux4VxV
 
Subscribe to Bright Side: https://goo.gl/rQTJZz
----------------------------------------------------------------------------------------
Our Social Media:
Facebook: https://www.facebook.com/brightside
Instagram: https://www.instagram.com/brightside.official
TikTok: https://www.tiktok.com/@brightside.official?lang=en
 
Stock materials (photos, footages and other):
https://www.depositphotos.com
https://www.shutterstock.com
https://www.eastnews.ru
----------------------------------------------------------------------------------------
 For more videos and articles visit:
http://www.brightside.me
 ----------------------------------------------------------------------------------------
This video is made for entertainment purposes. We do not make any warranties about the completeness, safety and reliability. Any action you take upon the information in this video is strictly at your own risk, and we will not be liable for any damages or losses. It is the viewer's responsibility to use judgement, care and precaution if you plan to replicate.",2025-12-02T22:10:29Z,"['abandoned tube stations', 'brightside', 'curiosities', 'deep level tube', 'disused stations', 'earth', 'hidden london tube', 'london metro facts', 'london rail history', 'london subway history', 'london transport secrets', 'london transportation', 'london tube myths', 'london underground secrets', 'london urban legends', 'mystery', 'planet', 'secret london', 'subway engineering', 'tfl secrets', 'tube exploration', 'tube mysteries', 'tube system explained', 'underground tunnels london', 'world']",24,en-US,en-US,https://i.ytimg.com/vi/1lcSXLPu63s/default.jpg,https://i.ytimg.com/vi/1lcSXLPu63s/hqdefault.jpg,PT8M46S,15116,278,11,public,UC4rlAVgAK0SGk-yTfe48Qpw,BRIGHT SIDE,"Whether you’re into recent discoveries, space exploration, true stories, fitness, fun tests, and riddles, or useful tips for self-improvement, psychology, gadgets, or just your day-to-day routine, there’s something for everyone!

You can expect all that and more coming at you in 3 top-quality videos every single day. If you’ve got a thirst for knowledge that never quits, then join a community of tens of millions and growing! We have a good time, so take your shoes off, kick back, and make yourself at home here on the Bright Side of life!

Good news! We launched a new app for you 👉 http://bit.ly/Bs3App7
Join the world's largest community of good people! 😉

For brand partnership enquires: brands@thesoul-publishing.com",,https://yt3.ggpht.com/BimIuq2UYH1h-GQDEiV89I1dUEtpWVR8Mp_Q516vPN8rLw488Ap1G9ALhPUyqN8_HTPMbawTBDk=s88-c-k-c0x00ffffff-no-rj,44700000,10844
9H2SYZivBZU,Scientists Warn California Could Face Its Worst Quake Yet,"California sits on one of the most unstable regions on the planet, where powerful forces deep underground are slowly building tension. Scientists have noticed worrying signs that the risk of a megathrust earthquake is rising, and the ground beneath the West Coast may be preparing for a major shift. What happens when these forces finally break free remains uncertain but the scale of the impact could reach far beyond California itself.
Animation is created by Bright Side. 
---------------------------------------------------------------------------------------- 
Music from TheSoul Sound: https://thesoul-sound.com/ 

Check our Bright Side podcast on Spotify and leave a positive review! https://open.spotify.com/show/0hUkPxD34jRLrMrJux4VxV 
Subscribe to Bright Side: https://goo.gl/rQTJZz 
---------------------------------------------------------------------------------------- 
Our Social Media: 
Facebook: https://www.facebook.com/brightplanet/ 
Instagram: https://www.instagram.com/brightside.official 
TikTok: https://www.tiktok.com/@brightside.official?lang=en 

Stock materials (photos, footages and other): 
https://www.depositphotos.com 
https://www.shutterstock.com 
https://www.eastnews.ru 
---------------------------------------------------------------------------------------- 
For more videos and articles visit: http://www.brightside.me 
---------------------------------------------------------------------------------------- 
This video is made for entertainment purposes. We do not make any warranties about the completeness, safety and reliability. Any action you take upon the information in this video is strictly at your own risk, and we will not be liable for any damages or losses. It is the viewer's responsibility to use judgement, care and precaution if you plan to replicate.",2025-12-02T18:00:11Z,"['brightside', 'brightsideglobal', 'california', 'cascadia subduction zone', 'curiosities', 'disaster preparedness', 'earth', 'earth forces', 'earthquake', 'earthquake science', 'fault lines', 'geology', 'megathrust quake', 'mystery', 'natural disasters', 'pacific coast', 'planet', 'san andreas', 'seismic activity', 'tectonic plates', 'tsunami risk', 'us earthquakes', 'west coast', 'world']",24,en,en,https://i.ytimg.com/vi/9H2SYZivBZU/default.jpg,https://i.ytimg.com/vi/9H2SYZivBZU/hqdefault.jpg,PT17M5S,14803,223,25,public,UC4rlAVgAK0SGk-yTfe48Qpw,BRIGHT SIDE,"Whether you’re into recent discoveries, space exploration, true stories, fitness, fun tests, and riddles, or useful tips for self-improvement, psychology, gadgets, or just your day-to-day routine, there’s something for everyone!

You can expect all that and more coming at you in 3 top-quality videos every single day. If you’ve got a thirst for knowledge that never quits, then join a community of tens of millions and growing! We have a good time, so take your shoes off, kick back, and make yourself at home here on the Bright Side of life!

Good news! We launched a new app for you 👉 http://bit.ly/Bs3App7
Join the world's largest community of good people! 😉

For brand partnership enquires: brands@thesoul-publishing.com",,https://yt3.ggpht.com/BimIuq2UYH1h-GQDEiV89I1dUEtpWVR8Mp_Q516vPN8rLw488Ap1G9ALhPUyqN8_HTPMbawTBDk=s88-c-k-c0x00ffffff-no-rj,44700000,10844
3-25kmE5pqs,"Sahara Is Doing Something Unexpected, And It’s Not All Good News","The Sahara is doing something wild right now as new satellite data shows some regions suddenly greening while other areas are expanding faster than scientists expected.
Climate researchers are linking these surprising changes to shifts in the West African Monsoon and rising ocean temperatures that are reshaping the desert’s boundaries.
Sahara dust is playing an even bigger global role than people realize, fertilizing the Amazon and affecting hurricane formation across the Atlantic. But the not-so-good news is that intense desertification is threatening farmland, ecosystems, and communities across the Sahel as weather patterns grow more unpredictable. And in this video, you’ll find out why the Sahara’s strange new behavior is becoming a major warning sign for future global climate stability.

Animation is created by Bright Side. 
---------------------------------------------------------------------------------------- 
Music from TheSoul Sound: https://thesoul-sound.com/ 

Check our Bright Side podcast on Spotify and leave a positive review! https://open.spotify.com/show/0hUkPxD34jRLrMrJux4VxV 
Subscribe to Bright Side: https://goo.gl/rQTJZz 
---------------------------------------------------------------------------------------- 
Our Social Media: 
Facebook: https://www.facebook.com/brightplanet/ 
Instagram: https://www.instagram.com/brightside.official 
TikTok: https://www.tiktok.com/@brightside.official?lang=en 

Stock materials (photos, footages and other): 
https://www.depositphotos.com 
https://www.shutterstock.com 
https://www.eastnews.ru 
---------------------------------------------------------------------------------------- 
For more videos and articles visit: http://www.brightside.me 
---------------------------------------------------------------------------------------- 
This video is made for entertainment purposes. We do not make any warranties about the completeness, safety and reliability. Any action you take upon the information in this video is strictly at your own risk, and we will not be liable for any damages or losses. It is the viewer's responsibility to use judgement, care and precaution if you plan to replicate.",2025-12-02T16:00:08Z,"['africa climate change', 'africa drought crisis', 'atmospheric shifts', 'brightside', 'changing sahara', 'climate data analysis', 'climate science', 'curiosities', 'desert climate facts', 'desert ecosystem changes', 'desertification crisis', 'earth', 'earth science documentary', 'environmental changes', 'extreme weather africa', 'mystery', 'planet', 'sahara desert changes', 'sahara expansion', 'sahara greening', 'sahara research', 'unexpected sahara news', 'west african monsoon', 'world']",24,en-US,en-US,https://i.ytimg.com/vi/3-25kmE5pqs/default.jpg,https://i.ytimg.com/vi/3-25kmE5pqs/hqdefault.jpg,PT17M55S,20934,329,20,public,UC4rlAVgAK0SGk-yTfe48Qpw,BRIGHT SIDE,"Whether you’re into recent discoveries, space exploration, true stories, fitness, fun tests, and riddles, or useful tips for self-improvement, psychology, gadgets, or just your day-to-day routine, there’s something for everyone!

You can expect all that and more coming at you in 3 top-quality videos every single day. If you’ve got a thirst for knowledge that never quits, then join a community of tens of millions and growing! We have a good time, so take your shoes off, kick back, and make yourself at home here on the Bright Side of life!

Good news! We launched a new app for you 👉 http://bit.ly/Bs3App7
Join the world's largest community of good people! 😉

For brand partnership enquires: brands@thesoul-publishing.com",,https://yt3.ggpht.com/BimIuq2UYH1h-GQDEiV89I1dUEtpWVR8Mp_Q516vPN8rLw488Ap1G9ALhPUyqN8_HTPMbawTBDk=s88-c-k-c0x00ffffff-no-rj,44700000,10844
CYv8WliXj9M,"Why Antarctica and South America Look The Same, But Upside Down","The far south of our planet hides some unexpected mysteries. Antarctica and South America share a surprising resemblance that raises questions about the ancient past of our world. At the same time, the waters beneath South America remain some of the most avoided and challenging on Earth, shaped by forces that are still not fully understood. These distant regions hold clues to dramatic events that shaped the planet and continue to influence it in ways we are only beginning to uncover.
Animation is created by Bright Side. 
---------------------------------------------------------------------------------------- 
Music from TheSoul Sound: https://thesoul-sound.com/ 

Check our Bright Side podcast on Spotify and leave a positive review! https://open.spotify.com/show/0hUkPxD34jRLrMrJux4VxV 
Subscribe to Bright Side: https://goo.gl/rQTJZz 
---------------------------------------------------------------------------------------- 
Our Social Media: 
Facebook: https://www.facebook.com/brightplanet/ 
Instagram: https://www.instagram.com/brightside.official 
TikTok: https://www.tiktok.com/@brightside.official?lang=en 

Stock materials (photos, footages and other): 
https://www.depositphotos.com 
https://www.shutterstock.com 
https://www.eastnews.ru 
---------------------------------------------------------------------------------------- 
For more videos and articles visit: http://www.brightside.me 
---------------------------------------------------------------------------------------- 
This video is made for entertainment purposes. We do not make any warranties about the completeness, safety and reliability. Any action you take upon the information in this video is strictly at your own risk, and we will not be liable for any damages or losses. It is the viewer's responsibility to use judgement, care and precaution if you plan to replicate.",2025-12-02T10:21:35Z,"['antarctica', 'antarctica facts', 'brightside', 'brightsideglobal', 'curiosities', 'earth', 'earth mysteries', 'geography secrets', 'global oceans', 'hidden history', 'intriguing facts', 'mysteries of earth', 'mystery', 'planet', 'planet history', 'south america', 'southern hemisphere', 'southern ocean', 'uncharted waters', 'world']",24,en,en-US,https://i.ytimg.com/vi/CYv8WliXj9M/default.jpg,https://i.ytimg.com/vi/CYv8WliXj9M/hqdefault.jpg,PT18M,14651,345,15,public,UC4rlAVgAK0SGk-yTfe48Qpw,BRIGHT SIDE,"Whether you’re into recent discoveries, space exploration, true stories, fitness, fun tests, and riddles, or useful tips for self-improvement, psychology, gadgets, or just your day-to-day routine, there’s something for everyone!

You can expect all that and more coming at you in 3 top-quality videos every single day. If you’ve got a thirst for knowledge that never quits, then join a community of tens of millions and growing! We have a good time, so take your shoes off, kick back, and make yourself at home here on the Bright Side of life!

Good news! We launched a new app for you 👉 http://bit.ly/Bs3App7
Join the world's largest community of good people! 😉

For brand partnership enquires: brands@thesoul-publishing.com",,https://yt3.ggpht.com/BimIuq2UYH1h-GQDEiV89I1dUEtpWVR8Mp_Q516vPN8rLw488Ap1G9ALhPUyqN8_HTPMbawTBDk=s88-c-k-c0x00ffffff-no-rj,44700000,10844
nJ9aWWDS_Ck,"If You Ever Spot This Circle Underwater, Get Out of There","Divers off Japan once thought they’d found underwater crop circles — perfect rings carved into the sand, shaped with the precision of a compass. No one knew who was making them, and theories got wild. But the truth is even stranger: a tiny male pufferfish spends days fanning sand, sculpting valleys, and decorating his “circle” with shells just to impress a mate. It’s one of nature’s best-kept secrets, hiding in plain sight beneath the waves. And here’s the twist — this adorable architect carries a toxin powerful enough to stop a human heart. In this video, we uncover how this little fish creates masterpieces and why its beauty comes with danger.

Animation is created by Bright Side. 
---------------------------------------------------------------------------------------- 
Music from TheSoul Sound: https://thesoul-sound.com/ 

Check our Bright Side podcast on Spotify and leave a positive review! https://open.spotify.com/show/0hUkPxD34jRLrMrJux4VxV 
Subscribe to Bright Side: https://goo.gl/rQTJZz 
---------------------------------------------------------------------------------------- 
Our Social Media: 
Facebook: https://www.facebook.com/brightplanet/ 
Instagram: https://www.instagram.com/brightside.official 
TikTok: https://www.tiktok.com/@brightside.official?lang=en 

Stock materials (photos, footages and other): 
https://www.depositphotos.com 
https://www.shutterstock.com 
https://www.eastnews.ru 
---------------------------------------------------------------------------------------- 
For more videos and articles visit: http://www.brightside.me 
---------------------------------------------------------------------------------------- 
This video is made for entertainment purposes. We do not make any warranties about the completeness, safety and reliability. Any action you take upon the information in this video is strictly at your own risk, and we will not be liable for any damages or losses. It is the viewer's responsibility to use judgement, care and precaution if you plan to replicate.",2025-12-02T00:01:03Z,"['aquatic architecture', 'beautiful ocean patterns', 'brightside', 'deep sea discoveries', 'diver discoveries', 'earth', 'japanese seabed mystery', 'marine life secrets', 'marine science facts', 'mysterious ocean shapes', 'mystery', 'nature engineering', 'nature mysteries', 'nature wonders', 'ocean art', 'ocean documentary', 'ocean secrets revealed', 'planet', 'pufferfish circles', 'pufferfish danger', 'pufferfish toxin', 'sea creatures behavior', 'sea patterns explained', 'underwater crop circles', 'world']",24,en-US,en-US,https://i.ytimg.com/vi/nJ9aWWDS_Ck/default.jpg,https://i.ytimg.com/vi/nJ9aWWDS_Ck/hqdefault.jpg,PT8M50S,13544,218,12,public,UC4rlAVgAK0SGk-yTfe48Qpw,BRIGHT SIDE,"Whether you’re into recent discoveries, space exploration, true stories, fitness, fun tests, and riddles, or useful tips for self-improvement, psychology, gadgets, or just your day-to-day routine, there’s something for everyone!

You can expect all that and more coming at you in 3 top-quality videos every single day. If you’ve got a thirst for knowledge that never quits, then join a community of tens of millions and growing! We have a good time, so take your shoes off, kick back, and make yourself at home here on the Bright Side of life!

Good news! We launched a new app for you 👉 http://bit.ly/Bs3App7
Join the world's largest community of good people! 😉

For brand partnership enquires: brands@thesoul-publishing.com",,https://yt3.ggpht.com/BimIuq2UYH1h-GQDEiV89I1dUEtpWVR8Mp_Q516vPN8rLw488Ap1G9ALhPUyqN8_HTPMbawTBDk=s88-c-k-c0x00ffffff-no-rj,44700000,10844
KtHE3QxYGpQ,Something Weird Is Happening in the Moon’s Biggest Crater - NASA's Going There,"Something is seriously off inside the Moon’s largest and oldest crater… and NASA wants answers. Deep under the South Pole–Aitken Basin, scientists found a mysterious mass of metal — so massive it could change everything we think we know about the Moon’s past. Is it leftover from an ancient impact? A chunk of a lost asteroid? Or something we’ve never seen before? Whatever it is, it’s pulling on the lunar surface in ways that defy expectations. In this video, we’re diving into why NASA is racing to investigate this strange anomaly — and what they expect to find when they get there.

Animation is created by Bright Side. 
---------------------------------------------------------------------------------------- 
Music from TheSoul Sound: https://thesoul-sound.com/ 

Check our Bright Side podcast on Spotify and leave a positive review! https://open.spotify.com/show/0hUkPxD34jRLrMrJux4VxV 
Subscribe to Bright Side: https://goo.gl/rQTJZz 
---------------------------------------------------------------------------------------- 
Our Social Media: 
Facebook: https://www.facebook.com/brightplanet/ 
Instagram: https://www.instagram.com/brightside.official 
TikTok: https://www.tiktok.com/@brightside.official?lang=en 

Stock materials (photos, footages and other): 
https://www.depositphotos.com 
https://www.shutterstock.com 
https://www.eastnews.ru 
---------------------------------------------------------------------------------------- 
For more videos and articles visit: http://www.brightside.me 
---------------------------------------------------------------------------------------- 
This video is made for entertainment purposes. We do not make any warranties about the completeness, safety and reliability. Any action you take upon the information in this video is strictly at your own risk, and we will not be liable for any damages or losses. It is the viewer's responsibility to use judgement, care and precaution if you plan to replicate.",2025-12-01T22:00:32Z,"['brightside', 'lunar anomalies explained', 'lunar geology', 'lunar mission goals', 'lunar secrets', 'moon anomaly', 'moon biggest crater', 'moon crater mystery', 'moon research', 'moon science update', 'moon south pole', 'moon surface secrets', 'mysterious lunar mass', 'mysterious space objects', 'mystery', 'nasa investigation', 'nasa moon mission', 'nasa plans moon', 'new nasa discovery', 'solar system mysteries', 'south pole aitken basin', 'space documentary', 'space exploration 2025']",24,en-US,en-US,https://i.ytimg.com/vi/KtHE3QxYGpQ/default.jpg,https://i.ytimg.com/vi/KtHE3QxYGpQ/hqdefault.jpg,PT10M9S,13420,186,13,public,UC4rlAVgAK0SGk-yTfe48Qpw,BRIGHT SIDE,"Whether you’re into recent discoveries, space exploration, true stories, fitness, fun tests, and riddles, or useful tips for self-improvement, psychology, gadgets, or just your day-to-day routine, there’s something for everyone!

You can expect all that and more coming at you in 3 top-quality videos every single day. If you’ve got a thirst for knowledge that never quits, then join a community of tens of millions and growing! We have a good time, so take your shoes off, kick back, and make yourself at home here on the Bright Side of life!

Good news! We launched a new app for you 👉 http://bit.ly/Bs3App7
Join the world's largest community of good people! 😉

For brand partnership enquires: brands@thesoul-publishing.com",,https://yt3.ggpht.com/BimIuq2UYH1h-GQDEiV89I1dUEtpWVR8Mp_Q516vPN8rLw488Ap1G9ALhPUyqN8_HTPMbawTBDk=s88-c-k-c0x00ffffff-no-rj,44700000,10844
vbdOrlY0JsU,Scientists Recreated Meteorite Substance That Can Save The Earth,"Scientists have done something incredible — they recreated a rare substance found only inside certain meteorites, and it may become one of the strongest tools we have to protect our planet. This material forms under extreme cosmic conditions, and now researchers have managed to make it right here on Earth. Why does that matter? Because this substance could help shield spacecraft, build tougher technology, or even form the basis of future planetary-defense systems. In this video, we’ll explore how scientists managed to reproduce it, what makes it so extraordinary, and why something born in deep space might one day save us from deep-space threats.

Animation is created by Bright Side. 
---------------------------------------------------------------------------------------- 
Music from TheSoul Sound: https://thesoul-sound.com/ 

Check our Bright Side podcast on Spotify and leave a positive review! https://open.spotify.com/show/0hUkPxD34jRLrMrJux4VxV 
Subscribe to Bright Side: https://goo.gl/rQTJZz 
---------------------------------------------------------------------------------------- 
Our Social Media: 
Facebook: https://www.facebook.com/brightplanet/ 
Instagram: https://www.instagram.com/brightside.official 
TikTok: https://www.tiktok.com/@brightside.official?lang=en 

Stock materials (photos, footages and other): 
https://www.depositphotos.com 
https://www.shutterstock.com 
https://www.eastnews.ru 
---------------------------------------------------------------------------------------- 
For more videos and articles visit: http://www.brightside.me 
---------------------------------------------------------------------------------------- 
This video is made for entertainment purposes. We do not make any warranties about the completeness, safety and reliability. Any action you take upon the information in this video is strictly at your own risk, and we will not be liable for any damages or losses. It is the viewer's responsibility to use judgement, care and precaution if you plan to replicate.",2025-12-01T18:20:20Z,"['asteroid defense ideas', 'brightside', 'brightsideglobal', 'cosmic breakthroughs', 'cosmic minerals', 'cosmic science news', 'deep space minerals', 'earth safety research', 'earth saving technology', 'extreme conditions science', 'meteorite lab recreation', 'meteorite mysteries', 'nasa research', 'planet', 'planetary defense breakthrough', 'rare meteorite material', 'scientific discovery', 'space documentary', 'space engineering', 'space innovation', 'space material science', 'space protection tech']",24,en-US,en-US,https://i.ytimg.com/vi/vbdOrlY0JsU/default.jpg,https://i.ytimg.com/vi/vbdOrlY0JsU/hqdefault.jpg,PT17M37S,5314,102,7,public,UC4rlAVgAK0SGk-yTfe48Qpw,BRIGHT SIDE,"Whether you’re into recent discoveries, space exploration, true stories, fitness, fun tests, and riddles, or useful tips for self-improvement, psychology, gadgets, or just your day-to-day routine, there’s something for everyone!

You can expect all that and more coming at you in 3 top-quality videos every single day. If you’ve got a thirst for knowledge that never quits, then join a community of tens of millions and growing! We have a good time, so take your shoes off, kick back, and make yourself at home here on the Bright Side of life!

Good news! We launched a new app for you 👉 http://bit.ly/Bs3App7
Join the world's largest community of good people! 😉

For brand partnership enquires: brands@thesoul-publishing.com",,https://yt3.ggpht.com/BimIuq2UYH1h-GQDEiV89I1dUEtpWVR8Mp_Q516vPN8rLw488Ap1G9ALhPUyqN8_HTPMbawTBDk=s88-c-k-c0x00ffffff-no-rj,44700000,10844
8pF7a8AGgS4,Strangest Deep Sea Giants That Make the Ocean Truly Scary,"Dive into the strangest and most fascinating mysteries of the ocean. From gigantic creatures that evolved in the cold darkness to bizarre animals you’d never want to meet on a beach day, this video reveals how wild and unpredictable the underwater world can be. Discover why the deep sea creates giants, learn how storms bring hidden monsters to the surface, and explore the incredible adaptations that let these creatures survive in conditions humans can barely imagine.
Animation is created by Bright Side. 
---------------------------------------------------------------------------------------- 
Music from TheSoul Sound: https://thesoul-sound.com/ 

Check our Bright Side podcast on Spotify and leave a positive review! https://open.spotify.com/show/0hUkPxD34jRLrMrJux4VxV 
Subscribe to Bright Side: https://goo.gl/rQTJZz 
---------------------------------------------------------------------------------------- 
Our Social Media: 
Facebook: https://www.facebook.com/brightplanet/ 
Instagram: https://www.instagram.com/brightside.official 
TikTok: https://www.tiktok.com/@brightside.official?lang=en 

Stock materials (photos, footages and other): 
https://www.depositphotos.com 
https://www.shutterstock.com 
https://www.eastnews.ru 
---------------------------------------------------------------------------------------- 
For more videos and articles visit: http://www.brightside.me 
---------------------------------------------------------------------------------------- 
This video is made for entertainment purposes. We do not make any warranties about the completeness, safety and reliability. Any action you take upon the information in this video is strictly at your own risk, and we will not be liable for any damages or losses. It is the viewer's responsibility to use judgement, care and precaution if you plan to replicate.",2025-12-01T16:00:28Z,"['animal facts', 'brightside', 'brightsideglobal', 'creepy ocean creatures', 'curiosities', 'deep ocean creatures', 'deep sea', 'deep sea animals', 'deep sea exploration', 'deep sea giants', 'deep sea horror', 'earth', 'giant isopod', 'giant sea animals', 'marine life', 'mystery', 'ocean creatures', 'ocean facts', 'ocean giants', 'ocean mysteries', 'ocean science', 'planet', 'scary ocean', 'sea monsters', 'strange sea animals', 'underwater world', 'wild ocean', 'world']",24,en,en,https://i.ytimg.com/vi/8pF7a8AGgS4/default.jpg,https://i.ytimg.com/vi/8pF7a8AGgS4/hqdefault.jpg,PT17M25S,5640,121,7,public,UC4rlAVgAK0SGk-yTfe48Qpw,BRIGHT SIDE,"Whether you’re into recent discoveries, space exploration, true stories, fitness, fun tests, and riddles, or useful tips for self-improvement, psychology, gadgets, or just your day-to-day routine, there’s something for everyone!

You can expect all that and more coming at you in 3 top-quality videos every single day. If you’ve got a thirst for knowledge that never quits, then join a community of tens of millions and growing! We have a good time, so take your shoes off, kick back, and make yourself at home here on the Bright Side of life!

Good news! We launched a new app for you 👉 http://bit.ly/Bs3App7
Join the world's largest community of good people! 😉

For brand partnership enquires: brands@thesoul-publishing.com",,https://yt3.ggpht.com/BimIuq2UYH1h-GQDEiV89I1dUEtpWVR8Mp_Q516vPN8rLw488Ap1G9ALhPUyqN8_HTPMbawTBDk=s88-c-k-c0x00ffffff-no-rj,44700000,10844
LaewAg_LnH4,Why Kuwait Built This $5B City in the Middle of the Desert,"Two of the most ambitious desert megaprojects ever attempted and the shocking truth behind them. In Kuwait, engineers carved an entire Sea City out of empty desert, creating 120 miles of artificial coastline and building neighborhoods around man-made lagoons. But why spend billions turning sand into water? Meanwhile in Saudi Arabia, the futuristic $2 trillion LINE city promised to reshape how humans live yet the project is now collapsing under its own weight. What really happened behind the scenes, and why is this bold vision falling apart?
Animation is created by Bright Side. 
---------------------------------------------------------------------------------------- 
Music from TheSoul Sound: https://thesoul-sound.com/ 

Check our Bright Side podcast on Spotify and leave a positive review! https://open.spotify.com/show/0hUkPxD34jRLrMrJux4VxV 
Subscribe to Bright Side: https://goo.gl/rQTJZz 
---------------------------------------------------------------------------------------- 
Our Social Media: 
Facebook: https://www.facebook.com/brightplanet/ 
Instagram: https://www.instagram.com/brightside.official 
TikTok: https://www.tiktok.com/@brightside.official?lang=en 

Stock materials (photos, footages and other): 
https://www.depositphotos.com 
https://www.shutterstock.com 
https://www.eastnews.ru 
---------------------------------------------------------------------------------------- 
For more videos and articles visit: http://www.brightside.me 
---------------------------------------------------------------------------------------- 
This video is made for entertainment purposes. We do not make any warranties about the completeness, safety and reliability. Any action you take upon the information in this video is strictly at your own risk, and we will not be liable for any damages or losses. It is the viewer's responsibility to use judgement, care and precaution if you plan to replicate.",2025-12-01T10:21:17Z,"['artificial lagoon city', 'brightside', 'brightsideglobal', 'curiosities', 'desert construction', 'desert engineering', 'earth', 'future cities', 'infrastructure megaprojects', 'kuwait megaproject', 'mega project', 'middle east projects', 'mystery', 'neom project', 'planet', 'sabah al ahmad sea city', 'saudi arabia the line', 'saudi megaproject fail', 'sea city kuwait', 'the line megacity', 'urban engineering', 'why megaprojects fail', 'world']",27,en,en-US,https://i.ytimg.com/vi/LaewAg_LnH4/default.jpg,https://i.ytimg.com/vi/LaewAg_LnH4/hqdefault.jpg,PT17M54S,8278,180,7,public,UC4rlAVgAK0SGk-yTfe48Qpw,BRIGHT SIDE,"Whether you’re into recent discoveries, space exploration, true stories, fitness, fun tests, and riddles, or useful tips for self-improvement, psychology, gadgets, or just your day-to-day routine, there’s something for everyone!

You can expect all that and more coming at you in 3 top-quality videos every single day. If you’ve got a thirst for knowledge that never quits, then join a community of tens of millions and growing! We have a good time, so take your shoes off, kick back, and make yourself at home here on the Bright Side of life!

Good news! We launched a new app for you 👉 http://bit.ly/Bs3App7
Join the world's largest community of good people! 😉

For brand partnership enquires: brands@thesoul-publishing.com",,https://yt3.ggpht.com/BimIuq2UYH1h-GQDEiV89I1dUEtpWVR8Mp_Q516vPN8rLw488Ap1G9ALhPUyqN8_HTPMbawTBDk=s88-c-k-c0x00ffffff-no-rj,44700000,10844
DdfBR-nSZ2g,Scientists Create the First Model That Could Allow Time Travel,"Scientists have just revealed a theoretical model that sounds like it was ripped straight out of science fiction — but it’s real physics, not fantasy. This new idea suggests there might be a way to bend spacetime so intensely that you could loop back and revisit a moment in the past. It’s not a time machine yet, but it’s the closest we’ve ever come to a roadmap. And the craziest part? The equations don’t break the laws of physics… at least not the ones we know today. In this video, we dive into how this mind-bending model works, why it’s blowing scientists’ minds, and what it would mean if time travel stopped being fiction and started becoming a possibility.
Credit:
Justice League / Warner Bros.
Back to the Future Part II / Universal Pictures
Back to the Future / Universal Pictures
Stargate / Canal+
Synchronic / Patriot Pictures
The Langoliers / Alliance Films
Loki / Marvel Studios
Clockstoppers / Paramount Pictures
The Flash / DC Films
Lost in Space / New Line Cinema
Star Trek Into Darkness / Paramount Pictures
Star Trek Beyond / Paramount Pictures
The Terminator / Hemdale
CC BY 2.0 https://creativecommons.org/licenses/by/2.0:
Miguel Alcubierre Moya: By Campus Party Mexico powered by MoviStar (alviseni) - https://flic.kr/p/a6jLQc, CC BY 2.0, https://commons.wikimedia.org/w/index.php?curid=19087552
CC BY-SA 3.0 https://creativecommons.org/licenses/by-sa/3.0/:
Moebiusband wikipedia animation: By MatthiasKabel, https://commons.wikimedia.org/wiki/File:Moebiusband_wikipedia_animation.ogv
CC BY-SA 4.0 https://creativecommons.org/licenses/by-sa/4.0:
Animation is created by Bright Side.

---------------------------------------------------------------------------------------- 
Music from TheSoul Sound: https://thesoul-sound.com/ 

Check our Bright Side podcast on Spotify and leave a positive review! https://open.spotify.com/show/0hUkPxD34jRLrMrJux4VxV 
Subscribe to Bright Side: https://goo.gl/rQTJZz 
---------------------------------------------------------------------------------------- 
Our Social Media: 
Facebook: https://www.facebook.com/brightplanet/ 
Instagram: https://www.instagram.com/brightside.official 
TikTok: https://www.tiktok.com/@brightside.official?lang=en 

Stock materials (photos, footages and other): 
https://www.depositphotos.com 
https://www.shutterstock.com 
https://www.eastnews.ru 
---------------------------------------------------------------------------------------- 
For more videos and articles visit: http://www.brightside.me 
---------------------------------------------------------------------------------------- 
This video is made for entertainment purposes. We do not make any warranties about the completeness, safety and reliability. Any action you take upon the information in this video is strictly at your own risk, and we will not be liable for any damages or losses. It is the viewer's responsibility to use judgement, care and precaution if you plan to replicate.",2025-12-01T00:00:30Z,"['brightside', 'closed timelike curves', 'cosmic mysteries', 'future science concepts', 'impossible science', 'mystery', 'new physics breakthrough', 'quantum physics ideas', 'science breakthroughs', 'scientific discovery 2025', 'scientists discover time travel', 'space and time explained', 'spacetime bending theory', 'spacetime theory', 'time loop physics', 'time machine theory', 'time paradox ideas', 'time travel', 'time travel documentary', 'time travel model', 'time travel science', 'timelike curves', 'wormhole theory']",24,en-US,en-US,https://i.ytimg.com/vi/DdfBR-nSZ2g/default.jpg,https://i.ytimg.com/vi/DdfBR-nSZ2g/hqdefault.jpg,PT9M16S,33863,603,79,public,UC4rlAVgAK0SGk-yTfe48Qpw,BRIGHT SIDE,"Whether you’re into recent discoveries, space exploration, true stories, fitness, fun tests, and riddles, or useful tips for self-improvement, psychology, gadgets, or just your day-to-day routine, there’s something for everyone!

You can expect all that and more coming at you in 3 top-quality videos every single day. If you’ve got a thirst for knowledge that never quits, then join a community of tens of millions and growing! We have a good time, so take your shoes off, kick back, and make yourself at home here on the Bright Side of life!

Good news! We launched a new app for you 👉 http://bit.ly/Bs3App7
Join the world's largest community of good people! 😉

For brand partnership enquires: brands@thesoul-publishing.com",,https://yt3.ggpht.com/BimIuq2UYH1h-GQDEiV89I1dUEtpWVR8Mp_Q516vPN8rLw488Ap1G9ALhPUyqN8_HTPMbawTBDk=s88-c-k-c0x00ffffff-no-rj,44700000,10844
bx-aREM0HeA,Disturbing Truth About Profiting from the Titanic Wreck,"Step into one of the most controversial chapters of maritime history. The Titanic wreck isn’t just a tragedy frozen in time — it’s become a source of profit, debate, and ethical questions. Many people don’t realize how much money has quietly circulated around its artifacts, expeditions, and exhibitions. In this video, we uncover how the world turned a disaster into a multi-million-dollar industry. And trust me, the deeper you go, the stranger it gets. Let’s explore the disturbing truth behind profiting from the Titanic’s grave.
Credit:
Rosarito-titanic: By Winstonlee, FAL, https://commons.wikimedia.org/w/index.php?curid=2219175
CC BY 3.0 https://creativecommons.org/licenses/by/3.0:
Titanic Museum 2021: By Sathiya's Vlog / YouTube, https://commons.wikimedia.org/wiki/File:Inside_the_Titanic_Museum_2021_in_Tamil_--_Branson_--_Missouri_--_USA.webm
CC BY 2.0 https://creativecommons.org/licenses/by/2.0:
Dr Robert Ballard: By Titanic Belfast - https://flic.kr/p/CLhVVn, https://commons.wikimedia.org/w/index.php?curid=85383233
Titanic's Marconi appartus: By Cliff1066, https://commons.wikimedia.org/w/index.php?curid=10317211
CC BY-SA 3.0 https://creativecommons.org/licenses/by-sa/3.0/:
James Cameron October 2012: By Angela George, https://commons.wikimedia.org/w/index.php?curid=65001758
Titanic's bolts: By User 699, https://commons.wikimedia.org/w/index.php?curid=33988402
CC BY-SA 2.0 https://creativecommons.org/licenses/by-sa/2.0:
Titanic watch: By Digiblue, https://commons.wikimedia.org/w/index.php?curid=18465481
CC BY 4.0 https://creativecommons.org/licenses/by/4.0:
Mir-2: By Иркутский научный центр СО РАН, https://commons.wikimedia.org/w/index.php?curid=103492646
Sidney Goodwin’s Shoes: By Piratesswoop, https://commons.wikimedia.org/w/index.php?curid=150181151
Animation is created by Bright Side.

----------------------------------------------------------------------------------------
Music from TheSoul Sound: https://thesoul-sound.com/
 
Check our Bright Side podcast on Spotify and leave a positive review! https://open.spotify.com/show/0hUkPxD34jRLrMrJux4VxV
 
Subscribe to Bright Side: https://goo.gl/rQTJZz
----------------------------------------------------------------------------------------
Our Social Media:
Facebook: https://www.facebook.com/brightside
Instagram: https://www.instagram.com/brightside.official
TikTok: https://www.tiktok.com/@brightside.official?lang=en
Telegram: https://t.me/bright_side_official
 
Stock materials (photos, footages and other):
https://www.depositphotos.com
https://www.shutterstock.com
https://www.eastnews.ru
----------------------------------------------------------------------------------------
 For more videos and articles visit:
http://www.brightside.me
 ----------------------------------------------------------------------------------------
This video is made for entertainment purposes. We do not make any warranties about the completeness, safety and reliability. Any action you take upon the information in this video is strictly at your own risk, and we will not be liable for any damages or losses. It is the viewer's responsibility to use judgement, care and precaution if you plan to replicate.",2025-11-30T23:00:49Z,"['brightside', 'brightsideglobal', 'deep ocean truth', 'deep sea mysteries', 'expedition controversy', 'great shipwrecks', 'lost ship secrets', 'maritime history', 'mystery', 'ocean graveyard', 'ocean secrets', 'planet', 'real titanic story', 'shipwreck industry', 'shipwreck secrets', 'sunken ship mysteries', 'titanic', 'titanic artifacts', 'titanic documentary', 'titanic ethics', 'titanic money trail', 'titanic museum', 'titanic profit scandal', 'titanic treasures', 'underwater exploration', 'wreck discovery']",24,en-US,en-US,https://i.ytimg.com/vi/bx-aREM0HeA/default.jpg,https://i.ytimg.com/vi/bx-aREM0HeA/hqdefault.jpg,PT9M31S,3997,81,8,public,UC4rlAVgAK0SGk-yTfe48Qpw,BRIGHT SIDE,"Whether you’re into recent discoveries, space exploration, true stories, fitness, fun tests, and riddles, or useful tips for self-improvement, psychology, gadgets, or just your day-to-day routine, there’s something for everyone!

You can expect all that and more coming at you in 3 top-quality videos every single day. If you’ve got a thirst for knowledge that never quits, then join a community of tens of millions and growing! We have a good time, so take your shoes off, kick back, and make yourself at home here on the Bright Side of life!

Good news! We launched a new app for you 👉 http://bit.ly/Bs3App7
Join the world's largest community of good people! 😉

For brand partnership enquires: brands@thesoul-publishing.com",,https://yt3.ggpht.com/BimIuq2UYH1h-GQDEiV89I1dUEtpWVR8Mp_Q516vPN8rLw488Ap1G9ALhPUyqN8_HTPMbawTBDk=s88-c-k-c0x00ffffff-no-rj,44700000,10844
